"rule","split_seed","pair_id","global_component","candidate_fold"
"record_balanced_original_rule","20260624","0061FDD63A9589E0F8DE63C14158AE0D7C2EFEA3B015661DFE818A0E19A9B3BA","rbv01_021729FAD057771AC5A3F59730477FE06019418FF0104B829F6E153E2D91134D","3"
"record_balanced_original_rule","20260624","0080E6935843F863371E22F1CED37652FDA5B361294A300C303F6F705AA482B4","rbv01_054201B2ED3ADADFBB0028C07B1A262219631DC717FDE4862C42583AB67D10C2","1"
"record_balanced_original_rule","20260624","01173CA8D64B41CA73353EABAA22D6075C16661C4227663F22DD9506467B1F95","rbv01_08EC8F274B3390CA9A557C1810F52FE38EAF9404CF035F8A1D70A5AAAFA3EA60","2"
"record_balanced_original_rule","20260624","015160EA6BB4FCD3BB38609CAD7C88EE690FF803C17973E56817138E36218C8B","rbv01_4A6CDC7218F267E114B083B225FC435EA4AECE9A8307DC39925FE5F442FDB97A","3"
"record_balanced_original_rule","20260624","01732DDCA3B8093BB6CE8F49ECEED5DECEEFFAA9A4A41C13D60DF0A753765CC7","rbv01_0213C5737861DD256119EF44D45CD1CECAF08BA1B29FE2AD47F7CEE0237AF618","0"
"record_balanced_original_rule","20260624","01B62D200C27D3EC84F62AAEC723BD902A8BBD3E6E87C93AAB51CEE8969C529F","rbv01_0213C5737861DD256119EF44D45CD1CECAF08BA1B29FE2AD47F7CEE0237AF618","0"
"record_balanced_original_rule","20260624","01D427590EE36074DCC8FCB945C46BD0191C8A1B7F383BEB6FA7D98BF5206463","rbv01_0213C5737861DD256119EF44D45CD1CECAF08BA1B29FE2AD47F7CEE0237AF618","0"
"record_balanced_original_rule","20260624","0224624C74589B7009210AB854F93613FBED5F4AC0208DEB5E6B4BEBC86DA932","rbv01_0213C5737861DD256119EF44D45CD1CECAF08BA1B29FE2AD47F7CEE0237AF618","0"
"record_balanced_original_rule","20260624","022F25D57529CF917A393BB2086AF70DA919073F900F4C6110D0FD616DDC1712","rbv01_08EC8F274B3390CA9A557C1810F52FE38EAF9404CF035F8A1D70A5AAAFA3EA60","2"
"record_balanced_original_rule","20260624","02B6DB525CB4AE3736D1536DC884F9D70D6C680F4F6D892EA7B8533A29FD0CA7","rbv01_0E9E0FC3E20BED0F32C5DF6A0164CCE77E206A06E5378ED855756B22A2C4F6E6","3"
"record_balanced_original_rule","20260624","02C713D01C5A665E383BD56BABA3CFC71A046A7666C95067906781F03470DC70","rbv01_011B84DDF86961F6053ED2B20908582AF6425C6EFA13305F705F7C498093367C","1"
"record_balanced_original_rule","20260624","02C825DDCFAB00225FFF41D33B28B73D12DB6961A655473C157555F7555FD637","rbv01_011B84DDF86961F6053ED2B20908582AF6425C6EFA13305F705F7C498093367C","1"
"record_balanced_original_rule","20260624","02CA4F8686BFB39493A0D903E1F41376CCCD09E06FAA21EEE8EAE01A6ED7E8EB","rbv01_0213C5737861DD256119EF44D45CD1CECAF08BA1B29FE2AD47F7CEE0237AF618","0"
"record_balanced_original_rule","20260624","02E1A4918E4B7ACF5DB0D5D0425AD147327344CB0367E980423E8D7374778A80","rbv01_0213C5737861DD256119EF44D45CD1CECAF08BA1B29FE2AD47F7CEE0237AF618","0"
"record_balanced_original_rule","20260624","04201813CB5EB8C43055740E1BC8C61D5BDA8DF6B16DA79A004D1A430F22119E","rbv01_046276E5E1EC434CD47FE2E1D4137204B7C79D59E90B81B5BFE9A77BC6C0BB54","2"
"record_balanced_original_rule","20260624","04931D25C1F44AB449179B7B97D5C80EA07F9438A95F6042D248E6EC0543AAA5","rbv01_0213C5737861DD256119EF44D45CD1CECAF08BA1B29FE2AD47F7CEE0237AF618","0"
"record_balanced_original_rule","20260624","04E6F7AFFB70291035C0698755DAE72AF8E7F2BBD25CB3117EBB6720069B212A","rbv01_054201B2ED3ADADFBB0028C07B1A262219631DC717FDE4862C42583AB67D10C2","1"
"record_balanced_original_rule","20260624","05468E4407395D15B86B9118FC2220FEE75CE3D6644C2E8FA84BAFF7AAC9ABCC","rbv01_046276E5E1EC434CD47FE2E1D4137204B7C79D59E90B81B5BFE9A77BC6C0BB54","2"
"record_balanced_original_rule","20260624","056447EAE83F22AEDB8B0E70EAC23727D3F402A7C366B66179822FBA94ECB519","rbv01_25A206590D1048D18147FD26B701861897281071258782AED6A00779FFF7210A","1"
"record_balanced_original_rule","20260624","05D102CFE0A022959182E3697C6FDBF4B37F7484322D1EA1176266C07C283D80","rbv01_011B84DDF86961F6053ED2B20908582AF6425C6EFA13305F705F7C498093367C","1"
"record_balanced_original_rule","20260624","05FEAE50B99BB6C53EBDD01604C3ACD41F0E0CAC9C82C968B701399113482864","rbv01_0213C5737861DD256119EF44D45CD1CECAF08BA1B29FE2AD47F7CEE0237AF618","0"
"record_balanced_original_rule","20260624","062C0B673690BF10490C581B0E6D60D44DA32B58E9EEA8F9E9BFC908D240C50C","rbv01_011B84DDF86961F6053ED2B20908582AF6425C6EFA13305F705F7C498093367C","1"
"record_balanced_original_rule","20260624","06AD68D1F58A1F9A422A033615D43879250C8F791DB0044B4B6F93E934B8D78A","rbv01_0A5AC21E5BA740588E2CBBCCF2F521223BEEC9FB27076F153A79601562B5DA7C","2"
"record_balanced_original_rule","20260624","0714EEE54C60B77E1C5F77EF006913ED2AA6140C698EEFF6A3F9B2430E2F98D5","rbv01_2358EC0C12B602E4B7C5F9C580844910C6D49ACB512E9988307B46ECAFCD07F3","4"
"record_balanced_original_rule","20260624","07D9F2B8743D65E2F6CA53F411B44C777D6DCBD6BA2B422D1AF5CF9A6957548D","rbv01_011B84DDF86961F6053ED2B20908582AF6425C6EFA13305F705F7C498093367C","1"
"record_balanced_original_rule","20260624","0819A80095FC07750FDAB70005323B69F9A3D5E6E409E7799432EB36F861CF18","rbv01_021729FAD057771AC5A3F59730477FE06019418FF0104B829F6E153E2D91134D","3"
"record_balanced_original_rule","20260624","08EB3F7B1EB1462E0CF9408933A5A5BE353E25FFE10DE7E129600A4ECDB8897F","rbv01_0213C5737861DD256119EF44D45CD1CECAF08BA1B29FE2AD47F7CEE0237AF618","0"
"record_balanced_original_rule","20260624","090FD6127F49544702933BCDD1372A4A75D44F60166DAACD9A38C82AE9C55B5C","rbv01_011B84DDF86961F6053ED2B20908582AF6425C6EFA13305F705F7C498093367C","1"
"record_balanced_original_rule","20260624","09A9D5AF92B12CA7837DB8B0E7908602292F6BB5F1DF590D1A2F67804882F3B2","rbv01_147C763D2DD7A735DC5DA68C31ECD7579510C8C8494E1BBB99D46B386B713D84","3"
"record_balanced_original_rule","20260624","0A63D723E907E4CCC98B812AA979CE73F104DCE8A42593682368DB168708E790","rbv01_0213C5737861DD256119EF44D45CD1CECAF08BA1B29FE2AD47F7CEE0237AF618","0"
"record_balanced_original_rule","20260624","0A66FD35432B3AC8C144F906DC2DF169F8DE2B1BBDFA5FB7C68BA571FC315EFA","rbv01_011B84DDF86961F6053ED2B20908582AF6425C6EFA13305F705F7C498093367C","1"
"record_balanced_original_rule","20260624","0A6A3B9DF47CC0D7F144ACC201811B1B4F630DF24952B02D1F7C7C97C89E482C","rbv01_011B84DDF86961F6053ED2B20908582AF6425C6EFA13305F705F7C498093367C","1"
"record_balanced_original_rule","20260624","0AC0C2BA7EC6F63B9029A78A263020D48A9AC21B2045F772008B896030BAFD8B","rbv01_0213C5737861DD256119EF44D45CD1CECAF08BA1B29FE2AD47F7CEE0237AF618","0"
"record_balanced_original_rule","20260624","0AD6A6F712BEF991034FD0EFA0A9FA8B16771CFE2434F42CB8F21B9D5B62CFCD","rbv01_0213C5737861DD256119EF44D45CD1CECAF08BA1B29FE2AD47F7CEE0237AF618","0"
"record_balanced_original_rule","20260624","0B0BE09EDE55A9B7EDAF27D24BB8801F04E4B730E81C443A9C62F47568950556","rbv01_0213C5737861DD256119EF44D45CD1CECAF08BA1B29FE2AD47F7CEE0237AF618","0"
"record_balanced_original_rule","20260624","0B2710EEFB0AEC9086720EAF19889112AB4CA3AC4D214E588555896F9D8DA6E9","rbv01_0213C5737861DD256119EF44D45CD1CECAF08BA1B29FE2AD47F7CEE0237AF618","0"
"record_balanced_original_rule","20260624","0B619E42C58E8800FA3F72CFE0F9A7038FEEA8ECBA4F3368C19810B77810EE8F","rbv01_0213C5737861DD256119EF44D45CD1CECAF08BA1B29FE2AD47F7CEE0237AF618","0"
"record_balanced_original_rule","20260624","0BEAB251B21B2F18803E2FBE3B2A1D288CE897FF912456D7BDEDB3749D6E9CFF","rbv01_0213C5737861DD256119EF44D45CD1CECAF08BA1B29FE2AD47F7CEE0237AF618","0"
"record_balanced_original_rule","20260624","0C14522EA93737DE24B293D2AA8E87339EB2F7AF5ABF547B3B56383EB5F5FCDD","rbv01_0213C5737861DD256119EF44D45CD1CECAF08BA1B29FE2AD47F7CEE0237AF618","0"
"record_balanced_original_rule","20260624","0C66AF5E40E6CE895652A7CD8C9284B65F2E397DC44D0928BF1004DF4B9E035F","rbv01_0213C5737861DD256119EF44D45CD1CECAF08BA1B29FE2AD47F7CEE0237AF618","0"
"record_balanced_original_rule","20260624","0C7CF3DF946AD4342F127AF7D191006E5B360903329F960639B9944B267906F1","rbv01_0213C5737861DD256119EF44D45CD1CECAF08BA1B29FE2AD47F7CEE0237AF618","0"
"record_balanced_original_rule","20260624","0CAC64E3E0BE70E1A5156C24FE14C5B23C51F2365A93A57E72C91EA7C7E4226D","rbv01_147C763D2DD7A735DC5DA68C31ECD7579510C8C8494E1BBB99D46B386B713D84","3"
"record_balanced_original_rule","20260624","0CFAE359EAED8EF244CD77956D2072CE44EDB70DFE9CE147B9DD148A8F57E1E5","rbv01_011B84DDF86961F6053ED2B20908582AF6425C6EFA13305F705F7C498093367C","1"
"record_balanced_original_rule","20260624","0CFE81AB6FCD84E3B8A6D0DA25E64957E294A3B9F76569D17DEBE5A59079BF6E","rbv01_011B84DDF86961F6053ED2B20908582AF6425C6EFA13305F705F7C498093367C","1"
"record_balanced_original_rule","20260624","0D5A2B84CEB02895537AFA84D02B08F710DF7A01663C27226B426D4EAE944AF3","rbv01_0213C5737861DD256119EF44D45CD1CECAF08BA1B29FE2AD47F7CEE0237AF618","0"
"record_balanced_original_rule","20260624","0D67D5C42CB946C4A87DBE760DE0B5437E00DE21F8615056D9D8AA56472A876A","rbv01_0213C5737861DD256119EF44D45CD1CECAF08BA1B29FE2AD47F7CEE0237AF618","0"
"record_balanced_original_rule","20260624","0D93443DF310A9AE80A43C8AAA91E394CDE962B7C2D5CF9FCEDB145440AF25FD","rbv01_011B84DDF86961F6053ED2B20908582AF6425C6EFA13305F705F7C498093367C","1"
"record_balanced_original_rule","20260624","0E5E28FFD9434148C037DCCA9C6877C954984743A4233827C9C832E3E5FF8282","rbv01_2358EC0C12B602E4B7C5F9C580844910C6D49ACB512E9988307B46ECAFCD07F3","4"
"record_balanced_original_rule","20260624","0E81E63321C6654EB47112AB8183C3A6B26BFA621C72D4D2DC976093DA5098F2","rbv01_0213C5737861DD256119EF44D45CD1CECAF08BA1B29FE2AD47F7CEE0237AF618","0"
"record_balanced_original_rule","20260624","0EA2AEC3AD3F8A1EC1F6526878889864C8754B9F1BCE951794217960BF6A7CD4","rbv01_2358EC0C12B602E4B7C5F9C580844910C6D49ACB512E9988307B46ECAFCD07F3","4"
"record_balanced_original_rule","20260624","0EA65BF3B5524C7169D8E41D492FEBEDC1BA9944501015BC9F104D0F31BBD011","rbv01_2358EC0C12B602E4B7C5F9C580844910C6D49ACB512E9988307B46ECAFCD07F3","4"
"record_balanced_original_rule","20260624","0EDC8181C2F56D60DCEC9E4E7B5CE87A78B2FFE93B3FC3AFB734876895B877CA","rbv01_054201B2ED3ADADFBB0028C07B1A262219631DC717FDE4862C42583AB67D10C2","1"
"record_balanced_original_rule","20260624","0F375B0A05F0699CF150CC1AFA659D834292624FEEFE5E51A88BB9BF479C302B","rbv01_2358EC0C12B602E4B7C5F9C580844910C6D49ACB512E9988307B46ECAFCD07F3","4"
"record_balanced_original_rule","20260624","104B294F723B91F803E4D1E14AF7BB5CC2E06DEF0EF94FE1E2D35B604C334885","rbv01_011B84DDF86961F6053ED2B20908582AF6425C6EFA13305F705F7C498093367C","1"
"record_balanced_original_rule","20260624","1086711E2DE32294F5474F7EA5DF50FDF8F4B822AF0E444D546D7E93EBA698BC","rbv01_011B84DDF86961F6053ED2B20908582AF6425C6EFA13305F705F7C498093367C","1"
"record_balanced_original_rule","20260624","10B762A0564C2BAB9355996BE431C752FDE3FC687DCEDD14DB258BA9C376C937","rbv01_25A206590D1048D18147FD26B701861897281071258782AED6A00779FFF7210A","1"
"record_balanced_original_rule","20260624","10BE3A136C58AF9A893FDA05FC433CE090C472A5275312F7B7C54A80B4FEB174","rbv01_2358EC0C12B602E4B7C5F9C580844910C6D49ACB512E9988307B46ECAFCD07F3","4"
"record_balanced_original_rule","20260624","10BEBB4C92A70B6B3A97CE3CEE1678819FFC9D4E106D5677E502481B5296383F","rbv01_021729FAD057771AC5A3F59730477FE06019418FF0104B829F6E153E2D91134D","3"
"record_balanced_original_rule","20260624","11097F5414AE795EA34851779E38F065A2A4D9D2F59D152415B19D7D7750F0BA","rbv01_25865A5FDDFF4A9F27EC5C10E5442A5D79D45CFAD482750F086BB81DD1C607F9","1"
"record_balanced_original_rule","20260624","11D7D89D367DC6E79264E387E41EDC13C9490061151B8C911726783D711F25BF","rbv01_25865A5FDDFF4A9F27EC5C10E5442A5D79D45CFAD482750F086BB81DD1C607F9","1"
"record_balanced_original_rule","20260624","1211B3E0D0BE400704C75BDF116B565CAEC2908BC6D659E3321553A72C3B9D8D","rbv01_2358EC0C12B602E4B7C5F9C580844910C6D49ACB512E9988307B46ECAFCD07F3","4"
"record_balanced_original_rule","20260624","121FBE2738689090C2C5A423A1B56F1D932DDFD3CFA4F8C8381CE8C39A17E490","rbv01_0213C5737861DD256119EF44D45CD1CECAF08BA1B29FE2AD47F7CEE0237AF618","0"
"record_balanced_original_rule","20260624","12A227F629593FC75D60CD7469FB1E74F6128D9192651E15B88EEBB96B3C716F","rbv01_0213C5737861DD256119EF44D45CD1CECAF08BA1B29FE2AD47F7CEE0237AF618","0"
"record_balanced_original_rule","20260624","135267A36F5C18F87A7B50679606ECAD17C77397F4B076D6899388B5F98F6321","rbv01_0213C5737861DD256119EF44D45CD1CECAF08BA1B29FE2AD47F7CEE0237AF618","0"
"record_balanced_original_rule","20260624","13C4BED3EF820252B9BD637DB0DF092E86DDC91DE16ABDE52862FF88A64E80F2","rbv01_0E9E0FC3E20BED0F32C5DF6A0164CCE77E206A06E5378ED855756B22A2C4F6E6","3"
"record_balanced_original_rule","20260624","13D9FAFB657D1E488B95EC0431B82EB8CFF6E14C836E5D5DCF2E761B67076A58","rbv01_0213C5737861DD256119EF44D45CD1CECAF08BA1B29FE2AD47F7CEE0237AF618","0"
"record_balanced_original_rule","20260624","13EBE38A37173BDB874B66567B47A0F0B0505C47A94B002AA7AF76B44CEABDCC","rbv01_0213C5737861DD256119EF44D45CD1CECAF08BA1B29FE2AD47F7CEE0237AF618","0"
"record_balanced_original_rule","20260624","14107958CC8EE0CB8870AF8FFEDC8B84CC531E5A22B9580AAC5653DA479D26AB","rbv01_0213C5737861DD256119EF44D45CD1CECAF08BA1B29FE2AD47F7CEE0237AF618","0"
"record_balanced_original_rule","20260624","14510BFD9E89704C9B62221B58504B5488D8F9567BC921BAA965BB284388F3F9","rbv01_0213C5737861DD256119EF44D45CD1CECAF08BA1B29FE2AD47F7CEE0237AF618","0"
"record_balanced_original_rule","20260624","145458613E22192B3C01C5612DB9EC32B58E1552A7B251F4EFF2918336FF3971","rbv01_021729FAD057771AC5A3F59730477FE06019418FF0104B829F6E153E2D91134D","3"
"record_balanced_original_rule","20260624","14762653E8B0658BCF5EEB03C39DEB000472206F0FD28EB087A988ABB9582515","rbv01_2358EC0C12B602E4B7C5F9C580844910C6D49ACB512E9988307B46ECAFCD07F3","4"
"record_balanced_original_rule","20260624","14CDC0F9F361F7B1C1E0688396800A63539D6CE6F34FB2A20A4035AD42127968","rbv01_021729FAD057771AC5A3F59730477FE06019418FF0104B829F6E153E2D91134D","3"
"record_balanced_original_rule","20260624","15156F1F14A29FB4B8182915819BF148763A4C6756D55AA17D3576DA737EBAA3","rbv01_0213C5737861DD256119EF44D45CD1CECAF08BA1B29FE2AD47F7CEE0237AF618","0"
"record_balanced_original_rule","20260624","1539A8D8F7C0EA6B3ECB3A77E1F6054BD3221914A776464307F3327967A93783","rbv01_0213C5737861DD256119EF44D45CD1CECAF08BA1B29FE2AD47F7CEE0237AF618","0"
"record_balanced_original_rule","20260624","1557BD690CF5FECBDAEACF96A0A1173C93FE013672F8FEA7C9E72FCE1F1ABF11","rbv01_2358EC0C12B602E4B7C5F9C580844910C6D49ACB512E9988307B46ECAFCD07F3","4"
"record_balanced_original_rule","20260624","158D4CEE96602BA3ED443396C4EB98F6655D2078CAE0861AF1F6310B1BD4498C","rbv01_24E94D68923D29AEF856F56175B9FAD71A2143AB1D61B0C7F522B1582143C11A","2"
"record_balanced_original_rule","20260624","15CC2CA183383CDF946FE4A6E9CACE8BD8C05BC0E9F0F792B15DE85B576C9DB2","rbv01_01C322D9FB99669376EAE9C000289E1B0BF73B04313F3AF1BFE6D03B29E89068","4"
"record_balanced_original_rule","20260624","1603F0C4B201480278F89305E3E0758CCF963E177F5C2AD8C1304A28B7CB7AB2","rbv01_011B84DDF86961F6053ED2B20908582AF6425C6EFA13305F705F7C498093367C","1"
"record_balanced_original_rule","20260624","1649FE8E6EC020D128EFC643107BFBBE8CE2FF33FCDBDC92F9E0B122FE272A5E","rbv01_0213C5737861DD256119EF44D45CD1CECAF08BA1B29FE2AD47F7CEE0237AF618","0"
"record_balanced_original_rule","20260624","16CAFCC7A3C6348D29C7AA92352595FA36039949A484E0D90C9956F92E989965","rbv01_011B84DDF86961F6053ED2B20908582AF6425C6EFA13305F705F7C498093367C","1"
"record_balanced_original_rule","20260624","172FBE8CF49DDA0C1D9FDD5DDD57A0A360F83F536C4D01BD525BDAD3863A8F0F","rbv01_0213C5737861DD256119EF44D45CD1CECAF08BA1B29FE2AD47F7CEE0237AF618","0"
"record_balanced_original_rule","20260624","1755D7D6BC5D42A054066C4A1DE0B723FF4EA22B2815DB03078DA196832A6CC9","rbv01_011B84DDF86961F6053ED2B20908582AF6425C6EFA13305F705F7C498093367C","1"
"record_balanced_original_rule","20260624","1763459D6B852BF113CF318B77FE5E4BB451B7D92C169F01B1E618CB1091ABC6","rbv01_011B84DDF86961F6053ED2B20908582AF6425C6EFA13305F705F7C498093367C","1"
"record_balanced_original_rule","20260624","1771AE3A77D9D0A4910D29AFD3A4098C4D0F149F606924A25B089906F60EA84E","rbv01_011B84DDF86961F6053ED2B20908582AF6425C6EFA13305F705F7C498093367C","1"
"record_balanced_original_rule","20260624","17A1AEB2A5F710C788EF3E9A0475D1BC7092C6E613D80A7513B48429C52602F4","rbv01_011B84DDF86961F6053ED2B20908582AF6425C6EFA13305F705F7C498093367C","1"
"record_balanced_original_rule","20260624","17B30E9F88AEEBEA9925DA277072FB7B33BB9146936E70DC8E2CD9E156556261","rbv01_0213C5737861DD256119EF44D45CD1CECAF08BA1B29FE2AD47F7CEE0237AF618","0"
"record_balanced_original_rule","20260624","17D8907F39252519E58B3C3E65868669BD63EA05B895E056DB84B3B48254FAF3","rbv01_011B84DDF86961F6053ED2B20908582AF6425C6EFA13305F705F7C498093367C","1"
"record_balanced_original_rule","20260624","180F413E1F6B76B513401034F79C54FE675C36AB7D193F0E179AC59CB942B8FF","rbv01_021729FAD057771AC5A3F59730477FE06019418FF0104B829F6E153E2D91134D","3"
"record_balanced_original_rule","20260624","185E20472CE97C113E4BDF526FF162DFF9C96CFA577E71AAAAF98E9B71290ABA","rbv01_0213C5737861DD256119EF44D45CD1CECAF08BA1B29FE2AD47F7CEE0237AF618","0"
"record_balanced_original_rule","20260624","18C8AB47928DE0A8D3B9107EACDE28ABEE577F46F877305B8EB8B0BD0B8384C5","rbv01_011B84DDF86961F6053ED2B20908582AF6425C6EFA13305F705F7C498093367C","1"
"record_balanced_original_rule","20260624","196D7F26DC3081DB45714D44086A8DED5F0B567C14E1681A6B5CAB061051612F","rbv01_011B84DDF86961F6053ED2B20908582AF6425C6EFA13305F705F7C498093367C","1"
"record_balanced_original_rule","20260624","19DCBD07BA366C033AEC897C2D39A19CCBFA9C8DFAE6478F1AF59699C54376F3","rbv01_011B84DDF86961F6053ED2B20908582AF6425C6EFA13305F705F7C498093367C","1"
"record_balanced_original_rule","20260624","1A3188418D7B380B137AB627D88FF0F38B638F8C317B55D6DB323E8DC60B24E3","rbv01_0213C5737861DD256119EF44D45CD1CECAF08BA1B29FE2AD47F7CEE0237AF618","0"
"record_balanced_original_rule","20260624","1ACDE71EA41832326F07927468F81189C4B8B34A65D5D1AC9773B57076AD9097","rbv01_0DA9CA625518CEB3C5B20C7295004FB7CDC5BC108FF93282C63467286DA188EB","4"
"record_balanced_original_rule","20260624","1AD0EFDC9F2B70EF262FD46D1261CE9A8C73B8AA936F6649D359260E377D1A55","rbv01_054201B2ED3ADADFBB0028C07B1A262219631DC717FDE4862C42583AB67D10C2","1"
"record_balanced_original_rule","20260624","1B4B5CF7B2022042C7BC0025E8EAD3748D1675FB5C5720F9FD9FBCE9950913EC","rbv01_011B84DDF86961F6053ED2B20908582AF6425C6EFA13305F705F7C498093367C","1"
"record_balanced_original_rule","20260624","1C088158C95AF597E26B84C14CFC2E8553A5E9517604F9F16CC076DAAE7E7F7F","rbv01_046276E5E1EC434CD47FE2E1D4137204B7C79D59E90B81B5BFE9A77BC6C0BB54","2"
"record_balanced_original_rule","20260624","1C2299C8C9948910B3D3DF40866CC386C33E93B89111ED702407536080175FF0","rbv01_0E9E0FC3E20BED0F32C5DF6A0164CCE77E206A06E5378ED855756B22A2C4F6E6","3"
"record_balanced_original_rule","20260624","1CF1B864E835A9004D673AA1720C6AD1415BAE9C722FB67279700838C9C3487A","rbv01_0213C5737861DD256119EF44D45CD1CECAF08BA1B29FE2AD47F7CEE0237AF618","0"
"record_balanced_original_rule","20260624","1CF9BA47AD4AA6308C9D12FB7FCC9CCDBB59125657CFB239BD8860DDC1551D49","rbv01_0E9E0FC3E20BED0F32C5DF6A0164CCE77E206A06E5378ED855756B22A2C4F6E6","3"
"record_balanced_original_rule","20260624","1D0924DF69D3C67C9A986DAA8A73741D00E1ABFCC439D7D0A51DB649D8CD4E83","rbv01_0E9E0FC3E20BED0F32C5DF6A0164CCE77E206A06E5378ED855756B22A2C4F6E6","3"
"record_balanced_original_rule","20260624","1D6FADC5D8F915F1F7AC7173F349953F70E2BCB0F9A2D98F6046D0014C526CC6","rbv01_011B84DDF86961F6053ED2B20908582AF6425C6EFA13305F705F7C498093367C","1"
"record_balanced_original_rule","20260624","1DA2AAB4B0498493978340D3C341D05DF95F393F15BC6408A75CA14BA2B8F1E0","rbv01_011B84DDF86961F6053ED2B20908582AF6425C6EFA13305F705F7C498093367C","1"
"record_balanced_original_rule","20260624","1DDB4C28798047DA321A1C0390FCA1C86E751C2E3B63EBC2A9C5A3C4B78BD587","rbv01_4A6CDC7218F267E114B083B225FC435EA4AECE9A8307DC39925FE5F442FDB97A","3"
"record_balanced_original_rule","20260624","1E8F3779AFE6A1724A8E2C2C1513A6C2C8E0570256C3A963C3EA2C5F5864233C","rbv01_25A206590D1048D18147FD26B701861897281071258782AED6A00779FFF7210A","1"
"record_balanced_original_rule","20260624","1EE07A934FA5BD37C0A121B42BB8415F90EF2139338DE4B14EAFCBB6B8D4D57B","rbv01_08EC8F274B3390CA9A557C1810F52FE38EAF9404CF035F8A1D70A5AAAFA3EA60","2"
"record_balanced_original_rule","20260624","1F07BFA1CE45FD7C13F6C859683760935281C8C734BE0D441E38A4E330304AC5","rbv01_0213C5737861DD256119EF44D45CD1CECAF08BA1B29FE2AD47F7CEE0237AF618","0"
"record_balanced_original_rule","20260624","1F1640A2D5AE2DF3F381CACF5EF08572B96B8B2E5EE094B033BDCC99450657A1","rbv01_011B84DDF86961F6053ED2B20908582AF6425C6EFA13305F705F7C498093367C","1"
"record_balanced_original_rule","20260624","1F182901D5C1EA146CEA453BD8BA0448B9CDB57A6743FDDE7AF78F52BAB97E6F","rbv01_0213C5737861DD256119EF44D45CD1CECAF08BA1B29FE2AD47F7CEE0237AF618","0"
"record_balanced_original_rule","20260624","1FE0AE0F18997E9BD1C29F0D69870A648840D7AE2E9AAAEAFEBD00ECA46C6994","rbv01_011B84DDF86961F6053ED2B20908582AF6425C6EFA13305F705F7C498093367C","1"
"record_balanced_original_rule","20260624","2007C0BA73575F31109A870090F7CD26FB7709CBB6E005924AF64F083BEABCD9","rbv01_0213C5737861DD256119EF44D45CD1CECAF08BA1B29FE2AD47F7CEE0237AF618","0"
"record_balanced_original_rule","20260624","209209F20AC434479572094FDBB32BA2040378ECCC6E33B9F5EA9D3345FFB4D7","rbv01_0213C5737861DD256119EF44D45CD1CECAF08BA1B29FE2AD47F7CEE0237AF618","0"
"record_balanced_original_rule","20260624","212B345E12389622A8064239EBBBE79226C8E7C312B3D214B1751F936B79FC34","rbv01_011B84DDF86961F6053ED2B20908582AF6425C6EFA13305F705F7C498093367C","1"
"record_balanced_original_rule","20260624","215043ADEA4E445C92E205CCBF16004443AD6133ABCE7E0FEF11A304E63EFB1E","rbv01_0E9E0FC3E20BED0F32C5DF6A0164CCE77E206A06E5378ED855756B22A2C4F6E6","3"
"record_balanced_original_rule","20260624","217E621A5766D830A97CECA75EF6B39ADAFD60DA1FE525AB2C695F857C898661","rbv01_2358EC0C12B602E4B7C5F9C580844910C6D49ACB512E9988307B46ECAFCD07F3","4"
"record_balanced_original_rule","20260624","21A335CA45A0EA62A090D44935F95ED648113C57C40808D1EEC14A944DD5BD0B","rbv01_0DA9CA625518CEB3C5B20C7295004FB7CDC5BC108FF93282C63467286DA188EB","4"
"record_balanced_original_rule","20260624","21B94893E6F67CB58EED24EA9FB7551B3B3EACB05B9C6522BFE6728601CDAF4D","rbv01_0213C5737861DD256119EF44D45CD1CECAF08BA1B29FE2AD47F7CEE0237AF618","0"
"record_balanced_original_rule","20260624","21EEB3C004CA72988FF541415E65FCF7327BCBFCAC99CB082124394786D772AD","rbv01_0213C5737861DD256119EF44D45CD1CECAF08BA1B29FE2AD47F7CEE0237AF618","0"
"record_balanced_original_rule","20260624","22A676E21C562FD4106E8004B1EB9D927C4D01A3D57A27251DC20A46433BF304","rbv01_011B84DDF86961F6053ED2B20908582AF6425C6EFA13305F705F7C498093367C","1"
"record_balanced_original_rule","20260624","22FECE9911F6004919B5D189AE36CC98017485DFEB753FA75C34AC3A191C1AA0","rbv01_08EC8F274B3390CA9A557C1810F52FE38EAF9404CF035F8A1D70A5AAAFA3EA60","2"
"record_balanced_original_rule","20260624","23AEA2F6C60A66DE8439B80B8271EBBCFE5CEAEDA06EE67C6B83A4DD0FC2CEB2","rbv01_011B84DDF86961F6053ED2B20908582AF6425C6EFA13305F705F7C498093367C","1"
"record_balanced_original_rule","20260624","2404D3928D13EB6C40502B8496F074D4CADB2A9A3C9D182158C19F50CC36A92C","rbv01_2358EC0C12B602E4B7C5F9C580844910C6D49ACB512E9988307B46ECAFCD07F3","4"
"record_balanced_original_rule","20260624","2417795D0029761FB6FE730EF4E88FC82CAAB16AA04506C2E78D45D2CD0C306D","rbv01_011B84DDF86961F6053ED2B20908582AF6425C6EFA13305F705F7C498093367C","1"
"record_balanced_original_rule","20260624","248461479D30C5AA840E52255981ACD395A5FC1ADA1DDB6C659BAFF54958963F","rbv01_011B84DDF86961F6053ED2B20908582AF6425C6EFA13305F705F7C498093367C","1"
"record_balanced_original_rule","20260624","2504B7DCF62BFE5651ECE820E3CEF352F95A48239E781520DEF52207CD87802C","rbv01_011B84DDF86961F6053ED2B20908582AF6425C6EFA13305F705F7C498093367C","1"
"record_balanced_original_rule","20260624","25861067F360B460B60F372A2142F7C30AD00FAD9F5D462FA2E7DD7095835EB0","rbv01_0213C5737861DD256119EF44D45CD1CECAF08BA1B29FE2AD47F7CEE0237AF618","0"
"record_balanced_original_rule","20260624","262FEC4884236BD19453E3CE33883A8857AECD801E5E16333D68037161ADE7C7","rbv01_25865A5FDDFF4A9F27EC5C10E5442A5D79D45CFAD482750F086BB81DD1C607F9","1"
"record_balanced_original_rule","20260624","26BE3FBE9AF053F4CD2091D711FB64AB60ED10BB69E94A8AFBED43FE94882646","rbv01_0FAB0DD3DEC2E0DA5B1841B2949196B7B1E5F846FFA0C8F4AF1461F9D3B66BCE","2"
"record_balanced_original_rule","20260624","26E57FCAAEFBE05A017FC03EDFEBA1E9D643B98B14128F7373F262F0E4487D92","rbv01_021729FAD057771AC5A3F59730477FE06019418FF0104B829F6E153E2D91134D","3"
"record_balanced_original_rule","20260624","26F46E5DB25FD9B384A9CBD10463667022AB1A8BDDBE88E11B6863D8D719FFD6","rbv01_011B84DDF86961F6053ED2B20908582AF6425C6EFA13305F705F7C498093367C","1"
"record_balanced_original_rule","20260624","279CDE0CA2EC4B1480494FC50C1473CFB0FDB9E4D4A4F354BCE8B982D90B6949","rbv01_046276E5E1EC434CD47FE2E1D4137204B7C79D59E90B81B5BFE9A77BC6C0BB54","2"
"record_balanced_original_rule","20260624","27B436226898B2B5F9AE6FC6E2730C08951A94A37F9FCA3ED9ED502C53D2A350","rbv01_054201B2ED3ADADFBB0028C07B1A262219631DC717FDE4862C42583AB67D10C2","1"
"record_balanced_original_rule","20260624","286CC1089CA3330B1CE534E6E7B3C1781EDC612498718653FC121B750B96ADA1","rbv01_005F079B50FDBB32836E42ECC5D1471B77218ED9CD5DA1F07A102A406EF90B43","3"
"record_balanced_original_rule","20260624","286E7D2D800A8610F558E327EF09000571A84DA41D35185C6EA10346EFD63027","rbv01_0213C5737861DD256119EF44D45CD1CECAF08BA1B29FE2AD47F7CEE0237AF618","0"
"record_balanced_original_rule","20260624","29D4023E711BE23CCC1B9E36698527A7C5F7229BE1E48F62824805448D08F19A","rbv01_011B84DDF86961F6053ED2B20908582AF6425C6EFA13305F705F7C498093367C","1"
"record_balanced_original_rule","20260624","2A34AB9F644C49E47AA2A9C05837B0FC0FF797B3166D7ED6717B26B08872FDB2","rbv01_021729FAD057771AC5A3F59730477FE06019418FF0104B829F6E153E2D91134D","3"
"record_balanced_original_rule","20260624","2ADF9AB36E78E1EEB3FC7732E721C3044A2E4AF4E9D9DA5BA66A5DA921FD5915","rbv01_011D932A057B34C28A553A7C900731E1D7B1E42FD9312A7495A3DF8ECA2AF3C9","4"
"record_balanced_original_rule","20260624","2B17EC3433BAA444548573A4B3B68481E0AA1C0DD768B34D6C266B4EE5E6A8EF","rbv01_011B84DDF86961F6053ED2B20908582AF6425C6EFA13305F705F7C498093367C","1"
"record_balanced_original_rule","20260624","2B32243911A0F3F49601F6C61417FA320B0C389E90D7866F100F5BC1246A74D3","rbv01_01C322D9FB99669376EAE9C000289E1B0BF73B04313F3AF1BFE6D03B29E89068","4"
"record_balanced_original_rule","20260624","2B3C8A8DDCEC4DB83196A7C0FADDE612332EE8D0D4A1A66B11A9E783FC03BFB9","rbv01_011D932A057B34C28A553A7C900731E1D7B1E42FD9312A7495A3DF8ECA2AF3C9","4"
"record_balanced_original_rule","20260624","2B83280E75D81C2FA4B12A8ECE3DD16AAF203488D205EB28B8CDBDF0413BF2BE","rbv01_011B84DDF86961F6053ED2B20908582AF6425C6EFA13305F705F7C498093367C","1"
"record_balanced_original_rule","20260624","2B9036E6585F008A4243AAA2430684F5E8C1CE896D171B2014EE337234EC5A4C","rbv01_01C322D9FB99669376EAE9C000289E1B0BF73B04313F3AF1BFE6D03B29E89068","4"
"record_balanced_original_rule","20260624","2BA9973474F5A482C5FA095F0ABBC4C9A67BDD76287D497359B4C89D384FA036","rbv01_054201B2ED3ADADFBB0028C07B1A262219631DC717FDE4862C42583AB67D10C2","1"
"record_balanced_original_rule","20260624","2C9D8CC2F5D868349847B6B81F5A2713EEBB1BB3E1C0E1EB0F7B1A051CD86E0B","rbv01_0E9E0FC3E20BED0F32C5DF6A0164CCE77E206A06E5378ED855756B22A2C4F6E6","3"
"record_balanced_original_rule","20260624","2CBB48E5F04E9C8BF14D86EA171FB4AC3CB6A127AFFBD1C4E4C92DDF65AC3AAA","rbv01_011B84DDF86961F6053ED2B20908582AF6425C6EFA13305F705F7C498093367C","1"
"record_balanced_original_rule","20260624","2D27A90202C1C28D84DB448BCC029E2F9B956D6920C981E625AE54C75A49DF61","rbv01_25865A5FDDFF4A9F27EC5C10E5442A5D79D45CFAD482750F086BB81DD1C607F9","1"
"record_balanced_original_rule","20260624","2E08EC2466CEED6AD70280884A1982C16EBD6EC61FCF5D8A8FBCB4E46A3F2236","rbv01_0213C5737861DD256119EF44D45CD1CECAF08BA1B29FE2AD47F7CEE0237AF618","0"
"record_balanced_original_rule","20260624","2E173299389098A161FC0A11A61DB6DFDE01E92B963AB131D94F7A1EF12C0733","rbv01_011B84DDF86961F6053ED2B20908582AF6425C6EFA13305F705F7C498093367C","1"
"record_balanced_original_rule","20260624","2E2A33CA561CEE7F4F0C19B6469324557ECFD2EB8F608F487D1AD2C308336658","rbv01_011B84DDF86961F6053ED2B20908582AF6425C6EFA13305F705F7C498093367C","1"
"record_balanced_original_rule","20260624","2E53D7DEE3148A01619AABCD9ABF3F49B9264E10E3A92F861DC5C323F5EF3A87","rbv01_2E07CE0B7A1B55DF7DB4D4392437AF0F59B5B306F82BBC43DD35B9CBA85F5BB7","0"
"record_balanced_original_rule","20260624","2EC7984A751507A357A3BAEA20249F516B806544B76BDCE5AEE75D02362AAC3A","rbv01_011B84DDF86961F6053ED2B20908582AF6425C6EFA13305F705F7C498093367C","1"
"record_balanced_original_rule","20260624","2F285D30F38FAC9D87E1E64A212D02ED68A77BDADC5D0DE08BF4210D3A7BDD0C","rbv01_011B84DDF86961F6053ED2B20908582AF6425C6EFA13305F705F7C498093367C","1"
"record_balanced_original_rule","20260624","2F4A968A82FD2CCAE56DB1C865A1B51876D0EB28943DCA5B06842D93873C4BBA","rbv01_0213C5737861DD256119EF44D45CD1CECAF08BA1B29FE2AD47F7CEE0237AF618","0"
"record_balanced_original_rule","20260624","300A029A3D25112F36324F2EC4E449B643BBFC705F3B9573AE5A768808A1BDEF","rbv01_0213C5737861DD256119EF44D45CD1CECAF08BA1B29FE2AD47F7CEE0237AF618","0"
"record_balanced_original_rule","20260624","30801BDDFFA634AFE46BF910E7E8E3F98D6032444C1979EEB4418DBF1FECAB2B","rbv01_2358EC0C12B602E4B7C5F9C580844910C6D49ACB512E9988307B46ECAFCD07F3","4"
"record_balanced_original_rule","20260624","30B506CC8E8C3BE689244371C9BCBADBE172980C8440C94CEB3021EFF4FB18C4","rbv01_01C322D9FB99669376EAE9C000289E1B0BF73B04313F3AF1BFE6D03B29E89068","4"
"record_balanced_original_rule","20260624","30B7FB29BC99F96B386A6298CDD9C286E325A94285073102F95E685CC9DF916B","rbv01_011B84DDF86961F6053ED2B20908582AF6425C6EFA13305F705F7C498093367C","1"
"record_balanced_original_rule","20260624","30E775E5191879D075A09457EA9BE4DB3D31C4BF2504E1387A38CCECB62C715C","rbv01_011B84DDF86961F6053ED2B20908582AF6425C6EFA13305F705F7C498093367C","1"
"record_balanced_original_rule","20260624","30EA0B0ADE76E984610F5A757C985DAFD34AE0563EEE6F056F2BAE813EF50B6A","rbv01_0E9E0FC3E20BED0F32C5DF6A0164CCE77E206A06E5378ED855756B22A2C4F6E6","3"
"record_balanced_original_rule","20260624","30FCBFFDEE010FBAA0ED8EC5003F073E331083E2F4851EB9309157D7E924DB38","rbv01_0213C5737861DD256119EF44D45CD1CECAF08BA1B29FE2AD47F7CEE0237AF618","0"
"record_balanced_original_rule","20260624","315CE1227E8B6DB9639041344644459D98CF048ACFAA502CB0893C4A4DA3335C","rbv01_0213C5737861DD256119EF44D45CD1CECAF08BA1B29FE2AD47F7CEE0237AF618","0"
"record_balanced_original_rule","20260624","3220A0EA36F8B0458998AD47F780F7E4196C537BD97E473DF9AB8C6CD7F22BCD","rbv01_011B84DDF86961F6053ED2B20908582AF6425C6EFA13305F705F7C498093367C","1"
"record_balanced_original_rule","20260624","322779B2C3ECE1588AEEE91D8764A912FD46406F10D61A499EC8870FC0483586","rbv01_0213C5737861DD256119EF44D45CD1CECAF08BA1B29FE2AD47F7CEE0237AF618","0"
"record_balanced_original_rule","20260624","3252B3DEEDBDBB58CCA4E63B95499C5D93F75B18D741503DC52FB125CE56F609","rbv01_0213C5737861DD256119EF44D45CD1CECAF08BA1B29FE2AD47F7CEE0237AF618","0"
"record_balanced_original_rule","20260624","330F0B6E295423F5426B5513189EB92BAA6B9B7F027921D26ADCF3841E36C242","rbv01_2358EC0C12B602E4B7C5F9C580844910C6D49ACB512E9988307B46ECAFCD07F3","4"
"record_balanced_original_rule","20260624","332C7B44F9A1A2FA7D0D6CCDF363DA194F6524170B3BF05EE4F10F272D1BEEB4","rbv01_01C322D9FB99669376EAE9C000289E1B0BF73B04313F3AF1BFE6D03B29E89068","4"
"record_balanced_original_rule","20260624","33A5B15450766412B0D8944713D7AC044646D09785DDF57BA6BB70488733F3EE","rbv01_011B84DDF86961F6053ED2B20908582AF6425C6EFA13305F705F7C498093367C","1"
"record_balanced_original_rule","20260624","33A7845F61E88CD3E4710F65729156E589779329988051760FD13D9836B3A78F","rbv01_011B84DDF86961F6053ED2B20908582AF6425C6EFA13305F705F7C498093367C","1"
"record_balanced_original_rule","20260624","33B5727DBA04F869F4BA5F93CC410E14312B9E91CFAAA78BE9366728DDA87B3A","rbv01_046276E5E1EC434CD47FE2E1D4137204B7C79D59E90B81B5BFE9A77BC6C0BB54","2"
"record_balanced_original_rule","20260624","35752366550717723B2814E1947950C8177B64271292B774B87F1DCF8D995FDD","rbv01_011B84DDF86961F6053ED2B20908582AF6425C6EFA13305F705F7C498093367C","1"
"record_balanced_original_rule","20260624","35A40F5F5BC17A70D6D4355BE0C685016287B3CE79B6E90113ADA9FD274ABFB5","rbv01_0FAB0DD3DEC2E0DA5B1841B2949196B7B1E5F846FFA0C8F4AF1461F9D3B66BCE","2"
"record_balanced_original_rule","20260624","361D2ECA150B3E052060C0F713FD4B0F71A11BC20D971597A0025F059CAB9B53","rbv01_021729FAD057771AC5A3F59730477FE06019418FF0104B829F6E153E2D91134D","3"
"record_balanced_original_rule","20260624","363C47C5088C06548CEC49140818FE644BD10D4089193EE8515853DAED0CD1CA","rbv01_046276E5E1EC434CD47FE2E1D4137204B7C79D59E90B81B5BFE9A77BC6C0BB54","2"
"record_balanced_original_rule","20260624","36BCDAA5646ABB478FACA1371D25EC0C4E350F69251D69EF8961460064582975","rbv01_029BDA298EE9F6CF5E11C8E41A870100C0DF57502218FA6619B580755530C213","2"
"record_balanced_original_rule","20260624","36DEDB5A8B03CE33F4752AAFD36590633EDCC246896562D58928F754554E95BB","rbv01_021729FAD057771AC5A3F59730477FE06019418FF0104B829F6E153E2D91134D","3"
"record_balanced_original_rule","20260624","36E0F2D90ADD8227E00C140A3E40427BA45EFBBB78FA3F267D4E9B59036FEE9C","rbv01_011B84DDF86961F6053ED2B20908582AF6425C6EFA13305F705F7C498093367C","1"
"record_balanced_original_rule","20260624","375C0D4DDAC1D50CA9B5224FED330A536C52B8906BD30BBA518F3B263B78645E","rbv01_011B84DDF86961F6053ED2B20908582AF6425C6EFA13305F705F7C498093367C","1"
"record_balanced_original_rule","20260624","37AAE119705A6BFA65F2469495F41DF9DECB6C6A373F1371043131E078F6950F","rbv01_011B84DDF86961F6053ED2B20908582AF6425C6EFA13305F705F7C498093367C","1"
"record_balanced_original_rule","20260624","3811D3AA153202D4DB8E9BC731B5E3EED836FDB3EDB8DF2F4A19BDB1B51304AA","rbv01_0213C5737861DD256119EF44D45CD1CECAF08BA1B29FE2AD47F7CEE0237AF618","0"
"record_balanced_original_rule","20260624","3872938929DFA0CFACE67F47D7B822EC7053855F730946775E4DE9387F7820BF","rbv01_7BC45EEADFA2E8B5EE674938E2D208271131724BDC4F7DA3BE784328B1C274E8","1"
"record_balanced_original_rule","20260624","38EBDBDE59BAADA46BF8B18F5F3719C8B694E4D35D5E345C6049E8158FC3833C","rbv01_08EC8F274B3390CA9A557C1810F52FE38EAF9404CF035F8A1D70A5AAAFA3EA60","2"
"record_balanced_original_rule","20260624","390DCED3232CF34A26F7982567E3E69824095D7A3E1E6DAA2E5D19428F146CF5","rbv01_2358EC0C12B602E4B7C5F9C580844910C6D49ACB512E9988307B46ECAFCD07F3","4"
"record_balanced_original_rule","20260624","39BB04F6BF20A4A7C8B5DB8BF0D1D89A0DE4220E35A78EE1B9870614EBD846A5","rbv01_011B84DDF86961F6053ED2B20908582AF6425C6EFA13305F705F7C498093367C","1"
"record_balanced_original_rule","20260624","39C376AA357CF218B68A892301DED466CC0526372B9AB5B34A92F1CA40154BDA","rbv01_0213C5737861DD256119EF44D45CD1CECAF08BA1B29FE2AD47F7CEE0237AF618","0"
"record_balanced_original_rule","20260624","3A01835E9586E8A691A26F26744C7E97C6AECD6B2BE5AD94955F19568B4D0880","rbv01_011B84DDF86961F6053ED2B20908582AF6425C6EFA13305F705F7C498093367C","1"
"record_balanced_original_rule","20260624","3A142A21E3C9CB0CC81767C4973F18B1936A84C94A7D4E8FE56C27C297D5072E","rbv01_01C322D9FB99669376EAE9C000289E1B0BF73B04313F3AF1BFE6D03B29E89068","4"
"record_balanced_original_rule","20260624","3A6D9F32231CE5325C5FC7580AFACA6611151AEB4D7C4C91521A79E7F135FCF5","rbv01_0213C5737861DD256119EF44D45CD1CECAF08BA1B29FE2AD47F7CEE0237AF618","0"
"record_balanced_original_rule","20260624","3B1984C07FB20EE0C930F76946868EE768896CDEE529081B011A800C61915401","rbv01_2358EC0C12B602E4B7C5F9C580844910C6D49ACB512E9988307B46ECAFCD07F3","4"
"record_balanced_original_rule","20260624","3B47746FD436BBBB62B047882377AC7CF649B27302DF5F6A06078B7849D60D77","rbv01_01C322D9FB99669376EAE9C000289E1B0BF73B04313F3AF1BFE6D03B29E89068","4"
"record_balanced_original_rule","20260624","3B4AB5C3B2239FD46C3023ED557DAFE375B1147A9E5BBB10E5A9FE2EEE2D2CA7","rbv01_011B84DDF86961F6053ED2B20908582AF6425C6EFA13305F705F7C498093367C","1"
"record_balanced_original_rule","20260624","3BFEF649A9326E5027F4A18F5B13DD00F4506697AE513AE1789B0F6A300744FD","rbv01_0E9E0FC3E20BED0F32C5DF6A0164CCE77E206A06E5378ED855756B22A2C4F6E6","3"
"record_balanced_original_rule","20260624","3C6AAD89F633AB0F253C92C52E84A0E7A893F10178FA1A2C2379D26D288B36BA","rbv01_0213C5737861DD256119EF44D45CD1CECAF08BA1B29FE2AD47F7CEE0237AF618","0"
"record_balanced_original_rule","20260624","3C88785426C2DE97489FB4EEED6FFEA6BB4060174FB131A809538413CA9213C0","rbv01_0213C5737861DD256119EF44D45CD1CECAF08BA1B29FE2AD47F7CEE0237AF618","0"
"record_balanced_original_rule","20260624","3D0952C0BA5EB3DFC3644E584AB4D800F77A6B59D87BE8B4CDBCFE9AEB48D0B5","rbv01_011D932A057B34C28A553A7C900731E1D7B1E42FD9312A7495A3DF8ECA2AF3C9","4"
"record_balanced_original_rule","20260624","3D27E92ABF9674592BA8265E12514A48080EDD6C5078D728BAC3D87232AFA057","rbv01_011B84DDF86961F6053ED2B20908582AF6425C6EFA13305F705F7C498093367C","1"
"record_balanced_original_rule","20260624","3D3D1EA7BC63F4282CEB379FDDC40D6EB94EA9A2633796E72CE776EDD59E0A3D","rbv01_08EC8F274B3390CA9A557C1810F52FE38EAF9404CF035F8A1D70A5AAAFA3EA60","2"
"record_balanced_original_rule","20260624","3D703A7076E80067DEF89951650DA8A4205192EFC8780FA170E7C277FAF207EE","rbv01_01C322D9FB99669376EAE9C000289E1B0BF73B04313F3AF1BFE6D03B29E89068","4"
"record_balanced_original_rule","20260624","3D73D6D8B251B7A02D7769F0E78F21F83411348C48EF316FF1A95EA14882BADC","rbv01_0213C5737861DD256119EF44D45CD1CECAF08BA1B29FE2AD47F7CEE0237AF618","0"
"record_balanced_original_rule","20260624","3DB7BB56C531A0A11631DFD873DB74943ABBFFEA7098C6DA658DADE99E3AD030","rbv01_2358EC0C12B602E4B7C5F9C580844910C6D49ACB512E9988307B46ECAFCD07F3","4"
"record_balanced_original_rule","20260624","3DC258512CE77905DB48E9DB298CF78E082382DAE0AB49AD316E804C48DEB406","rbv01_011B84DDF86961F6053ED2B20908582AF6425C6EFA13305F705F7C498093367C","1"
"record_balanced_original_rule","20260624","3DC4455A71B55FE23ABD0FCCCBDEE60DF06B991DF73D0E0322FF0F63C81B750F","rbv01_0213C5737861DD256119EF44D45CD1CECAF08BA1B29FE2AD47F7CEE0237AF618","0"
"record_balanced_original_rule","20260624","3E1484B6D5248889C735861DCD0EE0E9B1010915D40E27C45CB07D0944393B7E","rbv01_2358EC0C12B602E4B7C5F9C580844910C6D49ACB512E9988307B46ECAFCD07F3","4"
"record_balanced_original_rule","20260624","3E20B70260DFC2E4BAEE515B168C9794F529814931C9E8E66AD854AC3A65DD90","rbv01_08EC8F274B3390CA9A557C1810F52FE38EAF9404CF035F8A1D70A5AAAFA3EA60","2"
"record_balanced_original_rule","20260624","3E25F1A4479F36D455F30178B05AF9DB6B53BBC20C7EACDE0F5C601CBD907C3B","rbv01_011B84DDF86961F6053ED2B20908582AF6425C6EFA13305F705F7C498093367C","1"
"record_balanced_original_rule","20260624","3E6F08C879E7074289FE997D854B2869477A556E0DFB11D9A0CE75F40CA0E399","rbv01_011D932A057B34C28A553A7C900731E1D7B1E42FD9312A7495A3DF8ECA2AF3C9","4"
"record_balanced_original_rule","20260624","3EA2110023C72D1B39795451665A20003198977DE7D9012578F5B35F13CD6CCA","rbv01_08EC8F274B3390CA9A557C1810F52FE38EAF9404CF035F8A1D70A5AAAFA3EA60","2"
"record_balanced_original_rule","20260624","3F67FE77A359B4B0EDD7229A24D63A131521EA531D68742549C85D03DC50E8EC","rbv01_01C322D9FB99669376EAE9C000289E1B0BF73B04313F3AF1BFE6D03B29E89068","4"
"record_balanced_original_rule","20260624","3FCC33AAF5C590D56CAC8DC6D6508458DD300A0473E63FFB62697B939E911CDE","rbv01_011B84DDF86961F6053ED2B20908582AF6425C6EFA13305F705F7C498093367C","1"
"record_balanced_original_rule","20260624","3FE0C4FE0A0816FE8942C8AACA5AD02EC4A8E9E040F0A152FD248E52ADB860F8","rbv01_011B84DDF86961F6053ED2B20908582AF6425C6EFA13305F705F7C498093367C","1"
"record_balanced_original_rule","20260624","3FECBBA923111BE13CD5D85A19322EF6D618969D4B34E1A065F86A176FFC171B","rbv01_011B84DDF86961F6053ED2B20908582AF6425C6EFA13305F705F7C498093367C","1"
"record_balanced_original_rule","20260624","408751F952862DF07FBC2F487B24B044FA569ED9516888478954E338D1BFBCA6","rbv01_046276E5E1EC434CD47FE2E1D4137204B7C79D59E90B81B5BFE9A77BC6C0BB54","2"
"record_balanced_original_rule","20260624","4099F39B3AAE4DDA1FB9529596D868F8F5C18AAAA729A9E5C4AD1A31648A9310","rbv01_011B84DDF86961F6053ED2B20908582AF6425C6EFA13305F705F7C498093367C","1"
"record_balanced_original_rule","20260624","40AD1CF8497BF8C8A34AC837C4A6DC1C6CB9E583938D7F292824BB10E34F0450","rbv01_2358EC0C12B602E4B7C5F9C580844910C6D49ACB512E9988307B46ECAFCD07F3","4"
"record_balanced_original_rule","20260624","40E95BCB2DA6C11487E1FB1F163EB2B0AFF150B7DB779588D09B11C627F67AA0","rbv01_0E9E0FC3E20BED0F32C5DF6A0164CCE77E206A06E5378ED855756B22A2C4F6E6","3"
"record_balanced_original_rule","20260624","41250789DDCF07FCF7353DA31AE01894EDC9FC6C7BAEB1E1B0148F706FE7B413","rbv01_0213C5737861DD256119EF44D45CD1CECAF08BA1B29FE2AD47F7CEE0237AF618","0"
"record_balanced_original_rule","20260624","4159A8EDFF2E94149BC780537B7BAEAB819F30108890E1D0334296C04EAEFD92","rbv01_021729FAD057771AC5A3F59730477FE06019418FF0104B829F6E153E2D91134D","3"
"record_balanced_original_rule","20260624","41A388817BDBCB2BA14BCE922EAA7E3F86663995A5B4DECE51FCC7118D33A228","rbv01_0FAB0DD3DEC2E0DA5B1841B2949196B7B1E5F846FFA0C8F4AF1461F9D3B66BCE","2"
"record_balanced_original_rule","20260624","41BE6CCE837C044E6AA95123E47B75CE3DD12587D7D6267EFC49A37DA9A7985B","rbv01_0213C5737861DD256119EF44D45CD1CECAF08BA1B29FE2AD47F7CEE0237AF618","0"
"record_balanced_original_rule","20260624","41D14E9CDC1075976AF61AD0FAF8209A1F4D980C4B8A0A40CC5382084F3E367D","rbv01_0213C5737861DD256119EF44D45CD1CECAF08BA1B29FE2AD47F7CEE0237AF618","0"
"record_balanced_original_rule","20260624","434125391825E9858C112A0BFFDDC348E360A6CEBDBCBD4A01D217752BAF8A93","rbv01_0213C5737861DD256119EF44D45CD1CECAF08BA1B29FE2AD47F7CEE0237AF618","0"
"record_balanced_original_rule","20260624","437DC9A7927A255442ACD1FA3D279579C7230A19DE4B6ECA3F46CBC7898EF707","rbv01_0E9E0FC3E20BED0F32C5DF6A0164CCE77E206A06E5378ED855756B22A2C4F6E6","3"
"record_balanced_original_rule","20260624","4381D377E0C2F48D9D0E2AFDBA401F5DBD2AEC82329C9D84F6AA89AF9D5F5B58","rbv01_011B84DDF86961F6053ED2B20908582AF6425C6EFA13305F705F7C498093367C","1"
"record_balanced_original_rule","20260624","439AF85824202428A54E9FC3B53BBBA5CF98FADA0216CC4F00AB3E07B8806E71","rbv01_011B84DDF86961F6053ED2B20908582AF6425C6EFA13305F705F7C498093367C","1"
"record_balanced_original_rule","20260624","43B2A50B115B67670E49A3A65AAFC81104F3786411F346A1EBE53FBEDCDEDED3","rbv01_011D932A057B34C28A553A7C900731E1D7B1E42FD9312A7495A3DF8ECA2AF3C9","4"
"record_balanced_original_rule","20260624","444D4AA3E2C186829DEDEE418B76E60719C024ED0B4B4537CFBD9A9B6F994EAA","rbv01_0213C5737861DD256119EF44D45CD1CECAF08BA1B29FE2AD47F7CEE0237AF618","0"
"record_balanced_original_rule","20260624","4450A047AC605EDA7B22DC8E088CC1C0E70C606057FA0CFCC0C2F0C3C30598A6","rbv01_011B84DDF86961F6053ED2B20908582AF6425C6EFA13305F705F7C498093367C","1"
"record_balanced_original_rule","20260624","445AE34132D5480345F0DBD582722270DAC2610A406E62840904EBE7DE495300","rbv01_011B84DDF86961F6053ED2B20908582AF6425C6EFA13305F705F7C498093367C","1"
"record_balanced_original_rule","20260624","450AAD2453983EA51D2D22C1C2A5225DF27B7B6FB645EC6255F57795D7A926B4","rbv01_0213C5737861DD256119EF44D45CD1CECAF08BA1B29FE2AD47F7CEE0237AF618","0"
"record_balanced_original_rule","20260624","452F34470F7B3DBDA99E41C833456F21153CBED06C673E2ED411B7F13D45D41A","rbv01_0E9E0FC3E20BED0F32C5DF6A0164CCE77E206A06E5378ED855756B22A2C4F6E6","3"
"record_balanced_original_rule","20260624","45733AC66C7524952635B5DA1FC3CA44E7464A94B06E48E669231B4D1C5582CA","rbv01_01C322D9FB99669376EAE9C000289E1B0BF73B04313F3AF1BFE6D03B29E89068","4"
"record_balanced_original_rule","20260624","45B79E955E92D757256C95752B33706F24439DB877F9ED0A206537C4E244BDD0","rbv01_0E9E0FC3E20BED0F32C5DF6A0164CCE77E206A06E5378ED855756B22A2C4F6E6","3"
"record_balanced_original_rule","20260624","45E1399C5049E03BDC43FAAD1A8B53BFB45FE2E828E7422104DE2889224577CA","rbv01_2358EC0C12B602E4B7C5F9C580844910C6D49ACB512E9988307B46ECAFCD07F3","4"
"record_balanced_original_rule","20260624","45F4960707D3325A0221C800B06B053788735F04B027B37411436ACDA4A89945","rbv01_0E9E0FC3E20BED0F32C5DF6A0164CCE77E206A06E5378ED855756B22A2C4F6E6","3"
"record_balanced_original_rule","20260624","461060C1C35F2CBE4A854DFE570AE437C8620E9BA90995DE613263AC403265DA","rbv01_011B84DDF86961F6053ED2B20908582AF6425C6EFA13305F705F7C498093367C","1"
"record_balanced_original_rule","20260624","461C36B36801F07722EDEAC1A5C6775D51B0DD34D6AAA476D7ADDD954EE45055","rbv01_054201B2ED3ADADFBB0028C07B1A262219631DC717FDE4862C42583AB67D10C2","1"
"record_balanced_original_rule","20260624","46DFFAB21CBA603E14CA71915309CE3A5AEFCEADCF54CEEB30A2B2C59C5187CF","rbv01_0213C5737861DD256119EF44D45CD1CECAF08BA1B29FE2AD47F7CEE0237AF618","0"
"record_balanced_original_rule","20260624","46FAD474DFE35A28F6049743424BA37546CD9812A2E9A22BAC96B8CF73A9F896","rbv01_2358EC0C12B602E4B7C5F9C580844910C6D49ACB512E9988307B46ECAFCD07F3","4"
"record_balanced_original_rule","20260624","46FBD697929159320AA7AD07FB3E55E29EDD03EE6F84DACBED9549F2E292CF17","rbv01_0213C5737861DD256119EF44D45CD1CECAF08BA1B29FE2AD47F7CEE0237AF618","0"
"record_balanced_original_rule","20260624","472AD0311B0636C90907D2D626C33B145D9831EA75FC62458CE599EE0AD08037","rbv01_011D932A057B34C28A553A7C900731E1D7B1E42FD9312A7495A3DF8ECA2AF3C9","4"
"record_balanced_original_rule","20260624","4773159EB39C8FEB1CB224A5320ADEA45CC752FE853DFDC8A7C6D601953495BC","rbv01_2358EC0C12B602E4B7C5F9C580844910C6D49ACB512E9988307B46ECAFCD07F3","4"
"record_balanced_original_rule","20260624","4867D9A5079B8B7B4077A29F94B6A8984A401767FA420676EF4004A3700163A6","rbv01_011B84DDF86961F6053ED2B20908582AF6425C6EFA13305F705F7C498093367C","1"
"record_balanced_original_rule","20260624","488EB2C85A677C03C0D8B5DE4F707EBF083815A08DA663A752E3E375CD05E51E","rbv01_011D932A057B34C28A553A7C900731E1D7B1E42FD9312A7495A3DF8ECA2AF3C9","4"
"record_balanced_original_rule","20260624","48FB23675E5C58C68AD2247A9B305EA3D0051BEC04724870F482A7CE3CEC4303","rbv01_0213C5737861DD256119EF44D45CD1CECAF08BA1B29FE2AD47F7CEE0237AF618","0"
"record_balanced_original_rule","20260624","49065CC7700D9EA14D3519EAFF894FC51D125E62E600505A69AEB925B58711F6","rbv01_021729FAD057771AC5A3F59730477FE06019418FF0104B829F6E153E2D91134D","3"
"record_balanced_original_rule","20260624","49812D40CD7C70D514291ED79A8154C7B34332DB8AEB92FBF9B100D3EC514716","rbv01_021729FAD057771AC5A3F59730477FE06019418FF0104B829F6E153E2D91134D","3"
"record_balanced_original_rule","20260624","49C5CAE21AC63BA801406B5D4231E8F58B9435966F1504366E2A69A6F8BEA76C","rbv01_01C322D9FB99669376EAE9C000289E1B0BF73B04313F3AF1BFE6D03B29E89068","4"
"record_balanced_original_rule","20260624","49E9C31B508C70478AACF4DB26DC0A53CF5DF5D19D94AF056CE805E486430A11","rbv01_0D49377FA046416BEACFBB00B72B25CF04B27FCDD1DFA22E7E8C3ECE070E08F2","1"
"record_balanced_original_rule","20260624","4A903B93E71C80DBBCFE041008B4AC0BB2B1B011BFFCEC11C6FBEEA1E61B140D","rbv01_011B84DDF86961F6053ED2B20908582AF6425C6EFA13305F705F7C498093367C","1"
"record_balanced_original_rule","20260624","4AD7BBD2A5FD57BF17D7B5EDCA121A6BDD18D030099C3DBA947ABD384EC89F78","rbv01_011B84DDF86961F6053ED2B20908582AF6425C6EFA13305F705F7C498093367C","1"
"record_balanced_original_rule","20260624","4AEA0854328F63BA8B6BD31CD3120210060AD06B96DD5A48C43B12E030EDB99C","rbv01_0213C5737861DD256119EF44D45CD1CECAF08BA1B29FE2AD47F7CEE0237AF618","0"
"record_balanced_original_rule","20260624","4B0F92D31B501D4F13A76543BD15876C281FB8FDFF994489A14D668E86F8F30B","rbv01_021729FAD057771AC5A3F59730477FE06019418FF0104B829F6E153E2D91134D","3"
"record_balanced_original_rule","20260624","4BA8932F890B72F225D3E4A59A28704CA7F69CB81ABDF8BFF9991A2B46A146EB","rbv01_0213C5737861DD256119EF44D45CD1CECAF08BA1B29FE2AD47F7CEE0237AF618","0"
"record_balanced_original_rule","20260624","4BB905050347B836AB901BA55DF415E433120FBA51A8E3A20F2BDAD110B61702","rbv01_08EC8F274B3390CA9A557C1810F52FE38EAF9404CF035F8A1D70A5AAAFA3EA60","2"
"record_balanced_original_rule","20260624","4BF70BED02886DBB1B4BBDC99C922AFFFBF05DBA462F541F030050DC546DDEE9","rbv01_0213C5737861DD256119EF44D45CD1CECAF08BA1B29FE2AD47F7CEE0237AF618","0"
"record_balanced_original_rule","20260624","4C17B0B8C9855F210E5E0686AB5C138B8900568C770055EADC8ED6583965AEFD","rbv01_011B84DDF86961F6053ED2B20908582AF6425C6EFA13305F705F7C498093367C","1"
"record_balanced_original_rule","20260624","4C246C49379D39671B1C1E73C076C00560D36F82BAD1B1C850A84C9931ADFFAD","rbv01_011B84DDF86961F6053ED2B20908582AF6425C6EFA13305F705F7C498093367C","1"
"record_balanced_original_rule","20260624","4D309BEA4507777F3A4248A6C711912DFB50A2F9445EAA470AA25DDB2E25D43D","rbv01_2358EC0C12B602E4B7C5F9C580844910C6D49ACB512E9988307B46ECAFCD07F3","4"
"record_balanced_original_rule","20260624","4D6EE8DA84AF6D99212327D362FFAD481C666DA081AA72CB3F7E29E423B4A2F8","rbv01_0213C5737861DD256119EF44D45CD1CECAF08BA1B29FE2AD47F7CEE0237AF618","0"
"record_balanced_original_rule","20260624","4DDDC216782D2960AEAEF9370B334BFB65C8D314C1BAB9BBA18455370DB3342F","rbv01_011B84DDF86961F6053ED2B20908582AF6425C6EFA13305F705F7C498093367C","1"
"record_balanced_original_rule","20260624","4DEFC47228E4B12BDC04646BB8BB24245A7FD2A635F65D64CEC8DEDF620DD6C4","rbv01_01C322D9FB99669376EAE9C000289E1B0BF73B04313F3AF1BFE6D03B29E89068","4"
"record_balanced_original_rule","20260624","4E2DE2EDF2A6245DDD07BAE533336D7C3EAD221EAAD4864C9787E47FD828B7E7","rbv01_01C322D9FB99669376EAE9C000289E1B0BF73B04313F3AF1BFE6D03B29E89068","4"
"record_balanced_original_rule","20260624","4EB2767698EC813807F2FBC0AF44794BD389BBD3A39519B4912202E199CB91CF","rbv01_054201B2ED3ADADFBB0028C07B1A262219631DC717FDE4862C42583AB67D10C2","1"
"record_balanced_original_rule","20260624","4F2B583FE4E7764C42D005CE39EFBBFC2106F3E1E70AA23761211B98F5A7B319","rbv01_0DA9CA625518CEB3C5B20C7295004FB7CDC5BC108FF93282C63467286DA188EB","4"
"record_balanced_original_rule","20260624","4F616FF5D7F89A5D8CD2F80944E68D5D9016AD33F3CCB7CE44165A7E4D48582A","rbv01_0DA9CA625518CEB3C5B20C7295004FB7CDC5BC108FF93282C63467286DA188EB","4"
"record_balanced_original_rule","20260624","5045C2C6959EA40470DFEECDBFF501C04B7FB52D432E3636366EE63391BB26DF","rbv01_011B84DDF86961F6053ED2B20908582AF6425C6EFA13305F705F7C498093367C","1"
"record_balanced_original_rule","20260624","511219158301CB59D03A8430389179F1DF8B9F3EAD0B65457F7DC5C860B65143","rbv01_2358EC0C12B602E4B7C5F9C580844910C6D49ACB512E9988307B46ECAFCD07F3","4"
"record_balanced_original_rule","20260624","51AED83FEBEBBBDF81BF76A9DEBDC2496EDF80BE005F5E74BDF6EC48025D254E","rbv01_011B84DDF86961F6053ED2B20908582AF6425C6EFA13305F705F7C498093367C","1"
"record_balanced_original_rule","20260624","5224D6BB74AF0B9DFAE3AEB255D416B041D9B1D98CB4B32636FE77B29EB7EF80","rbv01_011B84DDF86961F6053ED2B20908582AF6425C6EFA13305F705F7C498093367C","1"
"record_balanced_original_rule","20260624","526CB10D1926DF75FFE3294A10036820F5E9B397E289C7619F9BFBDF7E001D5F","rbv01_011B84DDF86961F6053ED2B20908582AF6425C6EFA13305F705F7C498093367C","1"
"record_balanced_original_rule","20260624","527FAB735F1124C4763E261857868A75747E78A9E2AE1E6A8FDB0768F3C7F876","rbv01_76BCAA01B24B5B79F90CBEA55222EB028CC0DA3AC4CAD5CF5008C6EE1291E4FC","4"
"record_balanced_original_rule","20260624","529420CA06A50691BF6BF36D9CD498662A360E73D696F422A144A9DBFA524461","rbv01_021729FAD057771AC5A3F59730477FE06019418FF0104B829F6E153E2D91134D","3"
"record_balanced_original_rule","20260624","534F9F6A382D86CD0AC2FD148D9647C8F4DABAED9725DE3F2EDCD815DE3A6744","rbv01_2358EC0C12B602E4B7C5F9C580844910C6D49ACB512E9988307B46ECAFCD07F3","4"
"record_balanced_original_rule","20260624","53B57017738A840DE09247C52226912C224E73007DEC7D366B81EF86BCF0C802","rbv01_2358EC0C12B602E4B7C5F9C580844910C6D49ACB512E9988307B46ECAFCD07F3","4"
"record_balanced_original_rule","20260624","53BB7B0BA4D65E00579D7CB4D5801C992D8D730035DC3644B14DF19167B40B46","rbv01_054201B2ED3ADADFBB0028C07B1A262219631DC717FDE4862C42583AB67D10C2","1"
"record_balanced_original_rule","20260624","53BFDBB9B8E0218E1494423F87B6DE59EB63C3014CDEC30C4BC068AFD5B6B835","rbv01_0E9E0FC3E20BED0F32C5DF6A0164CCE77E206A06E5378ED855756B22A2C4F6E6","3"
"record_balanced_original_rule","20260624","53E3752651A5631B1DBB70D27EAE92E6E60AD4A741291A8BC14F4925FDC95823","rbv01_0E9E0FC3E20BED0F32C5DF6A0164CCE77E206A06E5378ED855756B22A2C4F6E6","3"
"record_balanced_original_rule","20260624","540640EFFF86AE4AEDB91DC09CBE8EA2B29C46299239AA9BE2F56CE7D83DF037","rbv01_0213C5737861DD256119EF44D45CD1CECAF08BA1B29FE2AD47F7CEE0237AF618","0"
"record_balanced_original_rule","20260624","545D8357071AE6D64E54617785D37552C9DAF6E20F4553C56E64730AE30DA43A","rbv01_0E9E0FC3E20BED0F32C5DF6A0164CCE77E206A06E5378ED855756B22A2C4F6E6","3"
"record_balanced_original_rule","20260624","5468D9B9D12EA6F793E3D6F744C9DAF90D2E455EB7906DACF0516BBDA253EBA9","rbv01_046276E5E1EC434CD47FE2E1D4137204B7C79D59E90B81B5BFE9A77BC6C0BB54","2"
"record_balanced_original_rule","20260624","547A7ECB082E1396DC5BF15010A4A42C46C061C8725A118FA7824033BB0BC50A","rbv01_0E9E0FC3E20BED0F32C5DF6A0164CCE77E206A06E5378ED855756B22A2C4F6E6","3"
"record_balanced_original_rule","20260624","55014121E5C882552CF9155F776E0CF47718145447C7BC4EABB2DAC2C0E7DE25","rbv01_0E9E0FC3E20BED0F32C5DF6A0164CCE77E206A06E5378ED855756B22A2C4F6E6","3"
"record_balanced_original_rule","20260624","553FAFC31B25E52B6C086339C65A6235181C325B0F590ED23612B07B731756F2","rbv01_011B84DDF86961F6053ED2B20908582AF6425C6EFA13305F705F7C498093367C","1"
"record_balanced_original_rule","20260624","55634C205CFA0E4C6E0C00A73AEF26E144B5B00B101D11A5570063A4858C7B84","rbv01_011B84DDF86961F6053ED2B20908582AF6425C6EFA13305F705F7C498093367C","1"
"record_balanced_original_rule","20260624","558F416E7B0A01D9A2560B557EC90ACEDD265ADDF96D27310D9CDBB7EC5BEC9C","rbv01_01C322D9FB99669376EAE9C000289E1B0BF73B04313F3AF1BFE6D03B29E89068","4"
"record_balanced_original_rule","20260624","55AF0F4A3B9E4E6C2857380D9C27D5A3CFCB006691BFBF934300C26D8927901E","rbv01_2358EC0C12B602E4B7C5F9C580844910C6D49ACB512E9988307B46ECAFCD07F3","4"
"record_balanced_original_rule","20260624","560D72B3593A990815FE48B1155EBBE88C3C0435ABE07CE239CE9C7307C15D56","rbv01_0213C5737861DD256119EF44D45CD1CECAF08BA1B29FE2AD47F7CEE0237AF618","0"
"record_balanced_original_rule","20260624","5639318B014A2C944CC5285A00F41B8E74052DF50863E0EFD87BAD21ADBCACE6","rbv01_011B84DDF86961F6053ED2B20908582AF6425C6EFA13305F705F7C498093367C","1"
"record_balanced_original_rule","20260624","56C214C3F046023DA6B0771E67FAB270EFF584ABF9D9F973757415ADCE1A99F3","rbv01_011B84DDF86961F6053ED2B20908582AF6425C6EFA13305F705F7C498093367C","1"
"record_balanced_original_rule","20260624","57050E6A8DEDDE7DB4CAFFBF7AEEACB012030BC6576ECD99999F3C8A7976C375","rbv01_0213C5737861DD256119EF44D45CD1CECAF08BA1B29FE2AD47F7CEE0237AF618","0"
"record_balanced_original_rule","20260624","57E45F7478676079B8B072E89DE3BFA39F6A00778BA8222E21BED5B3D48BB3D2","rbv01_011B84DDF86961F6053ED2B20908582AF6425C6EFA13305F705F7C498093367C","1"
"record_balanced_original_rule","20260624","57E97D0A553803661F82EB973E74A82B4A4FF3B4FA5A6B09EBA7B2C3BB32A2A7","rbv01_011B84DDF86961F6053ED2B20908582AF6425C6EFA13305F705F7C498093367C","1"
"record_balanced_original_rule","20260624","585604A3364E953D27D7E96337FD9B2AB42645B7A86BD54240E68C8622CAE86E","rbv01_0213C5737861DD256119EF44D45CD1CECAF08BA1B29FE2AD47F7CEE0237AF618","0"
"record_balanced_original_rule","20260624","5859EC6E9C64004E87D38D7D86AA4D3F2773AAA7C2DC56D6F71CF8A9F7001727","rbv01_0213C5737861DD256119EF44D45CD1CECAF08BA1B29FE2AD47F7CEE0237AF618","0"
"record_balanced_original_rule","20260624","5873A6B1ABADDBD30A3EC32573C3936AE36D498CCD6A333EAF7CB4A2944E3005","rbv01_2358EC0C12B602E4B7C5F9C580844910C6D49ACB512E9988307B46ECAFCD07F3","4"
"record_balanced_original_rule","20260624","587F949A84CB56FE11AB6B6D62E7790A37AEA7DB27CB595C3498FDACF036FDC5","rbv01_0E9E0FC3E20BED0F32C5DF6A0164CCE77E206A06E5378ED855756B22A2C4F6E6","3"
"record_balanced_original_rule","20260624","589909DA400CDA359FA0E7A50DF7A5251AC809128D4617304628995B9E71301E","rbv01_01C322D9FB99669376EAE9C000289E1B0BF73B04313F3AF1BFE6D03B29E89068","4"
"record_balanced_original_rule","20260624","593386B6291210BC5B8FF118B6B2A17D08B338381A28602C61E99B0FDA6867B9","rbv01_0213C5737861DD256119EF44D45CD1CECAF08BA1B29FE2AD47F7CEE0237AF618","0"
"record_balanced_original_rule","20260624","59C2FE5686A10BA06EC84AC544A92FA2E677E6A490A1F44AC5FAAF3E4AE4C03C","rbv01_0E9E0FC3E20BED0F32C5DF6A0164CCE77E206A06E5378ED855756B22A2C4F6E6","3"
"record_balanced_original_rule","20260624","5A34B647354A5293524F20A0436591EFC8C26D9AFEFD91527FA94AE94D4592E7","rbv01_011B84DDF86961F6053ED2B20908582AF6425C6EFA13305F705F7C498093367C","1"
"record_balanced_original_rule","20260624","5A5F363DDF5138B82CC8A2D2E16B99326EFA2D7C66A6BA0AE7936C640E48DB3C","rbv01_011B84DDF86961F6053ED2B20908582AF6425C6EFA13305F705F7C498093367C","1"
"record_balanced_original_rule","20260624","5AF732DB4071EF1AE930CD7722F2971A337C01ACA23BE39B063C81B442EDFA30","rbv01_0213C5737861DD256119EF44D45CD1CECAF08BA1B29FE2AD47F7CEE0237AF618","0"
"record_balanced_original_rule","20260624","5B0920E92A70337286CFAD56B29C6D9D1DAB06EF6E218462A5F0C0BC751D8FFE","rbv01_0D49377FA046416BEACFBB00B72B25CF04B27FCDD1DFA22E7E8C3ECE070E08F2","1"
"record_balanced_original_rule","20260624","5C405999428C131305A40C881E8D00DAE368C9E29F30FBC763519E5AA36FDB74","rbv01_011B84DDF86961F6053ED2B20908582AF6425C6EFA13305F705F7C498093367C","1"
"record_balanced_original_rule","20260624","5C4A573C9E11E22CD4CA466DAFB46D88B772EF6130F2B9E61FA62DB4B7D13E64","rbv01_011B84DDF86961F6053ED2B20908582AF6425C6EFA13305F705F7C498093367C","1"
"record_balanced_original_rule","20260624","5CB46307AFB5C3CEC13FA622A8F81A5E448DF596917242D1B61C4A778D9E9D7D","rbv01_0213C5737861DD256119EF44D45CD1CECAF08BA1B29FE2AD47F7CEE0237AF618","0"
"record_balanced_original_rule","20260624","5CD6C75FBE29FA80E3BB7F5775589164AC3B2E3D1A5C2EE8E8C433BB6BF43510","rbv01_011B84DDF86961F6053ED2B20908582AF6425C6EFA13305F705F7C498093367C","1"
"record_balanced_original_rule","20260624","5CE0FA3E17A2E4B395186D7EBB7CD22DF86A5C57EA7FDC72CC741F891C3C6757","rbv01_0E9E0FC3E20BED0F32C5DF6A0164CCE77E206A06E5378ED855756B22A2C4F6E6","3"
"record_balanced_original_rule","20260624","5D63FAD27555B9DB68AD10175AEB6A60FD59F0AFD0FE146695953486FAAE45FB","rbv01_08EC8F274B3390CA9A557C1810F52FE38EAF9404CF035F8A1D70A5AAAFA3EA60","2"
"record_balanced_original_rule","20260624","5E0071CD5CB55992A750BCE258ADDBC8B0C9CF1D50FD77C5A24D6DFC814011CC","rbv01_147C763D2DD7A735DC5DA68C31ECD7579510C8C8494E1BBB99D46B386B713D84","3"
"record_balanced_original_rule","20260624","5E0281654E30919D5D82F901F17AED34F85BF0A1AB24DE74043602CB526809F0","rbv01_011B84DDF86961F6053ED2B20908582AF6425C6EFA13305F705F7C498093367C","1"
"record_balanced_original_rule","20260624","5E06FD7724DAA44666253EBCB056D98D636326C24480117CBCD8FAD871EB876C","rbv01_0C68AE2824568C19A46D2947C2D1EB95DFE6E72AF600B3275A62492DFFF69BF3","3"
"record_balanced_original_rule","20260624","5F36CCB2F2766F08143AA3B93A9252C8E51E6B0904375C2353C376C92E2E57EE","rbv01_147C763D2DD7A735DC5DA68C31ECD7579510C8C8494E1BBB99D46B386B713D84","3"
"record_balanced_original_rule","20260624","5FC7F592B55D903EF47A4A3A0B2DF59F146AFCCD6B6EEC56595A34392212186A","rbv01_011B84DDF86961F6053ED2B20908582AF6425C6EFA13305F705F7C498093367C","1"
"record_balanced_original_rule","20260624","5FC9599CDCDE496EC24CFCBB80224C8DDADDA4DACD78E4FB274073A1FB81DD78","rbv01_011B84DDF86961F6053ED2B20908582AF6425C6EFA13305F705F7C498093367C","1"
"record_balanced_original_rule","20260624","607F64DDB025C3F5C3B87DDE0E830EE58D66385CD5CADB63CAF0BC1C1BE9E25A","rbv01_01C322D9FB99669376EAE9C000289E1B0BF73B04313F3AF1BFE6D03B29E89068","4"
"record_balanced_original_rule","20260624","6092B66F178B3C7E0D960FEF9575ADD9A60E346D4ECDBBF528DEE179E4F71DA7","rbv01_046276E5E1EC434CD47FE2E1D4137204B7C79D59E90B81B5BFE9A77BC6C0BB54","2"
"record_balanced_original_rule","20260624","609749579572B2FA6E14FA1EEB1F875B07B2F9FF9C72A3E3939FB6EDD90DBEEB","rbv01_0213C5737861DD256119EF44D45CD1CECAF08BA1B29FE2AD47F7CEE0237AF618","0"
"record_balanced_original_rule","20260624","60FE2F0C145E2CFD68F826BE3443271BEC5594C868617B24A4CEBD34586C265D","rbv01_01C322D9FB99669376EAE9C000289E1B0BF73B04313F3AF1BFE6D03B29E89068","4"
"record_balanced_original_rule","20260624","61016099D502283DA40D4EE4B9F7C0ED7DF6F7D964401D6A2D8CF3EB6248FCF1","rbv01_0E9E0FC3E20BED0F32C5DF6A0164CCE77E206A06E5378ED855756B22A2C4F6E6","3"
"record_balanced_original_rule","20260624","6112398A5A27A1DDBAE7D6EEB8F1D68BD7CF7787D3B91DF1A831D7E5CADC9093","rbv01_054201B2ED3ADADFBB0028C07B1A262219631DC717FDE4862C42583AB67D10C2","1"
"record_balanced_original_rule","20260624","6142EE048B1B633FA5249772D940196675EC543F3226DDDC2433B4DBB15E3B25","rbv01_01C322D9FB99669376EAE9C000289E1B0BF73B04313F3AF1BFE6D03B29E89068","4"
"record_balanced_original_rule","20260624","6174FF925532C926AAA32B79CA43300752AD193CF23A92B8659393C437840F13","rbv01_0213C5737861DD256119EF44D45CD1CECAF08BA1B29FE2AD47F7CEE0237AF618","0"
"record_balanced_original_rule","20260624","61A09FA5B6C964AC5A1B5CF9C6D57743E0A6CDC9A9F8052EFE320510632BBCBF","rbv01_011B84DDF86961F6053ED2B20908582AF6425C6EFA13305F705F7C498093367C","1"
"record_balanced_original_rule","20260624","6216459473676649F75F11A9C627388BF00109948ECF84C5364ECC7519473562","rbv01_011B84DDF86961F6053ED2B20908582AF6425C6EFA13305F705F7C498093367C","1"
"record_balanced_original_rule","20260624","62A5E1A05A38F7781B623E66C3C9663D8D191152A46CFCA583EE0FFCA699D18E","rbv01_2358EC0C12B602E4B7C5F9C580844910C6D49ACB512E9988307B46ECAFCD07F3","4"
"record_balanced_original_rule","20260624","62FBDE22D30C21640013F7960847A31F801A567F17DD3466485C84E68C2F4A76","rbv01_0213C5737861DD256119EF44D45CD1CECAF08BA1B29FE2AD47F7CEE0237AF618","0"
"record_balanced_original_rule","20260624","63CB23ECC2CBBC2F66E3FA210899309DE3B993E414146D1BA55D2766A60D1D3C","rbv01_011B84DDF86961F6053ED2B20908582AF6425C6EFA13305F705F7C498093367C","1"
"record_balanced_original_rule","20260624","63DF561656502F71DB9CF94570A0BAEC8C6EB0A93198BD12C45E1B5323792361","rbv01_0E9E0FC3E20BED0F32C5DF6A0164CCE77E206A06E5378ED855756B22A2C4F6E6","3"
"record_balanced_original_rule","20260624","640ADC9C9E5B52E8423895DF788D46B5B2B7ECBBB00F7AC4C1EE8102766842AB","rbv01_0E9E0FC3E20BED0F32C5DF6A0164CCE77E206A06E5378ED855756B22A2C4F6E6","3"
"record_balanced_original_rule","20260624","6486B0B00B6A64D5FF711049D18835756EC3243B4AE0B146640B61E3DBBF3B1B","rbv01_2358EC0C12B602E4B7C5F9C580844910C6D49ACB512E9988307B46ECAFCD07F3","4"
"record_balanced_original_rule","20260624","64BCED7CD45A062E0D93E9DA6A459E08E7DE3EE75334CEC74B37EC8FF0D387FB","rbv01_25A206590D1048D18147FD26B701861897281071258782AED6A00779FFF7210A","1"
"record_balanced_original_rule","20260624","64C619A75D94EA4475D6BBF73AB84509C81BE1871176F2040555FB74C94DF678","rbv01_054201B2ED3ADADFBB0028C07B1A262219631DC717FDE4862C42583AB67D10C2","1"
"record_balanced_original_rule","20260624","64D37F8EC94157972501866F2C0409596E19184285BE6BB17F05CD21384C6C66","rbv01_011B84DDF86961F6053ED2B20908582AF6425C6EFA13305F705F7C498093367C","1"
"record_balanced_original_rule","20260624","64FB82376477A79AB45C3F7EA5AAFB49EE7423DF9CEE856D7DC34E22794A133C","rbv01_0DA9CA625518CEB3C5B20C7295004FB7CDC5BC108FF93282C63467286DA188EB","4"
"record_balanced_original_rule","20260624","6547A33CB61AB244D15ECF247ABF262D96D6472DC78D3F5CAE326622A202F9FB","rbv01_0E9E0FC3E20BED0F32C5DF6A0164CCE77E206A06E5378ED855756B22A2C4F6E6","3"
"record_balanced_original_rule","20260624","656390EED1FD9897918FE16673DD9919DA443EEF28949541135699DE80A4846F","rbv01_0DA9CA625518CEB3C5B20C7295004FB7CDC5BC108FF93282C63467286DA188EB","4"
"record_balanced_original_rule","20260624","657EEF51C5520A0224536CE12861644354A6A9B5C07D2B3879D62C05ABEDDD32","rbv01_0213C5737861DD256119EF44D45CD1CECAF08BA1B29FE2AD47F7CEE0237AF618","0"
"record_balanced_original_rule","20260624","661FC0C39FF5A85F97A0C6688C297F8B7E98C764E4A11420E164B018D9E7226C","rbv01_4C51CFDB4AF8C1E97EE68AD316E14EE38D69EBF9BC08EA86615CC9553C187FB5","3"
"record_balanced_original_rule","20260624","6627CE031858FF0E6CF28EBB1CB041EBA4FE95AB467047BDD1561249CCF925A1","rbv01_011D932A057B34C28A553A7C900731E1D7B1E42FD9312A7495A3DF8ECA2AF3C9","4"
"record_balanced_original_rule","20260624","66353004E46A7D2DEA8AAFE7F83594C8F92144747DA49A5CF301F31E84591F1D","rbv01_2358EC0C12B602E4B7C5F9C580844910C6D49ACB512E9988307B46ECAFCD07F3","4"
"record_balanced_original_rule","20260624","66A1BE2CD6F6FF08C11A2C3357EF8EC0C032A86D5D87B13B11945FBD45127931","rbv01_0213C5737861DD256119EF44D45CD1CECAF08BA1B29FE2AD47F7CEE0237AF618","0"
"record_balanced_original_rule","20260624","66BAC981C1C4701485BEE46F46AF3026FED8EBB0BCF9929C549C58791E83067E","rbv01_011B84DDF86961F6053ED2B20908582AF6425C6EFA13305F705F7C498093367C","1"
"record_balanced_original_rule","20260624","6704B9633DCEBC2BA01FDECDFD5EA4A5370D106858137FFEAAAC036EFB3FD757","rbv01_0213C5737861DD256119EF44D45CD1CECAF08BA1B29FE2AD47F7CEE0237AF618","0"
"record_balanced_original_rule","20260624","6835116907D67386298A9EF5227E3B49C83D7F220C27D7E8DD2D87BF3A43EF25","rbv01_0213C5737861DD256119EF44D45CD1CECAF08BA1B29FE2AD47F7CEE0237AF618","0"
"record_balanced_original_rule","20260624","6871BE6DDBAEC27287050ECFCAB5CFC294576AA669561D671D6FB888E6328DFD","rbv01_0213C5737861DD256119EF44D45CD1CECAF08BA1B29FE2AD47F7CEE0237AF618","0"
"record_balanced_original_rule","20260624","68F263FF68635FB84AD0D3374FC9B9E01894B2311A0B168682615C327AD57C9D","rbv01_011B84DDF86961F6053ED2B20908582AF6425C6EFA13305F705F7C498093367C","1"
"record_balanced_original_rule","20260624","6941EF9147030F468EE2273E4A1E92FDB438B995704E775A9791FFD169DA606E","rbv01_046276E5E1EC434CD47FE2E1D4137204B7C79D59E90B81B5BFE9A77BC6C0BB54","2"
"record_balanced_original_rule","20260624","69F9E99C1BC30717A040E1750774FFC9D8C8D5C2512C4E4A212E94803FFE0AE6","rbv01_0213C5737861DD256119EF44D45CD1CECAF08BA1B29FE2AD47F7CEE0237AF618","0"
"record_balanced_original_rule","20260624","6A8E5EF237A69BFE6D5A70FB5C1488D0FAEC6E1B92FA28AC8D95C05C357B5E63","rbv01_0213C5737861DD256119EF44D45CD1CECAF08BA1B29FE2AD47F7CEE0237AF618","0"
"record_balanced_original_rule","20260624","6AA1B00D7021262502B6FC95332455EE8A2AF272251C8E28591E30E64E069844","rbv01_011B84DDF86961F6053ED2B20908582AF6425C6EFA13305F705F7C498093367C","1"
"record_balanced_original_rule","20260624","6B62116FD3F14E23A9BB0F458049B58C6EAC702097C8DB30EEA0A6299A978491","rbv01_011B84DDF86961F6053ED2B20908582AF6425C6EFA13305F705F7C498093367C","1"
"record_balanced_original_rule","20260624","6B76A22D19B1D56262EEF9CAFD58D3BFA5B9643F2632351328F814F15539D869","rbv01_02F3E19E40F367B65842ED87339C30DC3CDDB63BF424A5DC683F489D6C8C8311","3"
"record_balanced_original_rule","20260624","6BDF067CFC053B069E3183683DC72BBE0A12C15DC196EE8D3F4953977C271993","rbv01_0213C5737861DD256119EF44D45CD1CECAF08BA1B29FE2AD47F7CEE0237AF618","0"
"record_balanced_original_rule","20260624","6C922E08B80DE2068FBBC9A2442520E7645A9213FBFA99AD3C6BD159413E6984","rbv01_054201B2ED3ADADFBB0028C07B1A262219631DC717FDE4862C42583AB67D10C2","1"
"record_balanced_original_rule","20260624","6CEDF7B181B79ABE208B9B3629075DE29BC2DE50AA954EA2D9B290AD89289D3E","rbv01_0213C5737861DD256119EF44D45CD1CECAF08BA1B29FE2AD47F7CEE0237AF618","0"
"record_balanced_original_rule","20260624","6DC61C5079EAE1BF435C0CAF99FA1F723762BF4F36B7217EAC665DEBB7019D22","rbv01_0213C5737861DD256119EF44D45CD1CECAF08BA1B29FE2AD47F7CEE0237AF618","0"
"record_balanced_original_rule","20260624","6DDCAE134AB83721AD746E97F4EB54587BD68D18364D0DC55F8549DF5F0BFCAC","rbv01_0213C5737861DD256119EF44D45CD1CECAF08BA1B29FE2AD47F7CEE0237AF618","0"
"record_balanced_original_rule","20260624","6DFCD6D1DE431CD3BF5FB02128D7E6FDA2A67CB8ECCE454753A3C0AD25F0D5E7","rbv01_021729FAD057771AC5A3F59730477FE06019418FF0104B829F6E153E2D91134D","3"
"record_balanced_original_rule","20260624","6E16D5A3B7D6E582F57D49E897AAC0B8AE660A58B9052725EB1E58296FA6DD9E","rbv01_08EC8F274B3390CA9A557C1810F52FE38EAF9404CF035F8A1D70A5AAAFA3EA60","2"
"record_balanced_original_rule","20260624","6E187297C1AE74CB8901ED1168D5875901332BEB5D5995CE7800BD4F6E63F598","rbv01_0D49377FA046416BEACFBB00B72B25CF04B27FCDD1DFA22E7E8C3ECE070E08F2","1"
"record_balanced_original_rule","20260624","6E2CE6662A3F7CED5954DFCF2748D1100486272089328053160D35570DEF9176","rbv01_2358EC0C12B602E4B7C5F9C580844910C6D49ACB512E9988307B46ECAFCD07F3","4"
"record_balanced_original_rule","20260624","6E3D7AFFC6CFBC1997F093BFC1EE37CE65F804210E91FA782BC18EB91E20276D","rbv01_0E9E0FC3E20BED0F32C5DF6A0164CCE77E206A06E5378ED855756B22A2C4F6E6","3"
"record_balanced_original_rule","20260624","6E7EC6A2B99FF56CD1CC1524A3946C806CD9E95632811B0148C8616EE45158CB","rbv01_2358EC0C12B602E4B7C5F9C580844910C6D49ACB512E9988307B46ECAFCD07F3","4"
"record_balanced_original_rule","20260624","6F1A04651BA12124A63D7EE5D8B2AEBD48FFB9DBA0EF9D2AD18DD998806DAB84","rbv01_046276E5E1EC434CD47FE2E1D4137204B7C79D59E90B81B5BFE9A77BC6C0BB54","2"
"record_balanced_original_rule","20260624","6FC81B17E3416F9C59041B8CB05B9B1EBBAF63CC8CD0EE6E4EF0468633802282","rbv01_01C322D9FB99669376EAE9C000289E1B0BF73B04313F3AF1BFE6D03B29E89068","4"
"record_balanced_original_rule","20260624","6FD342A5B3945B082CBD550209195D135DC89542AEC23F7418667340E5A199BC","rbv01_046276E5E1EC434CD47FE2E1D4137204B7C79D59E90B81B5BFE9A77BC6C0BB54","2"
"record_balanced_original_rule","20260624","7001E110B0B28C6032141C04E13BB35E17AD7F565ED72191757F0E919841569B","rbv01_011B84DDF86961F6053ED2B20908582AF6425C6EFA13305F705F7C498093367C","1"
"record_balanced_original_rule","20260624","7029B557234AC6051E24A16C9B339519D5E3579E6FDB8C49B4A0260D580494F3","rbv01_0213C5737861DD256119EF44D45CD1CECAF08BA1B29FE2AD47F7CEE0237AF618","0"
"record_balanced_original_rule","20260624","703BE4FB6B5EAE49BA8409E3AEF0A1DA144EE1C72AA5E90D707BDA8CB02F33C3","rbv01_011B84DDF86961F6053ED2B20908582AF6425C6EFA13305F705F7C498093367C","1"
"record_balanced_original_rule","20260624","705A52AFC96DD8F8A0680986F37753D0F1F6A2CBDEBC3F72280B466B6CDB50ED","rbv01_011D932A057B34C28A553A7C900731E1D7B1E42FD9312A7495A3DF8ECA2AF3C9","4"
"record_balanced_original_rule","20260624","707DA448FC2DFE79C4960A7D1DE4CFCF3451C22AA827CF0D09DCCDD2CD3C1F39","rbv01_011B84DDF86961F6053ED2B20908582AF6425C6EFA13305F705F7C498093367C","1"
"record_balanced_original_rule","20260624","70BC49653619BB7835874DFD94FF64268AF6A2C06E47D4DFBFEF7ADD4D1F1120","rbv01_0213C5737861DD256119EF44D45CD1CECAF08BA1B29FE2AD47F7CEE0237AF618","0"
"record_balanced_original_rule","20260624","713CAE6D9C810853CAA85719BEF1E7ADBAD4FFA2E92902EB2D5D5738BEAB0C65","rbv01_011B84DDF86961F6053ED2B20908582AF6425C6EFA13305F705F7C498093367C","1"
"record_balanced_original_rule","20260624","71AD8BB01A72E70509B0F9639C592D7E0C41AE9A4A27D999B262303039764CF7","rbv01_0213C5737861DD256119EF44D45CD1CECAF08BA1B29FE2AD47F7CEE0237AF618","0"
"record_balanced_original_rule","20260624","71E0A6FD60241D170159AE8A16A1FEB4273E2FE09D3E12702BEE6F21EE5DA4F1","rbv01_08EC8F274B3390CA9A557C1810F52FE38EAF9404CF035F8A1D70A5AAAFA3EA60","2"
"record_balanced_original_rule","20260624","7211B9B2889F483AE44A9727A4849CEA1E6240D7C4422DC4FC04D4E49FC55A24","rbv01_011B84DDF86961F6053ED2B20908582AF6425C6EFA13305F705F7C498093367C","1"
"record_balanced_original_rule","20260624","722AC44069039667B277FA0C2B5B7C392E00983D059A534B7D52658A01D8CFDE","rbv01_021729FAD057771AC5A3F59730477FE06019418FF0104B829F6E153E2D91134D","3"
"record_balanced_original_rule","20260624","726B528E61491529A6A0C94B16217808470BB9A473127CE62C8FB518C955BAB7","rbv01_0213C5737861DD256119EF44D45CD1CECAF08BA1B29FE2AD47F7CEE0237AF618","0"
"record_balanced_original_rule","20260624","736FC34A836F960541AEE1FC818367DCF83048C32817BCEA8C3FEFEBDCCD1098","rbv01_011B84DDF86961F6053ED2B20908582AF6425C6EFA13305F705F7C498093367C","1"
"record_balanced_original_rule","20260624","73E3BE3DD8F7297499AA3A3DD96CAAFDED3AFC7AFD0167112401F6A2429286B4","rbv01_0213C5737861DD256119EF44D45CD1CECAF08BA1B29FE2AD47F7CEE0237AF618","0"
"record_balanced_original_rule","20260624","7433126F697E3274B8BC3154977B87D7B8DBC4095ACA33FB8802E00598ED7120","rbv01_011B84DDF86961F6053ED2B20908582AF6425C6EFA13305F705F7C498093367C","1"
"record_balanced_original_rule","20260624","74DFB4FD1256FB7CC67CF7F5582D490405547298B3EE387029E625D6972B640F","rbv01_011B84DDF86961F6053ED2B20908582AF6425C6EFA13305F705F7C498093367C","1"
"record_balanced_original_rule","20260624","759E52C2C2F43D99896050CE86E6DFDE11FE522EF9DD394DDA978524F101D953","rbv01_01C322D9FB99669376EAE9C000289E1B0BF73B04313F3AF1BFE6D03B29E89068","4"
"record_balanced_original_rule","20260624","75FDA890D0520C0094B6D2D70B20226FB88197ED9B4A868EDEBA787FE2F4CD8B","rbv01_4C51CFDB4AF8C1E97EE68AD316E14EE38D69EBF9BC08EA86615CC9553C187FB5","3"
"record_balanced_original_rule","20260624","760038AE4D83E69D3950F813FB2CFDE096FC0F7A3CB3ECB9EC4D0E8CD8AE532B","rbv01_2358EC0C12B602E4B7C5F9C580844910C6D49ACB512E9988307B46ECAFCD07F3","4"
"record_balanced_original_rule","20260624","761E7106DC5BA4CE7DD1B9546304F5C8E39644F7AC483FC299C9CE6D755A7850","rbv01_25865A5FDDFF4A9F27EC5C10E5442A5D79D45CFAD482750F086BB81DD1C607F9","1"
"record_balanced_original_rule","20260624","766764B56BDD951FF8381162FD8A526722A910553545374D4178BB647F115D96","rbv01_0C68AE2824568C19A46D2947C2D1EB95DFE6E72AF600B3275A62492DFFF69BF3","3"
"record_balanced_original_rule","20260624","7716CF6F67DD130F321CFBA976FA00D3EF30329E1E96A42F15118BBCD05CCECC","rbv01_011B84DDF86961F6053ED2B20908582AF6425C6EFA13305F705F7C498093367C","1"
"record_balanced_original_rule","20260624","7742DD4BE001F0334BE658E868FDCBEC91A607C85C16B862D62F2664E532B332","rbv01_1A2E259AFB28A34C9C6E003C355FAC70F5755F63B27530053ACE4BA8A31F3C72","4"
"record_balanced_original_rule","20260624","77604112D3B238868D7D3E5B8DF4426A8F37887D6442866A33C3DDF0523A0EF3","rbv01_2358EC0C12B602E4B7C5F9C580844910C6D49ACB512E9988307B46ECAFCD07F3","4"
"record_balanced_original_rule","20260624","77708406F2F043B41D0AA0DA15FB80202871940C693837D9FEEBAA3C13AFEA2C","rbv01_0213C5737861DD256119EF44D45CD1CECAF08BA1B29FE2AD47F7CEE0237AF618","0"
"record_balanced_original_rule","20260624","7790E8A56AF1E00E7437AA2E1E7A1DA1BE4B23C1FBA7699A17122CAEDCBD16FD","rbv01_0213C5737861DD256119EF44D45CD1CECAF08BA1B29FE2AD47F7CEE0237AF618","0"
"record_balanced_original_rule","20260624","787A570CB42F97FA3D6D18A2DDA23F76AC7C65FA832E1882E48141C60050AF18","rbv01_011B84DDF86961F6053ED2B20908582AF6425C6EFA13305F705F7C498093367C","1"
"record_balanced_original_rule","20260624","78D251288A3018EEA78A874D1B7F5F46F0088E0B454D9235FAEA899F83E9B05F","rbv01_021729FAD057771AC5A3F59730477FE06019418FF0104B829F6E153E2D91134D","3"
"record_balanced_original_rule","20260624","78D98B6F9704D5D2B0425DAEEE18FF9F33CD7048497BFC027B63B5FD5A2072C8","rbv01_01C322D9FB99669376EAE9C000289E1B0BF73B04313F3AF1BFE6D03B29E89068","4"
"record_balanced_original_rule","20260624","793A4745373AA06A9ED3889F1971528DE5032F5BF0C24CEFACCE60044A9AB7A2","rbv01_011B84DDF86961F6053ED2B20908582AF6425C6EFA13305F705F7C498093367C","1"
"record_balanced_original_rule","20260624","793E91265FCA94A2D87F35E0FA4239C4A1C521F12CF61569CFDF16ED2C6D543D","rbv01_0E9E0FC3E20BED0F32C5DF6A0164CCE77E206A06E5378ED855756B22A2C4F6E6","3"
"record_balanced_original_rule","20260624","79638C93ED9AEA52C38B817A949E769DC6EDF13D05D49207874FC3013FC2A67E","rbv01_011B84DDF86961F6053ED2B20908582AF6425C6EFA13305F705F7C498093367C","1"
"record_balanced_original_rule","20260624","79A1860EE5B38BDFA8B202D3A1AFBEC8D8DA6FE3A0655EA29BA0A5489109839C","rbv01_0213C5737861DD256119EF44D45CD1CECAF08BA1B29FE2AD47F7CEE0237AF618","0"
"record_balanced_original_rule","20260624","79AB07403AC06ED7F796D7FED64397A42B9FCCAE7053A5F51719205E4471018D","rbv01_011B84DDF86961F6053ED2B20908582AF6425C6EFA13305F705F7C498093367C","1"
"record_balanced_original_rule","20260624","79C95AFBE047168EB7BC6E3920B23295FA09ABDE03FCD66952FBB3D1ABB313B9","rbv01_011B84DDF86961F6053ED2B20908582AF6425C6EFA13305F705F7C498093367C","1"
"record_balanced_original_rule","20260624","79EF293ADB205FCB3C5277EE36241F10D61A94CADBAB29EB959DEBFBC46634CB","rbv01_021729FAD057771AC5A3F59730477FE06019418FF0104B829F6E153E2D91134D","3"
"record_balanced_original_rule","20260624","79F1F18FB3DCD3F1CECFD36CCF7385AFF069973B43B3489B9A47B1A09DECFAD5","rbv01_01C322D9FB99669376EAE9C000289E1B0BF73B04313F3AF1BFE6D03B29E89068","4"
"record_balanced_original_rule","20260624","7A30CAC79982862553A37493B27A574A34EF0BF651BFC5BD7EB59A2146E62B98","rbv01_08EC8F274B3390CA9A557C1810F52FE38EAF9404CF035F8A1D70A5AAAFA3EA60","2"
"record_balanced_original_rule","20260624","7A5AC3BEA990AE4F927D37E334DEC12A940728B8C9BF75EB2A6FE6FB08B76D2E","rbv01_0213C5737861DD256119EF44D45CD1CECAF08BA1B29FE2AD47F7CEE0237AF618","0"
"record_balanced_original_rule","20260624","7A81B57BB190344EA26AC8CD7829F6B678F5E5030DED8EB97841BA97C0493CA7","rbv01_0213C5737861DD256119EF44D45CD1CECAF08BA1B29FE2AD47F7CEE0237AF618","0"
"record_balanced_original_rule","20260624","7AF7736561E1112502D6EF4B98E11660339B955EFC85FCC7AEAA62DDC335C141","rbv01_01C322D9FB99669376EAE9C000289E1B0BF73B04313F3AF1BFE6D03B29E89068","4"
"record_balanced_original_rule","20260624","7B76CF30B5FE2AF38163BF00E0FEE74108F710C9E7697C596F4774F419421EC8","rbv01_011B84DDF86961F6053ED2B20908582AF6425C6EFA13305F705F7C498093367C","1"
"record_balanced_original_rule","20260624","7BAC19A7E768E8030C060BD3F3FE5CE352F400B100EDA10A31778858DD50B8DB","rbv01_4A6CDC7218F267E114B083B225FC435EA4AECE9A8307DC39925FE5F442FDB97A","3"
"record_balanced_original_rule","20260624","7BB8A7C58505587787A562604E6D2AB015E8E38A45072BFF0595A6C552F9EF06","rbv01_054201B2ED3ADADFBB0028C07B1A262219631DC717FDE4862C42583AB67D10C2","1"
"record_balanced_original_rule","20260624","7BC08410D6F337F3C56031EE28EBB165B3FD4A79586174F0572F4AF1729EC77B","rbv01_0213C5737861DD256119EF44D45CD1CECAF08BA1B29FE2AD47F7CEE0237AF618","0"
"record_balanced_original_rule","20260624","7BCACE98F398A641FB75601B1583263E243DD9AB19A72DAFC7108209B044AE51","rbv01_011B84DDF86961F6053ED2B20908582AF6425C6EFA13305F705F7C498093367C","1"
"record_balanced_original_rule","20260624","7C1EF5B571765FD33FC916D743B8495439C771256B4BA392A567D421B6CA9375","rbv01_054201B2ED3ADADFBB0028C07B1A262219631DC717FDE4862C42583AB67D10C2","1"
"record_balanced_original_rule","20260624","7C51D7B79D0E04F6C1695758F0E6F471543C9D275195DC0B61928C78B097C181","rbv01_0C68AE2824568C19A46D2947C2D1EB95DFE6E72AF600B3275A62492DFFF69BF3","3"
"record_balanced_original_rule","20260624","7D612B9B4F90A7D2F9FDE087AA59EE3AF532A68D98A51A81204400C7CC92E7D3","rbv01_011B84DDF86961F6053ED2B20908582AF6425C6EFA13305F705F7C498093367C","1"
"record_balanced_original_rule","20260624","7DB8519C7DCCC184C537FDE4E5A4FC0C1C1AF2EE418505CA78DC950A3BDAF7F1","rbv01_01C322D9FB99669376EAE9C000289E1B0BF73B04313F3AF1BFE6D03B29E89068","4"
"record_balanced_original_rule","20260624","7DE7DCF4A8FB3AB5FB3DE04EC28E769B5131E1757AA9915A482B54921A9E341E","rbv01_2358EC0C12B602E4B7C5F9C580844910C6D49ACB512E9988307B46ECAFCD07F3","4"
"record_balanced_original_rule","20260624","7DFB14C8B539B45B79954CAFF434CD3D6169D2239388D74AD031623883ECD984","rbv01_0DA9CA625518CEB3C5B20C7295004FB7CDC5BC108FF93282C63467286DA188EB","4"
"record_balanced_original_rule","20260624","7E50397E70E624D3CB680DE4499C7C3C2A31B99F9F6F11B7C5C749C72A233F8C","rbv01_0E9E0FC3E20BED0F32C5DF6A0164CCE77E206A06E5378ED855756B22A2C4F6E6","3"
"record_balanced_original_rule","20260624","7F0EC2443CEA913F9A1B35CC9A7E76898E0DBB69376C4B0131B07E5F4A877197","rbv01_2358EC0C12B602E4B7C5F9C580844910C6D49ACB512E9988307B46ECAFCD07F3","4"
"record_balanced_original_rule","20260624","7F8E44D9E4265FDA0D56D8D58B8037724ECADC6E4AC1D9459B915216DE37CF02","rbv01_046276E5E1EC434CD47FE2E1D4137204B7C79D59E90B81B5BFE9A77BC6C0BB54","2"
"record_balanced_original_rule","20260624","7FBCA986590F9D0215B1DB3EF2B7F9A4AE2E3037E7EB3F3EC8D80B822616263B","rbv01_011B84DDF86961F6053ED2B20908582AF6425C6EFA13305F705F7C498093367C","1"
"record_balanced_original_rule","20260624","7FEB4716CE762D190EE7E8C03FBB29D3B6F478B05B636073EB527EB0D5324120","rbv01_011B84DDF86961F6053ED2B20908582AF6425C6EFA13305F705F7C498093367C","1"
"record_balanced_original_rule","20260624","81521EA05234B705DC92E0C5A61134CE31987DDF99D91B0CCA8B1D8802BD5E62","rbv01_011B84DDF86961F6053ED2B20908582AF6425C6EFA13305F705F7C498093367C","1"
"record_balanced_original_rule","20260624","8157516169AD74C49A3D42D94C8AFAB3F035A93806EB1A6C2473173DFDAFCFC4","rbv01_011D932A057B34C28A553A7C900731E1D7B1E42FD9312A7495A3DF8ECA2AF3C9","4"
"record_balanced_original_rule","20260624","8180FFF5D2D6FEFF5B73AEBD1AA7260F8E86E74B5A8501CECF2629E5BA199D8A","rbv01_2358EC0C12B602E4B7C5F9C580844910C6D49ACB512E9988307B46ECAFCD07F3","4"
"record_balanced_original_rule","20260624","81BCA3EE845D78643EE6BB1F6EA44D4ED907DA1BC5EAC70F346B9F65910C7FEA","rbv01_01C322D9FB99669376EAE9C000289E1B0BF73B04313F3AF1BFE6D03B29E89068","4"
"record_balanced_original_rule","20260624","821C5E43026508A32B69ECF634B7AEFB9531D02ECDAC21B3BC82784ED318407F","rbv01_08EC8F274B3390CA9A557C1810F52FE38EAF9404CF035F8A1D70A5AAAFA3EA60","2"
"record_balanced_original_rule","20260624","8278F06D0BA5C51D80ADE10C9D223D254E28FB26D3C0A75A5B609B12424D7E31","rbv01_011D932A057B34C28A553A7C900731E1D7B1E42FD9312A7495A3DF8ECA2AF3C9","4"
"record_balanced_original_rule","20260624","8287D86665975892EE1F0FF52484534008D43F6062232AC56AFAD2ABA5A99486","rbv01_08EC8F274B3390CA9A557C1810F52FE38EAF9404CF035F8A1D70A5AAAFA3EA60","2"
"record_balanced_original_rule","20260624","832AE8B0D15AC0AECF90187084668F727238D717D3A90BCB327951A27BA8924C","rbv01_0213C5737861DD256119EF44D45CD1CECAF08BA1B29FE2AD47F7CEE0237AF618","0"
"record_balanced_original_rule","20260624","836E64CCBF89B4E45A3369B60529BD98C6DB75ACAD3F198A3375E463AF1C5FF7","rbv01_011B84DDF86961F6053ED2B20908582AF6425C6EFA13305F705F7C498093367C","1"
"record_balanced_original_rule","20260624","83B96AF7A142ED771DE7C64D125C1F5FDD116B03448596C60C99A9F515A3EF07","rbv01_011B84DDF86961F6053ED2B20908582AF6425C6EFA13305F705F7C498093367C","1"
"record_balanced_original_rule","20260624","83BAD3D0D0698E0D02A7B4B09CFB4C3A27A81342D507D73C71ADF42849533C47","rbv01_0213C5737861DD256119EF44D45CD1CECAF08BA1B29FE2AD47F7CEE0237AF618","0"
"record_balanced_original_rule","20260624","848623533F806F61CEBB7FBFC2E9B8757093EC110FC8D8CABA69A09A4418DC7E","rbv01_0E9E0FC3E20BED0F32C5DF6A0164CCE77E206A06E5378ED855756B22A2C4F6E6","3"
"record_balanced_original_rule","20260624","84AD21B6E68482268D6A586245E11D34252F339680532EB46842D1CD7FBE0271","rbv01_0213C5737861DD256119EF44D45CD1CECAF08BA1B29FE2AD47F7CEE0237AF618","0"
"record_balanced_original_rule","20260624","84AD2D9663BB8B26821590CD21447163579766A47BDD30F971678E33271115A5","rbv01_054201B2ED3ADADFBB0028C07B1A262219631DC717FDE4862C42583AB67D10C2","1"
"record_balanced_original_rule","20260624","84EFAB7534BEAF22D6B186CDBC10D0E95ED771ECBA632A24DD1B485F698FEF7E","rbv01_25A206590D1048D18147FD26B701861897281071258782AED6A00779FFF7210A","1"
"record_balanced_original_rule","20260624","857EDAF824854295BAC8757E69BF8590CC0BB5BF91AED85C795297309FC78103","rbv01_011B84DDF86961F6053ED2B20908582AF6425C6EFA13305F705F7C498093367C","1"
"record_balanced_original_rule","20260624","85862250B4E7637DF508CA74B2F8330C45C00F33199F95D0C311FE26CD71E1B1","rbv01_0FAB0DD3DEC2E0DA5B1841B2949196B7B1E5F846FFA0C8F4AF1461F9D3B66BCE","2"
"record_balanced_original_rule","20260624","85A86A5C92F219E35F8B478C226B350FE00381D72DA91F5BF36B43B324B049D5","rbv01_011B84DDF86961F6053ED2B20908582AF6425C6EFA13305F705F7C498093367C","1"
"record_balanced_original_rule","20260624","864BD79A3893763BF280CD4FB95D7A6342E57CC7FDE39E075E2DE9C652798DEC","rbv01_2358EC0C12B602E4B7C5F9C580844910C6D49ACB512E9988307B46ECAFCD07F3","4"
"record_balanced_original_rule","20260624","867FC0D4D76430CB7C914338E342EC479358938FCCE1706F2B7AD9EFF66056AE","rbv01_011B84DDF86961F6053ED2B20908582AF6425C6EFA13305F705F7C498093367C","1"
"record_balanced_original_rule","20260624","86B8910659A9A91763F13E756DCFAC43765D1471BD66F194A2BA86C07E23CD3F","rbv01_011B84DDF86961F6053ED2B20908582AF6425C6EFA13305F705F7C498093367C","1"
"record_balanced_original_rule","20260624","86F95F241E4C9CCADBA621F4BD733E3F8C2AB456E1D351AAB2BB85231105DCC8","rbv01_011B84DDF86961F6053ED2B20908582AF6425C6EFA13305F705F7C498093367C","1"
"record_balanced_original_rule","20260624","86FA5AFF7D10D4AC88282D02891F5B0C044E9BAB209D065C2ADA51A3A356B2AC","rbv01_011B84DDF86961F6053ED2B20908582AF6425C6EFA13305F705F7C498093367C","1"
"record_balanced_original_rule","20260624","87048C681934AA8A56C2D9E80C5E17C21A69939A0F36CE153A5B65CA13A149F9","rbv01_25A206590D1048D18147FD26B701861897281071258782AED6A00779FFF7210A","1"
"record_balanced_original_rule","20260624","880229002152E02A9065E1C5A05F490F0A8A6EF74E771A64BD133F8BA6D6E32E","rbv01_054201B2ED3ADADFBB0028C07B1A262219631DC717FDE4862C42583AB67D10C2","1"
"record_balanced_original_rule","20260624","88152E41D893D7E4F8EC9D04DBF0DDB979E1B81C86CA4C5505EAE7D5E1C8DC42","rbv01_0213C5737861DD256119EF44D45CD1CECAF08BA1B29FE2AD47F7CEE0237AF618","0"
"record_balanced_original_rule","20260624","884394A397DE3E8E0637C9857BAB557990A694ACE6039755C57B45A74194ECBB","rbv01_0213C5737861DD256119EF44D45CD1CECAF08BA1B29FE2AD47F7CEE0237AF618","0"
"record_balanced_original_rule","20260624","885B6B5631BC73EBCD0C58AEA5A5E48ABFF9C23DB8B5A757AA2285279C590111","rbv01_2358EC0C12B602E4B7C5F9C580844910C6D49ACB512E9988307B46ECAFCD07F3","4"
"record_balanced_original_rule","20260624","889F4B52D73FA9EF5E8E7A29B5E4A10AE047762FA488DEB2744CFA14E639EF6D","rbv01_011B84DDF86961F6053ED2B20908582AF6425C6EFA13305F705F7C498093367C","1"
"record_balanced_original_rule","20260624","88BFB8A118CBB3187F1BD67F89A231D7370FD58365B909C7D19C851DA262223D","rbv01_054201B2ED3ADADFBB0028C07B1A262219631DC717FDE4862C42583AB67D10C2","1"
"record_balanced_original_rule","20260624","88FAA71E50CC4F8B644B3908EAACC579E71BCBE02FE8093EF58F6BA427AD6E3D","rbv01_2358EC0C12B602E4B7C5F9C580844910C6D49ACB512E9988307B46ECAFCD07F3","4"
"record_balanced_original_rule","20260624","891E0184FD25A2CF5A1D7BF6A08A5FA04129275E283E15244DA763EC8E9E4E0E","rbv01_0213C5737861DD256119EF44D45CD1CECAF08BA1B29FE2AD47F7CEE0237AF618","0"
"record_balanced_original_rule","20260624","893148D257FD7B0FFC6A3323660414F949FF4CC80E1B0D66D804D8CC383E217E","rbv01_011D932A057B34C28A553A7C900731E1D7B1E42FD9312A7495A3DF8ECA2AF3C9","4"
"record_balanced_original_rule","20260624","899AE4A1B45FE367D0A28B3F91A526C034C3705C2B3BB4D4B004F3DA7D8DA066","rbv01_4C51CFDB4AF8C1E97EE68AD316E14EE38D69EBF9BC08EA86615CC9553C187FB5","3"
"record_balanced_original_rule","20260624","89B1E9DD5410B81A59BC4821448A185CD1FD6846C959790ADA5DBB0737ECBA29","rbv01_011B84DDF86961F6053ED2B20908582AF6425C6EFA13305F705F7C498093367C","1"
"record_balanced_original_rule","20260624","8A112B147B4AEC5A697AF30CAFBFDA52E98994EF7AF5EA103A4E20E252F12E4C","rbv01_08EC8F274B3390CA9A557C1810F52FE38EAF9404CF035F8A1D70A5AAAFA3EA60","2"
"record_balanced_original_rule","20260624","8ACD3AD88535F3731196DD81D796B93D0BBEBAC5F896FE700A95D913D66865DC","rbv01_011B84DDF86961F6053ED2B20908582AF6425C6EFA13305F705F7C498093367C","1"
"record_balanced_original_rule","20260624","8AD04B912049222329F6ADC8DF356FCAB4CF34DAA52A769A601F312C4C67083E","rbv01_0DA9CA625518CEB3C5B20C7295004FB7CDC5BC108FF93282C63467286DA188EB","4"
"record_balanced_original_rule","20260624","8ADA53CACF27A3C4BB4F0DB641982EE6F2D597D80275A78829AC0B6CA6B12CB9","rbv01_046276E5E1EC434CD47FE2E1D4137204B7C79D59E90B81B5BFE9A77BC6C0BB54","2"
"record_balanced_original_rule","20260624","8B1E266DB6C93E4548EE9DC16894F9A7E6DC118A4A7671CAD1A7F5F16F331273","rbv01_2358EC0C12B602E4B7C5F9C580844910C6D49ACB512E9988307B46ECAFCD07F3","4"
"record_balanced_original_rule","20260624","8B294756112EE8C367063AB58448CD8BA5061AED133C1278FFA52DE6D2E01DD5","rbv01_0213C5737861DD256119EF44D45CD1CECAF08BA1B29FE2AD47F7CEE0237AF618","0"
"record_balanced_original_rule","20260624","8B6D00BB4B3D31BEAF510B13EF008F89DAD796783258A930A805F5CCB5241891","rbv01_0213C5737861DD256119EF44D45CD1CECAF08BA1B29FE2AD47F7CEE0237AF618","0"
"record_balanced_original_rule","20260624","8B7ADC6299FA9B729519F3E00DAB7AB78386D37852C546ED498269FA10C4DE8C","rbv01_011B84DDF86961F6053ED2B20908582AF6425C6EFA13305F705F7C498093367C","1"
"record_balanced_original_rule","20260624","8BD2BA6BC69394B010133B33BD94D4126CB9DDE9AEBBB6A1909C207F18018E2F","rbv01_01C322D9FB99669376EAE9C000289E1B0BF73B04313F3AF1BFE6D03B29E89068","4"
"record_balanced_original_rule","20260624","8C8ADCC5EE805FF228EBD7E9837D46BC52E39E084AB5D77B93AA9061F6A8F4E6","rbv01_011B84DDF86961F6053ED2B20908582AF6425C6EFA13305F705F7C498093367C","1"
"record_balanced_original_rule","20260624","8CA995663AD521BD881EBFCAB3673CB58E430FACC0A2D44393A1A8545784A19F","rbv01_01C322D9FB99669376EAE9C000289E1B0BF73B04313F3AF1BFE6D03B29E89068","4"
"record_balanced_original_rule","20260624","8D0F5D8F2B9CC4348508F31D4DBDFDDA6686E7FA7BDEA7A4F10458774EE90BDD","rbv01_0213C5737861DD256119EF44D45CD1CECAF08BA1B29FE2AD47F7CEE0237AF618","0"
"record_balanced_original_rule","20260624","8D2367B073C93A6B7AF1F8C302E360ACC48CBB135F2A471D241C20D256BC7DD0","rbv01_011B84DDF86961F6053ED2B20908582AF6425C6EFA13305F705F7C498093367C","1"
"record_balanced_original_rule","20260624","8D5BE5B965AE78C84F7AF39A39A4818E32874C03171F3A38140D9DA93317D993","rbv01_0213C5737861DD256119EF44D45CD1CECAF08BA1B29FE2AD47F7CEE0237AF618","0"
"record_balanced_original_rule","20260624","8DC13221CDC8A299BDF5C089A9AFA15FF408F9258F8DD381AB85FAC56C927F0C","rbv01_011B84DDF86961F6053ED2B20908582AF6425C6EFA13305F705F7C498093367C","1"
"record_balanced_original_rule","20260624","8DFD3DC5692B9F40CFC589C5E3587170DFEB95671BD1AE500463F3B3F15DE121","rbv01_054201B2ED3ADADFBB0028C07B1A262219631DC717FDE4862C42583AB67D10C2","1"
"record_balanced_original_rule","20260624","8E087950A8D3B17DDBC4234439CF1150E4FA89FAC9FDD627203B54916F942BAE","rbv01_0213C5737861DD256119EF44D45CD1CECAF08BA1B29FE2AD47F7CEE0237AF618","0"
"record_balanced_original_rule","20260624","8E2FE0379BCA69566921FB316DBA59AD90F83FCF3314764B9A9E18CF073A8FBD","rbv01_0213C5737861DD256119EF44D45CD1CECAF08BA1B29FE2AD47F7CEE0237AF618","0"
"record_balanced_original_rule","20260624","8E3BD2A0BD188A089E10E1613F4F00D6ADF2A7837AD10FE9FD457C84E4559999","rbv01_011B84DDF86961F6053ED2B20908582AF6425C6EFA13305F705F7C498093367C","1"
"record_balanced_original_rule","20260624","8EA7D97DA4254925A2D4D2FA08D53D90EA8D22BBA9A12E0D10994A3C85E47BA5","rbv01_0213C5737861DD256119EF44D45CD1CECAF08BA1B29FE2AD47F7CEE0237AF618","0"
"record_balanced_original_rule","20260624","8ED9A28FD1E99D6AAB57A56A09165645B2F9CEDCC29D59C392D023EEA19BE2B6","rbv01_2358EC0C12B602E4B7C5F9C580844910C6D49ACB512E9988307B46ECAFCD07F3","4"
"record_balanced_original_rule","20260624","8EEFDEF743BB0DE60C2186D81805DD93204A59469330D933C96795F964672D0D","rbv01_0213C5737861DD256119EF44D45CD1CECAF08BA1B29FE2AD47F7CEE0237AF618","0"
"record_balanced_original_rule","20260624","8EFB7207458F7BA2A3C43D9EE98E42B70DD5ED07B0D884A5D3A9ED9140F4C3C7","rbv01_0213C5737861DD256119EF44D45CD1CECAF08BA1B29FE2AD47F7CEE0237AF618","0"
"record_balanced_original_rule","20260624","8FB55FD05A532C990B653111AC098B695A15E680F8E285A727D45CC1C0428E1D","rbv01_0E9E0FC3E20BED0F32C5DF6A0164CCE77E206A06E5378ED855756B22A2C4F6E6","3"
"record_balanced_original_rule","20260624","8FBFBA16638DF5C68BE6030F57ED504D0902E2E0065ED14A517B7A6BA22B26B6","rbv01_2E07CE0B7A1B55DF7DB4D4392437AF0F59B5B306F82BBC43DD35B9CBA85F5BB7","0"
"record_balanced_original_rule","20260624","8FF33DA21215A8C336C541FF29354A450497EBD2C35C6EB19AD5097976D723E3","rbv01_011B84DDF86961F6053ED2B20908582AF6425C6EFA13305F705F7C498093367C","1"
"record_balanced_original_rule","20260624","90463CAA376EEA8E0CF9697C988C4F0851BF8A5F9403F2592D92294D613492DB","rbv01_011B84DDF86961F6053ED2B20908582AF6425C6EFA13305F705F7C498093367C","1"
"record_balanced_original_rule","20260624","90AEE9FAA4F0065415C4969100825A4EC85E2C0DF2BCF44FF1FEE2C730BCDD7D","rbv01_0213C5737861DD256119EF44D45CD1CECAF08BA1B29FE2AD47F7CEE0237AF618","0"
"record_balanced_original_rule","20260624","9144C0803960B48E93CFB8EF8D364ACAC34493BA8A7B9F06869130677381A3C8","rbv01_011B84DDF86961F6053ED2B20908582AF6425C6EFA13305F705F7C498093367C","1"
"record_balanced_original_rule","20260624","91B6E42F20C629F9D84CE9961CD3091D5FC24FA86448E625E05E530FD5BD836C","rbv01_011B84DDF86961F6053ED2B20908582AF6425C6EFA13305F705F7C498093367C","1"
"record_balanced_original_rule","20260624","91D7600E094FBF44D355227A17F9325BDE206AFD72E8E3DD714BE294152A6659","rbv01_011B84DDF86961F6053ED2B20908582AF6425C6EFA13305F705F7C498093367C","1"
"record_balanced_original_rule","20260624","9230E7640525F42401FC8423F2734CF80C0FA11E2C61338927E5F882EE956219","rbv01_0213C5737861DD256119EF44D45CD1CECAF08BA1B29FE2AD47F7CEE0237AF618","0"
"record_balanced_original_rule","20260624","92744507A7E4976EE7523AB813CFF3D4E8B998C81D31BB8BAF04EC93CC4B360E","rbv01_0213C5737861DD256119EF44D45CD1CECAF08BA1B29FE2AD47F7CEE0237AF618","0"
"record_balanced_original_rule","20260624","92CF7A7CFBDB00AB37841E2D54D77E2D3E9965A84F0AB708942D57CD193DC1B3","rbv01_0213C5737861DD256119EF44D45CD1CECAF08BA1B29FE2AD47F7CEE0237AF618","0"
"record_balanced_original_rule","20260624","92EFDC8A6BB36DEE83BD78E6BDF15C863F942B3ACF947CE06B7FC528B184BD63","rbv01_0213C5737861DD256119EF44D45CD1CECAF08BA1B29FE2AD47F7CEE0237AF618","0"
"record_balanced_original_rule","20260624","93029E3ADD7CA60DF7AED6F122F30CDE36489AD8DB49669DBBDBF3E23D0C49F5","rbv01_2358EC0C12B602E4B7C5F9C580844910C6D49ACB512E9988307B46ECAFCD07F3","4"
"record_balanced_original_rule","20260624","932676D0130009C414A7293C0A8AECFD19C7E70A16A44565170EC9941B1FB9B7","rbv01_054201B2ED3ADADFBB0028C07B1A262219631DC717FDE4862C42583AB67D10C2","1"
"record_balanced_original_rule","20260624","935A5BFF056F4CEECF3A0CA3F0D5E363379E0A83BA11395E40D7CEADB5E1E2A1","rbv01_0DA9CA625518CEB3C5B20C7295004FB7CDC5BC108FF93282C63467286DA188EB","4"
"record_balanced_original_rule","20260624","935FFE5428FFD057750B38420EC714D317B269F40A5B100C18D5FB9072238F44","rbv01_021729FAD057771AC5A3F59730477FE06019418FF0104B829F6E153E2D91134D","3"
"record_balanced_original_rule","20260624","93DC47FA87BC3CAAA2F54C7F7275820256854FC87D634BBA9943ABB7C830B563","rbv01_011B84DDF86961F6053ED2B20908582AF6425C6EFA13305F705F7C498093367C","1"
"record_balanced_original_rule","20260624","93EA3AFE695AB72944CE960C445216A8F7DE5E38A3EF70EBD6B001B873C9E7F5","rbv01_2358EC0C12B602E4B7C5F9C580844910C6D49ACB512E9988307B46ECAFCD07F3","4"
"record_balanced_original_rule","20260624","941DA1E93147AC449A34766BEB9E6F779F6BB7D673D56EA2500183F7D7EA99A6","rbv01_2358EC0C12B602E4B7C5F9C580844910C6D49ACB512E9988307B46ECAFCD07F3","4"
"record_balanced_original_rule","20260624","9431525AF974BF8AE9A617E873DFE987B3462CE89EF52826ED563590B48713B2","rbv01_011B84DDF86961F6053ED2B20908582AF6425C6EFA13305F705F7C498093367C","1"
"record_balanced_original_rule","20260624","94403B00F4C27692A15471785DEC4558C6E4441D298D1CD27E5DD15A09F50958","rbv01_0213C5737861DD256119EF44D45CD1CECAF08BA1B29FE2AD47F7CEE0237AF618","0"
"record_balanced_original_rule","20260624","9456034CBD939EFD3C631CBF990E9900B8D100408C444146AEAD0DBC4F117AA5","rbv01_0E9E0FC3E20BED0F32C5DF6A0164CCE77E206A06E5378ED855756B22A2C4F6E6","3"
"record_balanced_original_rule","20260624","9472CCFC458432F0245782DF81EF3CCC162727EB2B663D6D2ABD7325BF9EDEBA","rbv01_0213C5737861DD256119EF44D45CD1CECAF08BA1B29FE2AD47F7CEE0237AF618","0"
"record_balanced_original_rule","20260624","94BBE98B9617FFAD695B03E0D385ABA86ADE5DFC27FC99552CAB8B6E6EE39CBA","rbv01_011B84DDF86961F6053ED2B20908582AF6425C6EFA13305F705F7C498093367C","1"
"record_balanced_original_rule","20260624","94E8FE3326EDB15EAF268D32075CCC7938670F7828D1309E37FCE14727E825B5","rbv01_011B84DDF86961F6053ED2B20908582AF6425C6EFA13305F705F7C498093367C","1"
"record_balanced_original_rule","20260624","954F49615105E0169DF75A1B369CBC70F167FFFCACD17251A7A4212FC9C1BE53","rbv01_011B84DDF86961F6053ED2B20908582AF6425C6EFA13305F705F7C498093367C","1"
"record_balanced_original_rule","20260624","965B72C36BD8B554A0F7C2095B27D698627074A7DD65AF384EFEC7BC20813684","rbv01_011B84DDF86961F6053ED2B20908582AF6425C6EFA13305F705F7C498093367C","1"
"record_balanced_original_rule","20260624","967A9E25194C9B926C1EB51CFCDDEACDF2AEC9C60ACFA22F3041C33D2B4FD12E","rbv01_08EC8F274B3390CA9A557C1810F52FE38EAF9404CF035F8A1D70A5AAAFA3EA60","2"
"record_balanced_original_rule","20260624","96AD3CCF49E68431A0EBCBE695FCC44631DFA5A24E1F1ACB5E9C535E6972CA1F","rbv01_021729FAD057771AC5A3F59730477FE06019418FF0104B829F6E153E2D91134D","3"
"record_balanced_original_rule","20260624","96AD8F483A39B1F766C01826424C7A7C7756FCF851D0794C7AB35FC706DB3E27","rbv01_0E9E0FC3E20BED0F32C5DF6A0164CCE77E206A06E5378ED855756B22A2C4F6E6","3"
"record_balanced_original_rule","20260624","96B06DF71A8D9C328723CF4729DCB38E7B0CA7A11605FCED7909AD6990EE0DED","rbv01_011B84DDF86961F6053ED2B20908582AF6425C6EFA13305F705F7C498093367C","1"
"record_balanced_original_rule","20260624","96BF9EEC71C3D8BFDA0879DFDB0A3B638521E633CEF973318E9E8AF06FECD1BD","rbv01_2E07CE0B7A1B55DF7DB4D4392437AF0F59B5B306F82BBC43DD35B9CBA85F5BB7","0"
"record_balanced_original_rule","20260624","96CC1BF094805E6DBB1D499E797637D017363A2616D9FD77CBCD370057B124A5","rbv01_021729FAD057771AC5A3F59730477FE06019418FF0104B829F6E153E2D91134D","3"
"record_balanced_original_rule","20260624","97275CF486F7243A55298CE3E8C80F6FB7C2834FC83F8C0A22D8CDEE58328F7C","rbv01_011B84DDF86961F6053ED2B20908582AF6425C6EFA13305F705F7C498093367C","1"
"record_balanced_original_rule","20260624","974AA12B016201D6FAF186D688B35D72ECB70F6ABD5B8013C11599F96E5D1C0B","rbv01_021729FAD057771AC5A3F59730477FE06019418FF0104B829F6E153E2D91134D","3"
"record_balanced_original_rule","20260624","989F989BB3E2A76DC8D6FD3AF1CC1C5F53D56C556DBA6E94DAAE8A34207308C3","rbv01_08EC8F274B3390CA9A557C1810F52FE38EAF9404CF035F8A1D70A5AAAFA3EA60","2"
"record_balanced_original_rule","20260624","98CE880F8E208D7E8F19E48AAB152230CD7A3F825A669EE41A7B2C5AAC470847","rbv01_011B84DDF86961F6053ED2B20908582AF6425C6EFA13305F705F7C498093367C","1"
"record_balanced_original_rule","20260624","993DD9019DE3A63CBC2CFA11871F4A8D1177C11E9F2D8D500EBED6FDF5513970","rbv01_08EC8F274B3390CA9A557C1810F52FE38EAF9404CF035F8A1D70A5AAAFA3EA60","2"
"record_balanced_original_rule","20260624","996F7E2BCF4156C3C40B6BF50230E04FA4B8633A44EBAD8DF9B946848B7BF911","rbv01_011B84DDF86961F6053ED2B20908582AF6425C6EFA13305F705F7C498093367C","1"
"record_balanced_original_rule","20260624","9978A3D9F2C007B814433CCCF551876A3F2BE07803E58DF5790F0BF71B95A4F3","rbv01_011B84DDF86961F6053ED2B20908582AF6425C6EFA13305F705F7C498093367C","1"
"record_balanced_original_rule","20260624","99BEE47E926F5C197166A27C03EA73070890451C2E941F4B5F212DD4A8ABEE7F","rbv01_01C322D9FB99669376EAE9C000289E1B0BF73B04313F3AF1BFE6D03B29E89068","4"
"record_balanced_original_rule","20260624","99C2D87E3AC1A70712BAECA49F2B90424C2CCBD7DC5BDA399A0E0E53F5E6FA95","rbv01_25A206590D1048D18147FD26B701861897281071258782AED6A00779FFF7210A","1"
"record_balanced_original_rule","20260624","99D2EDF93FA5DF3EDDEEE8E76424E57BE5A0F979A0F40AF8748AD39BFB7D4783","rbv01_021729FAD057771AC5A3F59730477FE06019418FF0104B829F6E153E2D91134D","3"
"record_balanced_original_rule","20260624","9A4EDE29DC7D57B746DA089725C2CA147311764FE784F915DA9AF42311096FF5","rbv01_01C322D9FB99669376EAE9C000289E1B0BF73B04313F3AF1BFE6D03B29E89068","4"
"record_balanced_original_rule","20260624","9A6EB222721A4B3AFB8A6907BADD79B05988DE825E93E45A20478B47AF65EA1C","rbv01_011B84DDF86961F6053ED2B20908582AF6425C6EFA13305F705F7C498093367C","1"
"record_balanced_original_rule","20260624","9AE244575472CEB614CE97F37476AE02D1582E47E44D3A8AE6B6A14DDE83377A","rbv01_147C763D2DD7A735DC5DA68C31ECD7579510C8C8494E1BBB99D46B386B713D84","3"
"record_balanced_original_rule","20260624","9AEB2C9AB7668AECFD219A43B3553F9C0C0D44F7513541BE452EE9D2F385A89B","rbv01_011B84DDF86961F6053ED2B20908582AF6425C6EFA13305F705F7C498093367C","1"
"record_balanced_original_rule","20260624","9B409D08D4F7DF4F100BEB9D526A01CCFF66F55895040F1649A1793FB6BE6A27","rbv01_0E9E0FC3E20BED0F32C5DF6A0164CCE77E206A06E5378ED855756B22A2C4F6E6","3"
"record_balanced_original_rule","20260624","9BC61785CCFF4F5A3023D44E81BD5FBA0459D924693C6CAFACD77B673D54CE0C","rbv01_011B84DDF86961F6053ED2B20908582AF6425C6EFA13305F705F7C498093367C","1"
"record_balanced_original_rule","20260624","9BE6D8B513D4AEE0E44A0EA7D1D64F9005E4D5FA148A5875434B3768B348526F","rbv01_011B84DDF86961F6053ED2B20908582AF6425C6EFA13305F705F7C498093367C","1"
"record_balanced_original_rule","20260624","9BF4B873F61C85C5CFCBF3E28C06C55E460DB91115B4900F24B2267F4B89F7F7","rbv01_011B84DDF86961F6053ED2B20908582AF6425C6EFA13305F705F7C498093367C","1"
"record_balanced_original_rule","20260624","9CDE208E1774B95E20C26DDC5A05032155DAA99CAF37297475EB6877BF5D9E6C","rbv01_011B84DDF86961F6053ED2B20908582AF6425C6EFA13305F705F7C498093367C","1"
"record_balanced_original_rule","20260624","9CE4990F4468E8CA1A30D72782D89C31EE02F25547376564F6E00DDEA4C50E15","rbv01_011D932A057B34C28A553A7C900731E1D7B1E42FD9312A7495A3DF8ECA2AF3C9","4"
"record_balanced_original_rule","20260624","9D1D95BC7B3BB8CD662337B9D315ABBFF95A91650CFBB0A569F283020522FDDB","rbv01_0213C5737861DD256119EF44D45CD1CECAF08BA1B29FE2AD47F7CEE0237AF618","0"
"record_balanced_original_rule","20260624","9D50C4E2BFE7655BA57A8AF97F9D7297BA9230FF7237D3015886A2734660711D","rbv01_011B84DDF86961F6053ED2B20908582AF6425C6EFA13305F705F7C498093367C","1"
"record_balanced_original_rule","20260624","9E094D6A22EE73270E623A74D3921BCDC42B7EBCFA76ABDBB08F6EA171667C89","rbv01_0213C5737861DD256119EF44D45CD1CECAF08BA1B29FE2AD47F7CEE0237AF618","0"
"record_balanced_original_rule","20260624","9E0F74D47709718EAE0E82943E828C47DE8F3423B04058635BED4D9EABAEAFE2","rbv01_011B84DDF86961F6053ED2B20908582AF6425C6EFA13305F705F7C498093367C","1"
"record_balanced_original_rule","20260624","9E1F554A0A95B97E0CA4D62F9E7BAA5CF3D55DADDAECD0ECD0FCEA74E3325611","rbv01_2358EC0C12B602E4B7C5F9C580844910C6D49ACB512E9988307B46ECAFCD07F3","4"
"record_balanced_original_rule","20260624","9E294AED38242D18340C17BB55612BC399214101D26979BEBDB3928D0BD6B2BF","rbv01_01C322D9FB99669376EAE9C000289E1B0BF73B04313F3AF1BFE6D03B29E89068","4"
"record_balanced_original_rule","20260624","9EE349148B7433C58335607776CF84F62DB29A060746D726376C2718DDFAB49D","rbv01_0213C5737861DD256119EF44D45CD1CECAF08BA1B29FE2AD47F7CEE0237AF618","0"
"record_balanced_original_rule","20260624","9F16BA7CC9039F46FD172EA592109267E4CF8E0F63EBFD16763109C46036C6B8","rbv01_0213C5737861DD256119EF44D45CD1CECAF08BA1B29FE2AD47F7CEE0237AF618","0"
"record_balanced_original_rule","20260624","9F362D5DD7C83F7B68F074524A6B21E13A3A8D534211346638F9565ED29B907D","rbv01_0C68AE2824568C19A46D2947C2D1EB95DFE6E72AF600B3275A62492DFFF69BF3","3"
"record_balanced_original_rule","20260624","9F3B90D743E91CEB141A07626829FE7390543716A2DF2875078E57C09189203E","rbv01_01C322D9FB99669376EAE9C000289E1B0BF73B04313F3AF1BFE6D03B29E89068","4"
"record_balanced_original_rule","20260624","9F56327DC9136A6B454AAFD369C3D9BE77566E0C0BFF906EFAF97349EE9F0469","rbv01_0213C5737861DD256119EF44D45CD1CECAF08BA1B29FE2AD47F7CEE0237AF618","0"
"record_balanced_original_rule","20260624","9FAF203403482C0607C27C42C6120FC8817C20F743CA9B1C0F32C8A781B66D82","rbv01_01C322D9FB99669376EAE9C000289E1B0BF73B04313F3AF1BFE6D03B29E89068","4"
"record_balanced_original_rule","20260624","9FBB7975B685AACF9E57A7EE27540D3B3082599BF55B3914F11B5DAAE063C6C3","rbv01_0213C5737861DD256119EF44D45CD1CECAF08BA1B29FE2AD47F7CEE0237AF618","0"
"record_balanced_original_rule","20260624","9FEF4DAA1FA8F9DC2C4CFFA392AE4F2C70131D6ECF1F52F9959286EDD30234F6","rbv01_011B84DDF86961F6053ED2B20908582AF6425C6EFA13305F705F7C498093367C","1"
"record_balanced_original_rule","20260624","A00CF8DB35FD2BF16C89039CEB287322989D9A5DBC4E126CF84A8AF89A2F9FBD","rbv01_011B84DDF86961F6053ED2B20908582AF6425C6EFA13305F705F7C498093367C","1"
"record_balanced_original_rule","20260624","A02229A62F69D229523467E9D761C49E4B255243C54CCE3956D7C788C15AEB48","rbv01_08EC8F274B3390CA9A557C1810F52FE38EAF9404CF035F8A1D70A5AAAFA3EA60","2"
"record_balanced_original_rule","20260624","A026675FC213C116EA7B6D584A1026B358E634B8D1A5C73C71657238A9B24E3C","rbv01_0213C5737861DD256119EF44D45CD1CECAF08BA1B29FE2AD47F7CEE0237AF618","0"
"record_balanced_original_rule","20260624","A094988D3810C1636445052E51033B2B64DFAA9D112186730649765788F07785","rbv01_0213C5737861DD256119EF44D45CD1CECAF08BA1B29FE2AD47F7CEE0237AF618","0"
"record_balanced_original_rule","20260624","A0BDECBEC08B8CA56BE96CBCA952AD1F346B55E11EF34B840FEBC35FDC2B635B","rbv01_011D932A057B34C28A553A7C900731E1D7B1E42FD9312A7495A3DF8ECA2AF3C9","4"
"record_balanced_original_rule","20260624","A0E9A770206BB0D079EEF0E807E89604D9EF4EA42B8AAC4840689FB0279D17E3","rbv01_011B84DDF86961F6053ED2B20908582AF6425C6EFA13305F705F7C498093367C","1"
"record_balanced_original_rule","20260624","A129611254B45B29BE1F723940F1308A2E2132F5C5327EAFC116AD573287C377","rbv01_029BDA298EE9F6CF5E11C8E41A870100C0DF57502218FA6619B580755530C213","2"
"record_balanced_original_rule","20260624","A178871189DE7F85434B18372DC55B6D45313743570D59F0C46A88B414C218EF","rbv01_046276E5E1EC434CD47FE2E1D4137204B7C79D59E90B81B5BFE9A77BC6C0BB54","2"
"record_balanced_original_rule","20260624","A19D5F8B4C279ED3EEDA8F3CBE08754AB56784BB32F62B80A5003C8693AF25F8","rbv01_011B84DDF86961F6053ED2B20908582AF6425C6EFA13305F705F7C498093367C","1"
"record_balanced_original_rule","20260624","A1EBA7A51CB4677CC3D75B17D99A5F29EB749DD797EEACCC358C4832E663AB61","rbv01_011B84DDF86961F6053ED2B20908582AF6425C6EFA13305F705F7C498093367C","1"
"record_balanced_original_rule","20260624","A2540BBD4A04A8F4CA491AEDA11C861ECA084B5FA0FDED598221CE5E39B327F9","rbv01_021729FAD057771AC5A3F59730477FE06019418FF0104B829F6E153E2D91134D","3"
"record_balanced_original_rule","20260624","A28817D9AE3D590061F1907BDE77674C6F139174633A66C183CA5E37D9445C82","rbv01_2358EC0C12B602E4B7C5F9C580844910C6D49ACB512E9988307B46ECAFCD07F3","4"
"record_balanced_original_rule","20260624","A2B31A48B1121D0B46B56867CFC3B0221C246A334309BB1FF56C0FB5627F9BF6","rbv01_021729FAD057771AC5A3F59730477FE06019418FF0104B829F6E153E2D91134D","3"
"record_balanced_original_rule","20260624","A31FBF14CC521381726B74331187B09728C8CC0AEC645E0B1C008CDB1D4C8B79","rbv01_0213C5737861DD256119EF44D45CD1CECAF08BA1B29FE2AD47F7CEE0237AF618","0"
"record_balanced_original_rule","20260624","A342A8C19B6289AA9968296E81CAC34E6ED57ED699CF975FBEFDB8FB873F8753","rbv01_011D932A057B34C28A553A7C900731E1D7B1E42FD9312A7495A3DF8ECA2AF3C9","4"
"record_balanced_original_rule","20260624","A3566D7A7D6571F5A149F069808E2FFD84C7089999AB5B5DBEA4B040AA498FF5","rbv01_046276E5E1EC434CD47FE2E1D4137204B7C79D59E90B81B5BFE9A77BC6C0BB54","2"
"record_balanced_original_rule","20260624","A3EE792239C7B445684568BBD26CD49449A433FCAF4629840B503FBB3FD657C3","rbv01_01C322D9FB99669376EAE9C000289E1B0BF73B04313F3AF1BFE6D03B29E89068","4"
"record_balanced_original_rule","20260624","A45A0D981DC15E411A8A730F065ED2A4450522B88986DE42076FA62913C55966","rbv01_01C322D9FB99669376EAE9C000289E1B0BF73B04313F3AF1BFE6D03B29E89068","4"
"record_balanced_original_rule","20260624","A4A1A30142167D3E63853575135270BEF4B6F64B8E30C918CB9C641B8F6D8DE5","rbv01_011B84DDF86961F6053ED2B20908582AF6425C6EFA13305F705F7C498093367C","1"
"record_balanced_original_rule","20260624","A5020B604A71D846CE9EB162E024A3492E94044EE2760F5C96377349FD8B3845","rbv01_021729FAD057771AC5A3F59730477FE06019418FF0104B829F6E153E2D91134D","3"
"record_balanced_original_rule","20260624","A50B0284D4DC64BCEADB9E38CA4DF3779C2198D54A2E9132F4A69FD7F589F1EE","rbv01_011B84DDF86961F6053ED2B20908582AF6425C6EFA13305F705F7C498093367C","1"
"record_balanced_original_rule","20260624","A53DD7CE4D97EC023635AF994A24FFFB169B08F9F7783227D507F55874B782FE","rbv01_0E9E0FC3E20BED0F32C5DF6A0164CCE77E206A06E5378ED855756B22A2C4F6E6","3"
"record_balanced_original_rule","20260624","A56DFE7845D180B57AD4C32B60E788C1B646B5543F489B4BAE30F3E52C7378A0","rbv01_021729FAD057771AC5A3F59730477FE06019418FF0104B829F6E153E2D91134D","3"
"record_balanced_original_rule","20260624","A5A6AC999BBB9C6393219762984D8A9B25C1CF2A2D4E3A2B48CCAD6CA26B5D94","rbv01_0213C5737861DD256119EF44D45CD1CECAF08BA1B29FE2AD47F7CEE0237AF618","0"
"record_balanced_original_rule","20260624","A5BA79BDB38526D47E7D3DB83BEEC1CB0341B5779614CC0C3EAE317012DD7CC1","rbv01_25A206590D1048D18147FD26B701861897281071258782AED6A00779FFF7210A","1"
"record_balanced_original_rule","20260624","A694B173CC51F90D9919DBD439565A2261557CE37752DA3AD45DE8F182C5A9C8","rbv01_2358EC0C12B602E4B7C5F9C580844910C6D49ACB512E9988307B46ECAFCD07F3","4"
"record_balanced_original_rule","20260624","A6A5FE04AD499E2F8A513C5F9C7F9F53454E611A0686C82B192DC3565E51E29D","rbv01_021729FAD057771AC5A3F59730477FE06019418FF0104B829F6E153E2D91134D","3"
"record_balanced_original_rule","20260624","A6B39E4CCCD266E14329E22E184B44C3B5E471F9336AB86F6B5063971253EF4F","rbv01_01C322D9FB99669376EAE9C000289E1B0BF73B04313F3AF1BFE6D03B29E89068","4"
"record_balanced_original_rule","20260624","A6D3F09F58CACD9A105956CDE5D46CAF31CA0671FD2B965FD4521A2EB05CE80B","rbv01_0E9E0FC3E20BED0F32C5DF6A0164CCE77E206A06E5378ED855756B22A2C4F6E6","3"
"record_balanced_original_rule","20260624","A6F6ADB62D7854164181E3F53C781C0596810450B6BBD2D78F3CBA2D3F4BD375","rbv01_011B84DDF86961F6053ED2B20908582AF6425C6EFA13305F705F7C498093367C","1"
"record_balanced_original_rule","20260624","A7242C71450DFE4C9F6516F79D3E00888AD68314435F9221E82E3BFFD7BFB941","rbv01_0E9E0FC3E20BED0F32C5DF6A0164CCE77E206A06E5378ED855756B22A2C4F6E6","3"
"record_balanced_original_rule","20260624","A75CBAF883526AD3EE84C3467D5958568225690F4519303FD58E18D53699E9C9","rbv01_011B84DDF86961F6053ED2B20908582AF6425C6EFA13305F705F7C498093367C","1"
"record_balanced_original_rule","20260624","A7AEDB9ADAEC5EFA654038B3B350AC8BB9ABCF5A84785FA1FE635B6E2A1DDEDB","rbv01_011B84DDF86961F6053ED2B20908582AF6425C6EFA13305F705F7C498093367C","1"
"record_balanced_original_rule","20260624","A8250C60F6976A49EEFC3BE2A8017C21CE7A8777B0FA994CB4DEAF4B51A4CAB3","rbv01_0213C5737861DD256119EF44D45CD1CECAF08BA1B29FE2AD47F7CEE0237AF618","0"
"record_balanced_original_rule","20260624","A857D6C962A1BB8A30AA42EF52223204FE49A5FD357CDF3D30CD0CCC159F7782","rbv01_0213C5737861DD256119EF44D45CD1CECAF08BA1B29FE2AD47F7CEE0237AF618","0"
"record_balanced_original_rule","20260624","A85985AFD9787B9471DE1718399A26426312CB22045B5875B628AC7B1755E6E2","rbv01_021729FAD057771AC5A3F59730477FE06019418FF0104B829F6E153E2D91134D","3"
"record_balanced_original_rule","20260624","A8FB89FCBB715862E336B4554EF21B1C2C40EFBE0889EC4AE5DDC6270BD84D84","rbv01_021729FAD057771AC5A3F59730477FE06019418FF0104B829F6E153E2D91134D","3"
"record_balanced_original_rule","20260624","A900525F615C6EA901B005920CBB90465784D92E2C6FA6123B30963A6EBC557C","rbv01_0E9E0FC3E20BED0F32C5DF6A0164CCE77E206A06E5378ED855756B22A2C4F6E6","3"
"record_balanced_original_rule","20260624","A9FE8E8891E83371DB9900D5341EF1E7DD8BAF2C77E6838FDBD874A1196E3839","rbv01_01C322D9FB99669376EAE9C000289E1B0BF73B04313F3AF1BFE6D03B29E89068","4"
"record_balanced_original_rule","20260624","AA2168DCA96C9A68C56FB8DEE1273CF3453B6EED916BA3843C1AD4BEBD07DF89","rbv01_011B84DDF86961F6053ED2B20908582AF6425C6EFA13305F705F7C498093367C","1"
"record_balanced_original_rule","20260624","AA34DC06B546A5EBB289CA8683E31E711E577F368184C87AFBABD4E096978F0E","rbv01_0213C5737861DD256119EF44D45CD1CECAF08BA1B29FE2AD47F7CEE0237AF618","0"
"record_balanced_original_rule","20260624","AA715982F79C850C8196EB84DD84E8347AA8321A82031E1016D45BA6D2DAA2A3","rbv01_01C322D9FB99669376EAE9C000289E1B0BF73B04313F3AF1BFE6D03B29E89068","4"
"record_balanced_original_rule","20260624","AA8584CE275124EC11DDF0DE314B6EA9723B689214A0C1F0B246ADDE992F590A","rbv01_021729FAD057771AC5A3F59730477FE06019418FF0104B829F6E153E2D91134D","3"
"record_balanced_original_rule","20260624","AAC2A801563F3D58E4290EFB2E9CF97DADD187949955C9C6EEAB72D43F7B1147","rbv01_0213C5737861DD256119EF44D45CD1CECAF08BA1B29FE2AD47F7CEE0237AF618","0"
"record_balanced_original_rule","20260624","AADAE32213B79CEC5C017C126403033CD07288D85FD723A98A29874B774A99C1","rbv01_011B84DDF86961F6053ED2B20908582AF6425C6EFA13305F705F7C498093367C","1"
"record_balanced_original_rule","20260624","AB339D8E020767FCFF4474FAE669B20D7067C901F503EB50DEFD2CF4E69B33E6","rbv01_0213C5737861DD256119EF44D45CD1CECAF08BA1B29FE2AD47F7CEE0237AF618","0"
"record_balanced_original_rule","20260624","AB41398641C12C9408E69857A4C231D30D2A92962FD29AAE008D43DC9CADDA0E","rbv01_08EC8F274B3390CA9A557C1810F52FE38EAF9404CF035F8A1D70A5AAAFA3EA60","2"
"record_balanced_original_rule","20260624","AB52920C056BC3D626F45523B472C65C44FCA9DC9A623EA5457683E94132C1BC","rbv01_0213C5737861DD256119EF44D45CD1CECAF08BA1B29FE2AD47F7CEE0237AF618","0"
"record_balanced_original_rule","20260624","AB9017B74EDBA5356EFD2EC657C83D9D19B7ADA73C33B879061587D492AF1944","rbv01_011B84DDF86961F6053ED2B20908582AF6425C6EFA13305F705F7C498093367C","1"
"record_balanced_original_rule","20260624","ABB876EB13648B1298D139D4922374C58C19A4BDF29FDCE7D987BD3D3368992B","rbv01_01C322D9FB99669376EAE9C000289E1B0BF73B04313F3AF1BFE6D03B29E89068","4"
"record_balanced_original_rule","20260624","AC6FE594DD7ECB18A1B6E73786A79CB0FFFA5A656955D4AC61673767B15F9B9E","rbv01_021729FAD057771AC5A3F59730477FE06019418FF0104B829F6E153E2D91134D","3"
"record_balanced_original_rule","20260624","AC74F5EDBB316F0065CBBD7BACBFC9BA5698CC5DE0C466E34D85E3DD672994C4","rbv01_0213C5737861DD256119EF44D45CD1CECAF08BA1B29FE2AD47F7CEE0237AF618","0"
"record_balanced_original_rule","20260624","AC7E8AC1FBFB912D1FFFD4F44CCCB54CA00E3286DEC1FC355EA9713F7AE1ABF0","rbv01_0213C5737861DD256119EF44D45CD1CECAF08BA1B29FE2AD47F7CEE0237AF618","0"
"record_balanced_original_rule","20260624","AC96EDC92C16AE974D029E7C3EC79830377200F2AD647CB0839E57426654CC9D","rbv01_0213C5737861DD256119EF44D45CD1CECAF08BA1B29FE2AD47F7CEE0237AF618","0"
"record_balanced_original_rule","20260624","ACAB98F0C12CC6F991436AEB48A300F67A86445A6510BFF2C8E8768AA9C33BC4","rbv01_0213C5737861DD256119EF44D45CD1CECAF08BA1B29FE2AD47F7CEE0237AF618","0"
"record_balanced_original_rule","20260624","ACEBCF22CAEF9C9C02F0786C289750F766EFD28E1BFFD1F02B61CE569FE2E580","rbv01_011B84DDF86961F6053ED2B20908582AF6425C6EFA13305F705F7C498093367C","1"
"record_balanced_original_rule","20260624","AD7CD4A46FC4EE7DE1D8AB6389CF8611CDCC6BEACDA38C4B07156D5345D23070","rbv01_011B84DDF86961F6053ED2B20908582AF6425C6EFA13305F705F7C498093367C","1"
"record_balanced_original_rule","20260624","ADF32FABCAC2700D763411EB6FA3EFE78D894E5EA5E2F441B74E7F3C399A302C","rbv01_011B84DDF86961F6053ED2B20908582AF6425C6EFA13305F705F7C498093367C","1"
"record_balanced_original_rule","20260624","AE060FBBAB2E247C0B79C1F9B6565EAB1F4C889FEAA03B7B0BDABEEFB7FAEADC","rbv01_0213C5737861DD256119EF44D45CD1CECAF08BA1B29FE2AD47F7CEE0237AF618","0"
"record_balanced_original_rule","20260624","AE06FDB7F5581A7D50CB291B4BC504907018DBF91EEBFD748519E5114196B99B","rbv01_0213C5737861DD256119EF44D45CD1CECAF08BA1B29FE2AD47F7CEE0237AF618","0"
"record_balanced_original_rule","20260624","AE457019834DE2438EADCFDB7A45B3BA5F9FE533B0667F6E368E1FC3002435FE","rbv01_0DA9CA625518CEB3C5B20C7295004FB7CDC5BC108FF93282C63467286DA188EB","4"
"record_balanced_original_rule","20260624","AF0D75317982A0E738A58779CB4D71BA4C5D3CC26F032C2E6EFE98B3DC8C3EDB","rbv01_021729FAD057771AC5A3F59730477FE06019418FF0104B829F6E153E2D91134D","3"
"record_balanced_original_rule","20260624","AF33E009B8494A61158C95F0369ED1017797A678F3EF0CBF663BDB55E3BBE70B","rbv01_0213C5737861DD256119EF44D45CD1CECAF08BA1B29FE2AD47F7CEE0237AF618","0"
"record_balanced_original_rule","20260624","AFE2243B4A6313F75EC08783353D54521F9F38D6D7BC9AE0D75B0701E04C5F24","rbv01_054201B2ED3ADADFBB0028C07B1A262219631DC717FDE4862C42583AB67D10C2","1"
"record_balanced_original_rule","20260624","B06E21958CD4549AACE77E83D22C28877440A8AD0AF72D91EFE3AB4CC613C029","rbv01_01C322D9FB99669376EAE9C000289E1B0BF73B04313F3AF1BFE6D03B29E89068","4"
"record_balanced_original_rule","20260624","B145D46C6B0610141563B3D6BF4900725422A6057E0042E247C6780ECF90D4D7","rbv01_0213C5737861DD256119EF44D45CD1CECAF08BA1B29FE2AD47F7CEE0237AF618","0"
"record_balanced_original_rule","20260624","B1838BAC87D0C258143D1BD324B696E54E470ECF260D0E94EEE6A4C3646A8506","rbv01_0213C5737861DD256119EF44D45CD1CECAF08BA1B29FE2AD47F7CEE0237AF618","0"
"record_balanced_original_rule","20260624","B1EE7DBE14997AD832D2E3B1D15CD7117CD0BD7441A20C2D734153ECF8F03AA4","rbv01_01C322D9FB99669376EAE9C000289E1B0BF73B04313F3AF1BFE6D03B29E89068","4"
"record_balanced_original_rule","20260624","B200D86B8772A6CDABAA7D4FC509BEF8CE48F162F95F720A2D1CC39AE8ABDEAB","rbv01_0E9E0FC3E20BED0F32C5DF6A0164CCE77E206A06E5378ED855756B22A2C4F6E6","3"
"record_balanced_original_rule","20260624","B29953F7D4F0FA8CF6F15E29AB86FE99E389F8361C845BFC072A8D925C96ED7D","rbv01_054201B2ED3ADADFBB0028C07B1A262219631DC717FDE4862C42583AB67D10C2","1"
"record_balanced_original_rule","20260624","B2A91EA5E1E20CDD45E2A6DBD5221F4C2BCF3CEBB9C561698EE5E95C5382BA47","rbv01_011B84DDF86961F6053ED2B20908582AF6425C6EFA13305F705F7C498093367C","1"
"record_balanced_original_rule","20260624","B2CD5F47D035F19D6E0133B9749EAC1E83AB88C02CE3862A36E707B74BC4904C","rbv01_011B84DDF86961F6053ED2B20908582AF6425C6EFA13305F705F7C498093367C","1"
"record_balanced_original_rule","20260624","B348C9E6BEE2B307688E043EB498EBA86B6279660BAA6972D34F1611A092DB08","rbv01_011D932A057B34C28A553A7C900731E1D7B1E42FD9312A7495A3DF8ECA2AF3C9","4"
"record_balanced_original_rule","20260624","B3759A0C61400E55ACF97C46DD8E1338BC2E1D1BAF23760B330329772F508D56","rbv01_0A5AC21E5BA740588E2CBBCCF2F521223BEEC9FB27076F153A79601562B5DA7C","2"
"record_balanced_original_rule","20260624","B37AE0189199B24FD4C49D8EAFA64FAAC75B65B904402B44678B8D937FCE973A","rbv01_021729FAD057771AC5A3F59730477FE06019418FF0104B829F6E153E2D91134D","3"
"record_balanced_original_rule","20260624","B39F4EC3413F813DE60B2E85C96D8B1911D848DC8C7736BB3A3CB27B6F27F92E","rbv01_054201B2ED3ADADFBB0028C07B1A262219631DC717FDE4862C42583AB67D10C2","1"
"record_balanced_original_rule","20260624","B3CA2613D5C3FE50D6A832EFB117A99A0448C3350EE0535E440154F6EF143A8B","rbv01_011B84DDF86961F6053ED2B20908582AF6425C6EFA13305F705F7C498093367C","1"
"record_balanced_original_rule","20260624","B519ECCDF65739257F48A201228250169491DB87668182427D58C9969E0FF76B","rbv01_046276E5E1EC434CD47FE2E1D4137204B7C79D59E90B81B5BFE9A77BC6C0BB54","2"
"record_balanced_original_rule","20260624","B5741EADFFB6C447500186972531336C960E3B33523732AE2514BFE0FE5801DD","rbv01_011B84DDF86961F6053ED2B20908582AF6425C6EFA13305F705F7C498093367C","1"
"record_balanced_original_rule","20260624","B5C8942EDA8C11D378B5423AD08DA153434FE3FA13BD75E891D599BE6D0EE1A9","rbv01_76BCAA01B24B5B79F90CBEA55222EB028CC0DA3AC4CAD5CF5008C6EE1291E4FC","4"
"record_balanced_original_rule","20260624","B5F2C01FB2A7D3B67FE58B77FAE8319DB2F4745B234630C40F8D2807F1EA6BFD","rbv01_0C68AE2824568C19A46D2947C2D1EB95DFE6E72AF600B3275A62492DFFF69BF3","3"
"record_balanced_original_rule","20260624","B6EEDBC7569A107C2A6A8061EAB3FBDBF15FDDF94B81CE3FDF4CA5EC83431154","rbv01_011B84DDF86961F6053ED2B20908582AF6425C6EFA13305F705F7C498093367C","1"
"record_balanced_original_rule","20260624","B7EBC5F16557717928BFAA68B4AE69586AAA0B2C26F157F2614161FAAC407C7F","rbv01_2358EC0C12B602E4B7C5F9C580844910C6D49ACB512E9988307B46ECAFCD07F3","4"
"record_balanced_original_rule","20260624","B8100B810C31F4477DBAA22FF74BD4FEB089626D057AD5A5B625ADEB3FC58842","rbv01_2358EC0C12B602E4B7C5F9C580844910C6D49ACB512E9988307B46ECAFCD07F3","4"
"record_balanced_original_rule","20260624","B86659A0E2D9B5BA88BA985BE047EF9A47252D224C31573B33CF1A23BC22A03B","rbv01_08EC8F274B3390CA9A557C1810F52FE38EAF9404CF035F8A1D70A5AAAFA3EA60","2"
"record_balanced_original_rule","20260624","B868B875CC1AA88D1796EDF1F4B51F7D67F8EE095EBAE40D3AE5129225D8DFDF","rbv01_011B84DDF86961F6053ED2B20908582AF6425C6EFA13305F705F7C498093367C","1"
"record_balanced_original_rule","20260624","B8F019C4D99BE1379301DB1F13A7F76D968564E34A078592DF03119F4B70438A","rbv01_0213C5737861DD256119EF44D45CD1CECAF08BA1B29FE2AD47F7CEE0237AF618","0"
"record_balanced_original_rule","20260624","B93A04708485D4EC46BB9191716C5BC32A292BF37BA4FBB35BFB3F1AA95CFE9A","rbv01_1A2E259AFB28A34C9C6E003C355FAC70F5755F63B27530053ACE4BA8A31F3C72","4"
"record_balanced_original_rule","20260624","B94154C8899CFBEC4230E47BA20C4D8424D8473764034D77FC9D0A1EDA884548","rbv01_011B84DDF86961F6053ED2B20908582AF6425C6EFA13305F705F7C498093367C","1"
"record_balanced_original_rule","20260624","B94D8856A497C9A6DB9B4C2779EC59EB2691D760CAA26895730BE0BE602B40A8","rbv01_011B84DDF86961F6053ED2B20908582AF6425C6EFA13305F705F7C498093367C","1"
"record_balanced_original_rule","20260624","B9BD7EB4F5BD12D41795C4CE132116A980B7E7733D8B7165B7C3B2642F076E18","rbv01_0213C5737861DD256119EF44D45CD1CECAF08BA1B29FE2AD47F7CEE0237AF618","0"
"record_balanced_original_rule","20260624","B9BD9565C71BA9B0497C0941CFBC60B2B14BD87260FB308D63D43B4C0D637EDF","rbv01_011B84DDF86961F6053ED2B20908582AF6425C6EFA13305F705F7C498093367C","1"
"record_balanced_original_rule","20260624","B9D724760C86604BBB0864C4AA14987C209A32E35A60D266151B006A2E5008AE","rbv01_0E9E0FC3E20BED0F32C5DF6A0164CCE77E206A06E5378ED855756B22A2C4F6E6","3"
"record_balanced_original_rule","20260624","B9D9A2E1C4B4CD247E864EBD7E2812FDA455003AC283FE1B222F923FD58B19FC","rbv01_0213C5737861DD256119EF44D45CD1CECAF08BA1B29FE2AD47F7CEE0237AF618","0"
"record_balanced_original_rule","20260624","BA4F1B10819A8F9E97119CC5D7076594BC81BCB8B817E983D5377B0B84C40D41","rbv01_046276E5E1EC434CD47FE2E1D4137204B7C79D59E90B81B5BFE9A77BC6C0BB54","2"
"record_balanced_original_rule","20260624","BAA06761F485A4ABA9AE803C1E5945748AFA196FA102FB05F99C3BF5E2038016","rbv01_08EC8F274B3390CA9A557C1810F52FE38EAF9404CF035F8A1D70A5AAAFA3EA60","2"
"record_balanced_original_rule","20260624","BB53F7CAC1B5EFF06D4D271BEB7D4376A80ACFB147C128F3032AE94D703C27E6","rbv01_011B84DDF86961F6053ED2B20908582AF6425C6EFA13305F705F7C498093367C","1"
"record_balanced_original_rule","20260624","BB540B24F63759F19B2A8272AC569D12A6AADE54ADB3A9E9D53897FBFD4941BB","rbv01_0E9E0FC3E20BED0F32C5DF6A0164CCE77E206A06E5378ED855756B22A2C4F6E6","3"
"record_balanced_original_rule","20260624","BB79574A85B67E96D8D51BFFCE53004FC56EA9E7419BC27D155E73DB77300407","rbv01_011B84DDF86961F6053ED2B20908582AF6425C6EFA13305F705F7C498093367C","1"
"record_balanced_original_rule","20260624","BB7E305C33C5A679AB9A6E999CDB56EAC15AE4B74DC7DDD941093AE731C4592B","rbv01_011D932A057B34C28A553A7C900731E1D7B1E42FD9312A7495A3DF8ECA2AF3C9","4"
"record_balanced_original_rule","20260624","BB861A32BF81583BC93DCF9202EC1749E18A6B3F55BF3A8736329AB89A38B6E7","rbv01_011B84DDF86961F6053ED2B20908582AF6425C6EFA13305F705F7C498093367C","1"
"record_balanced_original_rule","20260624","BB9CA604639983710E38AF2634203CD47193835B57165344FC8077DDDB5D4FC5","rbv01_2358EC0C12B602E4B7C5F9C580844910C6D49ACB512E9988307B46ECAFCD07F3","4"
"record_balanced_original_rule","20260624","BBA485F1B43AE7780C35E46FC658849FC877F626FF3B0C114C5A25BD83C36800","rbv01_01C322D9FB99669376EAE9C000289E1B0BF73B04313F3AF1BFE6D03B29E89068","4"
"record_balanced_original_rule","20260624","BBB218297BA7A0CA2DCEB9981A9878288D21364396EF071F5F0938E446211BEB","rbv01_021729FAD057771AC5A3F59730477FE06019418FF0104B829F6E153E2D91134D","3"
"record_balanced_original_rule","20260624","BBF3D6E7C1884A3AE2175E051614292C2F30A4B609072AF20182038BAEC747FE","rbv01_054201B2ED3ADADFBB0028C07B1A262219631DC717FDE4862C42583AB67D10C2","1"
"record_balanced_original_rule","20260624","BC108F1A9D8E57900D11637C16F7EB73251D901E7C21452F3569F9BDB00F1D5A","rbv01_021729FAD057771AC5A3F59730477FE06019418FF0104B829F6E153E2D91134D","3"
"record_balanced_original_rule","20260624","BC17A649667C68A0D97BA413FA5CD94AADA0571F0648298DC32E2D81DF818289","rbv01_0213C5737861DD256119EF44D45CD1CECAF08BA1B29FE2AD47F7CEE0237AF618","0"
"record_balanced_original_rule","20260624","BC59AB749AF1DCD339D13991C02EA8906D3AD95744F19773A9A9F7CF9F9E1C27","rbv01_011B84DDF86961F6053ED2B20908582AF6425C6EFA13305F705F7C498093367C","1"
"record_balanced_original_rule","20260624","BCC2CD5F0D3647BBF209E6EB9A41289EEAD47E5D2823FB7348E594E67D9FDDF2","rbv01_011B84DDF86961F6053ED2B20908582AF6425C6EFA13305F705F7C498093367C","1"
"record_balanced_original_rule","20260624","BD0215C009B94F443FBB7C13314D0698576F1E924DD98C10D1BF6EA4EE2A5B27","rbv01_0213C5737861DD256119EF44D45CD1CECAF08BA1B29FE2AD47F7CEE0237AF618","0"
"record_balanced_original_rule","20260624","BDDE832A1AB36BBB98D1729FFE9D170B71D1C7855D714105EE36F49DAA5130C6","rbv01_011B84DDF86961F6053ED2B20908582AF6425C6EFA13305F705F7C498093367C","1"
"record_balanced_original_rule","20260624","BDEC379DE72E119131CCD9A28E283FF0DEB5D4EE1C8A8327467A365F1A8DC98D","rbv01_021729FAD057771AC5A3F59730477FE06019418FF0104B829F6E153E2D91134D","3"
"record_balanced_original_rule","20260624","BE1142D58C43A688F6B2D06F3F208781610B34DC0FE9EC96C2C95A721F86252D","rbv01_011B84DDF86961F6053ED2B20908582AF6425C6EFA13305F705F7C498093367C","1"
"record_balanced_original_rule","20260624","BE3CBACB270E7D8402567193A0B8DFE5B222A18115E5E051661A41E4C7224047","rbv01_011B84DDF86961F6053ED2B20908582AF6425C6EFA13305F705F7C498093367C","1"
"record_balanced_original_rule","20260624","BF13459ED4C51FC764B8D32D8DC7E945F652AB995DED7EC5BF054B273AB00E8F","rbv01_0213C5737861DD256119EF44D45CD1CECAF08BA1B29FE2AD47F7CEE0237AF618","0"
"record_balanced_original_rule","20260624","C099836BC703D927F83DDE65F456933C8F1A94EB40993699CAFA1089989225B7","rbv01_0213C5737861DD256119EF44D45CD1CECAF08BA1B29FE2AD47F7CEE0237AF618","0"
"record_balanced_original_rule","20260624","C18EA628946D04F2EC112F1CF72E8344E0DF3EB19712BA76CC7E85737851D2ED","rbv01_2358EC0C12B602E4B7C5F9C580844910C6D49ACB512E9988307B46ECAFCD07F3","4"
"record_balanced_original_rule","20260624","C1C2010C013730168967BCC65E0D421A7D28D6DC093D274B3BA75B67BB461EC4","rbv01_0213C5737861DD256119EF44D45CD1CECAF08BA1B29FE2AD47F7CEE0237AF618","0"
"record_balanced_original_rule","20260624","C1FF16F877F184D1345F0716C0D36A443D54121CA683A5AD4D7CE9A4C9C1FCEC","rbv01_0D49377FA046416BEACFBB00B72B25CF04B27FCDD1DFA22E7E8C3ECE070E08F2","1"
"record_balanced_original_rule","20260624","C2E9A284B53A07C539ABE6167C643B459414F42D225BFD9C0F63896281626D91","rbv01_011B84DDF86961F6053ED2B20908582AF6425C6EFA13305F705F7C498093367C","1"
"record_balanced_original_rule","20260624","C32126F322122558C66377512853B4D6C0B06A49B4EB41A226ECE9FE5C842AD5","rbv01_4C51CFDB4AF8C1E97EE68AD316E14EE38D69EBF9BC08EA86615CC9553C187FB5","3"
"record_balanced_original_rule","20260624","C3876C0DA76BBFAB3CA30CBF0637C93F1955CFFB510209097FF630AA52F4DC3B","rbv01_2358EC0C12B602E4B7C5F9C580844910C6D49ACB512E9988307B46ECAFCD07F3","4"
"record_balanced_original_rule","20260624","C3D2C97E3DEC0BB5D8D8B6EC626E169FF6F7DA7C040B266616CFE0B2DB64044C","rbv01_01C322D9FB99669376EAE9C000289E1B0BF73B04313F3AF1BFE6D03B29E89068","4"
"record_balanced_original_rule","20260624","C3ECC9037D31BE4431B6E41933FCC564AD88C94968C0E087B6F9B3A85284C6CD","rbv01_046276E5E1EC434CD47FE2E1D4137204B7C79D59E90B81B5BFE9A77BC6C0BB54","2"
"record_balanced_original_rule","20260624","C3F7A6E5E0532194F9147B8BF2A22ADF5B185E9769050D0E0514582D36228137","rbv01_2358EC0C12B602E4B7C5F9C580844910C6D49ACB512E9988307B46ECAFCD07F3","4"
"record_balanced_original_rule","20260624","C4213A6EAEB15B5790B4360F2B6E218D019741654D0FA832E9B6476A24B3E85E","rbv01_01C322D9FB99669376EAE9C000289E1B0BF73B04313F3AF1BFE6D03B29E89068","4"
"record_balanced_original_rule","20260624","C46B125AA6FD16BB09E22BB23A8D872A46AC0D526525EECF48BF1BE79095577C","rbv01_011B84DDF86961F6053ED2B20908582AF6425C6EFA13305F705F7C498093367C","1"
"record_balanced_original_rule","20260624","C470F8B4B10DA4148C4CED620968FE4401AEF4244CF79E0642EA2E50861D4C97","rbv01_011B84DDF86961F6053ED2B20908582AF6425C6EFA13305F705F7C498093367C","1"
"record_balanced_original_rule","20260624","C47896C9D53550EDF40D1485D2ECF809FA4C7AAF81443C7CCFCC4FF77C902BB5","rbv01_021729FAD057771AC5A3F59730477FE06019418FF0104B829F6E153E2D91134D","3"
"record_balanced_original_rule","20260624","C4FDE08E990972AB90E02DEA79BC4406F9953968511881C7BDBDD65720740145","rbv01_011B84DDF86961F6053ED2B20908582AF6425C6EFA13305F705F7C498093367C","1"
"record_balanced_original_rule","20260624","C4FE16D78D333D24B6FB9C7EB3A8D7225EC1450F10F57F828F917B0E2615AB09","rbv01_011B84DDF86961F6053ED2B20908582AF6425C6EFA13305F705F7C498093367C","1"
"record_balanced_original_rule","20260624","C5871DAE82ABAFA71A24BAF08810AD7ED5C7C3B840159CC274C83347FA18E6A3","rbv01_011B84DDF86961F6053ED2B20908582AF6425C6EFA13305F705F7C498093367C","1"
"record_balanced_original_rule","20260624","C5F4F742403A2ACBAEBC7DE5C0689EC7635EDBEEA05A3DF0A29E8C3D50B61649","rbv01_0E9E0FC3E20BED0F32C5DF6A0164CCE77E206A06E5378ED855756B22A2C4F6E6","3"
"record_balanced_original_rule","20260624","C658CE0CFA0E8FE9D350C38887123C4659BCD299DBC1AE54BA68F164D1B8565E","rbv01_011B84DDF86961F6053ED2B20908582AF6425C6EFA13305F705F7C498093367C","1"
"record_balanced_original_rule","20260624","C675997CF2F823E3D603A0B58900E01C299127F834AF36A33AEE14BA27C9BEF4","rbv01_08EC8F274B3390CA9A557C1810F52FE38EAF9404CF035F8A1D70A5AAAFA3EA60","2"
"record_balanced_original_rule","20260624","C67620705F70632039C8225E8A46C21289DA592650AE2A36F5A407BF00821BC5","rbv01_011B84DDF86961F6053ED2B20908582AF6425C6EFA13305F705F7C498093367C","1"
"record_balanced_original_rule","20260624","C69B53FF41F92A205289CD2EB49FEB1D531505793EF182D5A729A5228B96DB90","rbv01_0213C5737861DD256119EF44D45CD1CECAF08BA1B29FE2AD47F7CEE0237AF618","0"
"record_balanced_original_rule","20260624","C6E29CBAFA5E735C159B8EFDB288D586C0E356BAB7D1D065A9E2A2E813DABE6B","rbv01_0D49377FA046416BEACFBB00B72B25CF04B27FCDD1DFA22E7E8C3ECE070E08F2","1"
"record_balanced_original_rule","20260624","C77AD87E7C3B4C46DA55DB10181B23030C10090C3DE757E8D9FAA123FAA0F97F","rbv01_011D932A057B34C28A553A7C900731E1D7B1E42FD9312A7495A3DF8ECA2AF3C9","4"
"record_balanced_original_rule","20260624","C7A781BF9A1C3FE7A3DAF10DD9D274D10FB50389FA3D4EBDF39E7A1D958DF3D0","rbv01_0E9E0FC3E20BED0F32C5DF6A0164CCE77E206A06E5378ED855756B22A2C4F6E6","3"
"record_balanced_original_rule","20260624","C7B54BDF60C92518872D1C57AEF2D3C8BDCCB3F712ACB6DE17BAC8F2D99C0A47","rbv01_011B84DDF86961F6053ED2B20908582AF6425C6EFA13305F705F7C498093367C","1"
"record_balanced_original_rule","20260624","C83EC75B022C34D3F55812FD730977C1F2AE511752744CE19605D2E51B954C1B","rbv01_0213C5737861DD256119EF44D45CD1CECAF08BA1B29FE2AD47F7CEE0237AF618","0"
"record_balanced_original_rule","20260624","C8A1B03EB686F7C8CAD3B14667DB5DFC9A4AC5430412C154D0BBE7F1CE2592E8","rbv01_011B84DDF86961F6053ED2B20908582AF6425C6EFA13305F705F7C498093367C","1"
"record_balanced_original_rule","20260624","C91589BD71C2809B016880159E0213C30A24A69C983785D5D0638F17F89CB9B6","rbv01_2358EC0C12B602E4B7C5F9C580844910C6D49ACB512E9988307B46ECAFCD07F3","4"
"record_balanced_original_rule","20260624","CA11F7BF23531F30358FC7BF01CFE7D5D2D3E1DC583FBAA509D220816FD2138C","rbv01_0213C5737861DD256119EF44D45CD1CECAF08BA1B29FE2AD47F7CEE0237AF618","0"
"record_balanced_original_rule","20260624","CA26DFBEFDE496F1EA153FE5E11E545A17F7BA36189F57C309392DFFFB1A362D","rbv01_021729FAD057771AC5A3F59730477FE06019418FF0104B829F6E153E2D91134D","3"
"record_balanced_original_rule","20260624","CAC25E66C72FAE2F2EE200CAFF349DC8202EFBAA843AEAC6D57755BF8EC5C5DD","rbv01_011B84DDF86961F6053ED2B20908582AF6425C6EFA13305F705F7C498093367C","1"
"record_balanced_original_rule","20260624","CAF19075880F62FAF8048157A1028994F27E9E95B9AE0BE97F801FB910EE227E","rbv01_0213C5737861DD256119EF44D45CD1CECAF08BA1B29FE2AD47F7CEE0237AF618","0"
"record_balanced_original_rule","20260624","CB344079F12CE6E7854BEB1B12CFCFC69D87B06F60759FBB602561B0B8F2C5A8","rbv01_046276E5E1EC434CD47FE2E1D4137204B7C79D59E90B81B5BFE9A77BC6C0BB54","2"
"record_balanced_original_rule","20260624","CBB306D563AF1475DD70483341742AD46B3DC3BB5E7397FBBEE3E7AD38F09981","rbv01_0A5AC21E5BA740588E2CBBCCF2F521223BEEC9FB27076F153A79601562B5DA7C","2"
"record_balanced_original_rule","20260624","CC1FE8BECBFA48728DF9831D4A48B906A91F0CD3C655DD332A8ABACA1DD5AE91","rbv01_25A206590D1048D18147FD26B701861897281071258782AED6A00779FFF7210A","1"
"record_balanced_original_rule","20260624","CC6B6023F88A67BD99E41B1981B0AC1D92E796BCDD5AA2CF1A0B70FA4895FD44","rbv01_0213C5737861DD256119EF44D45CD1CECAF08BA1B29FE2AD47F7CEE0237AF618","0"
"record_balanced_original_rule","20260624","CC9102A2732EF11FC0913FA7085F6FAA505F4CF73C976CBA72EE8C20AB9CADE4","rbv01_011B84DDF86961F6053ED2B20908582AF6425C6EFA13305F705F7C498093367C","1"
"record_balanced_original_rule","20260624","CCE05234A4781635373B610B3FEA0BE4C5CA371189DC43BA6576E4CC4A270BC3","rbv01_0213C5737861DD256119EF44D45CD1CECAF08BA1B29FE2AD47F7CEE0237AF618","0"
"record_balanced_original_rule","20260624","CCE1CB2CFC3C13ACA42B9D516F04CFDC1B24CF2B52E868812152B2345EBE9B4F","rbv01_0213C5737861DD256119EF44D45CD1CECAF08BA1B29FE2AD47F7CEE0237AF618","0"
"record_balanced_original_rule","20260624","CD1B62181F83E387D8E24FF67CCBD8A1E11BA5AD8970337517DB9317DE2E4874","rbv01_0213C5737861DD256119EF44D45CD1CECAF08BA1B29FE2AD47F7CEE0237AF618","0"
"record_balanced_original_rule","20260624","CD1F3C4B685E71AC58B0775AC907F7CDC0AD44EE4C9534126D696279E361F90A","rbv01_011B84DDF86961F6053ED2B20908582AF6425C6EFA13305F705F7C498093367C","1"
"record_balanced_original_rule","20260624","CD7B0849E1C2E9264C494CA00C61B16DBB847BF2CBC3464624D4D11B54F94CEB","rbv01_011B84DDF86961F6053ED2B20908582AF6425C6EFA13305F705F7C498093367C","1"
"record_balanced_original_rule","20260624","CE2557F4248198F5922C14D08246E384A04862FB5CA317E6700868FC2E2537D0","rbv01_0D49377FA046416BEACFBB00B72B25CF04B27FCDD1DFA22E7E8C3ECE070E08F2","1"
"record_balanced_original_rule","20260624","CEA55450F2602D6717293450C4FB0AB0EBEFF0210F59AFAD6885903EE9A7435E","rbv01_011B84DDF86961F6053ED2B20908582AF6425C6EFA13305F705F7C498093367C","1"
"record_balanced_original_rule","20260624","CEE3D488D361FABD5E13DA86AF2CD985FD52ABB6A62DFCF520752F25F7F008C9","rbv01_054201B2ED3ADADFBB0028C07B1A262219631DC717FDE4862C42583AB67D10C2","1"
"record_balanced_original_rule","20260624","CF4F92F197F7B829D1B13CA0A83C1D47AEE882369E3021042EDB08014733FD5C","rbv01_01C322D9FB99669376EAE9C000289E1B0BF73B04313F3AF1BFE6D03B29E89068","4"
"record_balanced_original_rule","20260624","D0110E69D722C5EFB0A0F40F12E6D49EC6A0E1F8EE6390C488F17ABEC1D35C57","rbv01_0213C5737861DD256119EF44D45CD1CECAF08BA1B29FE2AD47F7CEE0237AF618","0"
"record_balanced_original_rule","20260624","D024D5C16CC82A40BF9565D31A5E5A630A32509DDDC0A0A825D16D41D02CA37F","rbv01_011B84DDF86961F6053ED2B20908582AF6425C6EFA13305F705F7C498093367C","1"
"record_balanced_original_rule","20260624","D0E71F868DED2D54488E37688EA0490F320A02635C336ED210E91ABE86AF92AE","rbv01_08EC8F274B3390CA9A557C1810F52FE38EAF9404CF035F8A1D70A5AAAFA3EA60","2"
"record_balanced_original_rule","20260624","D0F24AA6C7D25A6C15735F248E293D5000E67C9862550D33B2EDFA1FA92FDB97","rbv01_0213C5737861DD256119EF44D45CD1CECAF08BA1B29FE2AD47F7CEE0237AF618","0"
"record_balanced_original_rule","20260624","D11954EE94AD1EAA891628A01E2A50576FE4E22655EE2F3A6882EC88EB10FF00","rbv01_0213C5737861DD256119EF44D45CD1CECAF08BA1B29FE2AD47F7CEE0237AF618","0"
"record_balanced_original_rule","20260624","D13E13989D9D572066EC50B21645248CD70EAAA6E186F74861D10A25D20A42EB","rbv01_011D932A057B34C28A553A7C900731E1D7B1E42FD9312A7495A3DF8ECA2AF3C9","4"
"record_balanced_original_rule","20260624","D14F54F5B9E0A5B5051AC7757C4A76128E9D1B38536B9FD1A4503515CE2F79B1","rbv01_011B84DDF86961F6053ED2B20908582AF6425C6EFA13305F705F7C498093367C","1"
"record_balanced_original_rule","20260624","D168C7B7A6E6EC373F71A4F1F106D40E3FDBA8C5EB600636FF7735B230443759","rbv01_011D932A057B34C28A553A7C900731E1D7B1E42FD9312A7495A3DF8ECA2AF3C9","4"
"record_balanced_original_rule","20260624","D181DD2B3B5D070839CFD1D0138DAF7E441F398AAF45E287897478354BFADA2C","rbv01_011B84DDF86961F6053ED2B20908582AF6425C6EFA13305F705F7C498093367C","1"
"record_balanced_original_rule","20260624","D26A263DD301869FCB7372BB31B02E1D37D663506189161262612EF0D95476C0","rbv01_0E9E0FC3E20BED0F32C5DF6A0164CCE77E206A06E5378ED855756B22A2C4F6E6","3"
"record_balanced_original_rule","20260624","D273CBA99AF3CF030A0DC964E6B80B7372948948414C816F0BCB074D9D53AB5E","rbv01_01C322D9FB99669376EAE9C000289E1B0BF73B04313F3AF1BFE6D03B29E89068","4"
"record_balanced_original_rule","20260624","D274464C683058BF2EE2D703BF4D13DE275A630E86C5DAF6A2EE91E402982AB9","rbv01_011B84DDF86961F6053ED2B20908582AF6425C6EFA13305F705F7C498093367C","1"
"record_balanced_original_rule","20260624","D2C4965D162FAC423C91E7418E8F0B1FD9AB929C562C6AAB168762CA4B40DE35","rbv01_2358EC0C12B602E4B7C5F9C580844910C6D49ACB512E9988307B46ECAFCD07F3","4"
"record_balanced_original_rule","20260624","D2C523D15169AF68191B44D5F1216EE245DE3E82702C3CFA27CAB8F3E43771B2","rbv01_01C322D9FB99669376EAE9C000289E1B0BF73B04313F3AF1BFE6D03B29E89068","4"
"record_balanced_original_rule","20260624","D39A17E5B7FDF333F16D26D1E33355CAC56400A2EA00120507B19B9EE0D1108A","rbv01_021729FAD057771AC5A3F59730477FE06019418FF0104B829F6E153E2D91134D","3"
"record_balanced_original_rule","20260624","D3E50F0CB1BE63063A607D3C03CDC227FAB5D696E3373CEEB165A3FFF3391083","rbv01_021729FAD057771AC5A3F59730477FE06019418FF0104B829F6E153E2D91134D","3"
"record_balanced_original_rule","20260624","D42DEB898D8B5EEB119EA3C7E184A675194B9BFC68FF6714839C111E14A0C5A3","rbv01_011B84DDF86961F6053ED2B20908582AF6425C6EFA13305F705F7C498093367C","1"
"record_balanced_original_rule","20260624","D4BF6F5B5355EADE55788320E767CAF2D3F00C82DAAB6C0474C7E6BFF6E91BE6","rbv01_046276E5E1EC434CD47FE2E1D4137204B7C79D59E90B81B5BFE9A77BC6C0BB54","2"
"record_balanced_original_rule","20260624","D5856478D52086FDDC34BE189FE45DC90DF02788C7B2899AA8124E06E22949B2","rbv01_0213C5737861DD256119EF44D45CD1CECAF08BA1B29FE2AD47F7CEE0237AF618","0"
"record_balanced_original_rule","20260624","D58D8B9680E06B6A9787187D15517C4D341652FC9C1B422893906677A266C98B","rbv01_0E9E0FC3E20BED0F32C5DF6A0164CCE77E206A06E5378ED855756B22A2C4F6E6","3"
"record_balanced_original_rule","20260624","D5A9A7EACFF32F00C11CFC6EA88250E5CFBD4357E2DA02C05BDFA7C9AAC75203","rbv01_0213C5737861DD256119EF44D45CD1CECAF08BA1B29FE2AD47F7CEE0237AF618","0"
"record_balanced_original_rule","20260624","D5F0160DDF8B7E1A062DC48C97B1A64F621535F24B90F32B3FE6810D98396424","rbv01_0E9E0FC3E20BED0F32C5DF6A0164CCE77E206A06E5378ED855756B22A2C4F6E6","3"
"record_balanced_original_rule","20260624","D6D53E83661C5EE51D894096A3F6BF030633B9D90587642284A361D3145284D9","rbv01_011B84DDF86961F6053ED2B20908582AF6425C6EFA13305F705F7C498093367C","1"
"record_balanced_original_rule","20260624","D6E3F6648F41498A302BAAEA11B7A2BC6C44FC8C1A8DFE77D9602735B7D84643","rbv01_011B84DDF86961F6053ED2B20908582AF6425C6EFA13305F705F7C498093367C","1"
"record_balanced_original_rule","20260624","D756EBF38F58013435F3227F56D8314A2EB2F231E4710B689C0C1331A89392A9","rbv01_0213C5737861DD256119EF44D45CD1CECAF08BA1B29FE2AD47F7CEE0237AF618","0"
"record_balanced_original_rule","20260624","D809BA101F51162F3BAABB24C38428E67BC5802BEC2627C3E03AB55C6CD2438D","rbv01_0213C5737861DD256119EF44D45CD1CECAF08BA1B29FE2AD47F7CEE0237AF618","0"
"record_balanced_original_rule","20260624","D816DE8FCD28544DE0EBA1B895B4E45AD75BDBB87E245CA97712F9170AD8675D","rbv01_01C322D9FB99669376EAE9C000289E1B0BF73B04313F3AF1BFE6D03B29E89068","4"
"record_balanced_original_rule","20260624","D829A5E8A5761584469072433FCFF2F4EDF34A8883EA0A033682C169380F8DFC","rbv01_08EC8F274B3390CA9A557C1810F52FE38EAF9404CF035F8A1D70A5AAAFA3EA60","2"
"record_balanced_original_rule","20260624","D8309C0B23A7624AB1BA0F233B34A7591A55DFBFD071444A7D6223B72CDC514F","rbv01_046276E5E1EC434CD47FE2E1D4137204B7C79D59E90B81B5BFE9A77BC6C0BB54","2"
"record_balanced_original_rule","20260624","D8634956B97FCABE2E58A3B3EBE21AC3A6A89CBF49E1FE063079730368A680C1","rbv01_011D932A057B34C28A553A7C900731E1D7B1E42FD9312A7495A3DF8ECA2AF3C9","4"
"record_balanced_original_rule","20260624","D8AC1F08FAACB5E65C7142B0486DE27DE1AE9EF36D9B54DF3E4162E8DCF6A3E4","rbv01_011B84DDF86961F6053ED2B20908582AF6425C6EFA13305F705F7C498093367C","1"
"record_balanced_original_rule","20260624","D92E50FC1E2ADAB1E5545B26196DD3C1FB39B2CB02C5C938EEE1B8EA91EB8971","rbv01_011D932A057B34C28A553A7C900731E1D7B1E42FD9312A7495A3DF8ECA2AF3C9","4"
"record_balanced_original_rule","20260624","D964937E6BE96D9353F4DEDBDB96AA7014F842165DE5BBA754A582AA18EE9AA3","rbv01_0213C5737861DD256119EF44D45CD1CECAF08BA1B29FE2AD47F7CEE0237AF618","0"
"record_balanced_original_rule","20260624","D97FD3F690E2192D58AD9C63FB8F836769BF8D63D8E3DB5490F483A225F851E3","rbv01_147C763D2DD7A735DC5DA68C31ECD7579510C8C8494E1BBB99D46B386B713D84","3"
"record_balanced_original_rule","20260624","D9CB92E7DD2B1A28EB350206ACAFD189EFC0A24BF995072C35C7A59AD8C6D4F4","rbv01_0213C5737861DD256119EF44D45CD1CECAF08BA1B29FE2AD47F7CEE0237AF618","0"
"record_balanced_original_rule","20260624","DA28F4487632C33CB00C52E8821A93E99738BF9EF2CF5F5FD2BD5DACE2B32E75","rbv01_011B84DDF86961F6053ED2B20908582AF6425C6EFA13305F705F7C498093367C","1"
"record_balanced_original_rule","20260624","DA87D1B20C84BDAA4FEB81B8451277C6AF990112C968DC5D74C384C37336C144","rbv01_0213C5737861DD256119EF44D45CD1CECAF08BA1B29FE2AD47F7CEE0237AF618","0"
"record_balanced_original_rule","20260624","DA8C1B25FDF1EE64F11D446274300BDF5592F7B139059ACB887CB48B22085C10","rbv01_0E9E0FC3E20BED0F32C5DF6A0164CCE77E206A06E5378ED855756B22A2C4F6E6","3"
"record_balanced_original_rule","20260624","DAB191A79F3937CEF80CB10C8EDAD30AB819D7B7A1EC945ED97DEA121B2146E2","rbv01_0E9E0FC3E20BED0F32C5DF6A0164CCE77E206A06E5378ED855756B22A2C4F6E6","3"
"record_balanced_original_rule","20260624","DAC13FF5AD273AD8D227FE070BB68E34F3E91243CAA730D1F76645444FFB63BF","rbv01_0213C5737861DD256119EF44D45CD1CECAF08BA1B29FE2AD47F7CEE0237AF618","0"
"record_balanced_original_rule","20260624","DAEEACE4EBBEB18110C37FB754679517B1A7FE241F31A8E5668E2D6390379906","rbv01_011B84DDF86961F6053ED2B20908582AF6425C6EFA13305F705F7C498093367C","1"
"record_balanced_original_rule","20260624","DB0FDB40CB323EB001B1D91D69E5B617D9AE7C9214B8AC8F5351693C50C53615","rbv01_0213C5737861DD256119EF44D45CD1CECAF08BA1B29FE2AD47F7CEE0237AF618","0"
"record_balanced_original_rule","20260624","DB5CAF2F10E70591652983B0A9A674D5E1E0A6CAFCB99BAEE295AB1492D059AE","rbv01_2358EC0C12B602E4B7C5F9C580844910C6D49ACB512E9988307B46ECAFCD07F3","4"
"record_balanced_original_rule","20260624","DB6023577266D822EE30F61EBDAAE903E90873B5C7E6B878BC88B989B3743FD1","rbv01_0213C5737861DD256119EF44D45CD1CECAF08BA1B29FE2AD47F7CEE0237AF618","0"
"record_balanced_original_rule","20260624","DBA2A9C9D31BBDEE4AE615AEF05DF801FFDE8D783038511D8418A5C2E4CC3D95","rbv01_2358EC0C12B602E4B7C5F9C580844910C6D49ACB512E9988307B46ECAFCD07F3","4"
"record_balanced_original_rule","20260624","DBB57993260E834EEB15A6981BC9455910A500A218B017DC99086C49926EFC0F","rbv01_0213C5737861DD256119EF44D45CD1CECAF08BA1B29FE2AD47F7CEE0237AF618","0"
"record_balanced_original_rule","20260624","DBD36E2A9E31A331706778808DC745B01B0DBC84928ED659EB39552DB66DA217","rbv01_011B84DDF86961F6053ED2B20908582AF6425C6EFA13305F705F7C498093367C","1"
"record_balanced_original_rule","20260624","DBFD188359B33E344DD3575A7FEF9ACF1FE1390ADC5DEB18F272F2F5BDAA24ED","rbv01_0213C5737861DD256119EF44D45CD1CECAF08BA1B29FE2AD47F7CEE0237AF618","0"
"record_balanced_original_rule","20260624","DD08863B15193FDE15029C5261CACE0781A9916CCB5F23922150C5D4FE02F260","rbv01_0213C5737861DD256119EF44D45CD1CECAF08BA1B29FE2AD47F7CEE0237AF618","0"
"record_balanced_original_rule","20260624","DD237E2522897A78EE430D05C0E17F80DAB09F45409397155B2F4D6F0180BD38","rbv01_0E9E0FC3E20BED0F32C5DF6A0164CCE77E206A06E5378ED855756B22A2C4F6E6","3"
"record_balanced_original_rule","20260624","DD2B23F31F967DE66B35A226C6484F84D8C8B41422EFD1B367744CB15F6994A2","rbv01_011B84DDF86961F6053ED2B20908582AF6425C6EFA13305F705F7C498093367C","1"
"record_balanced_original_rule","20260624","DD43E02D5CA778418A9767334CB836741E66B9EDA031AABEF626981151956467","rbv01_0E9E0FC3E20BED0F32C5DF6A0164CCE77E206A06E5378ED855756B22A2C4F6E6","3"
"record_balanced_original_rule","20260624","DD77BDEE41FF5C34708DFDFC7BF2008446A368436BAE00A79365E4C128EA8115","rbv01_24E94D68923D29AEF856F56175B9FAD71A2143AB1D61B0C7F522B1582143C11A","2"
"record_balanced_original_rule","20260624","DD9C57CC0BAB03835D7B5AC7D53B279083E442C737B89715F25C16F8CF8F1062","rbv01_046276E5E1EC434CD47FE2E1D4137204B7C79D59E90B81B5BFE9A77BC6C0BB54","2"
"record_balanced_original_rule","20260624","DD9F868A6C11AA8C89B38F17D42235636C77D51D167C7E6AFA3730C56D7C3EDC","rbv01_0213C5737861DD256119EF44D45CD1CECAF08BA1B29FE2AD47F7CEE0237AF618","0"
"record_balanced_original_rule","20260624","DE1D8D245C904B68CE8DB1516D102D16665289744931A79E20BB0A19C281B686","rbv01_011B84DDF86961F6053ED2B20908582AF6425C6EFA13305F705F7C498093367C","1"
"record_balanced_original_rule","20260624","DE3FF391F564658A93C91EFAB17A175894DB6BD3F0556331B9BD27487F2182C0","rbv01_0213C5737861DD256119EF44D45CD1CECAF08BA1B29FE2AD47F7CEE0237AF618","0"
"record_balanced_original_rule","20260624","DE7E5E6899137CAE9A7B199C673ADA5A612E1CECA597A88314B667187065F2EF","rbv01_0213C5737861DD256119EF44D45CD1CECAF08BA1B29FE2AD47F7CEE0237AF618","0"
"record_balanced_original_rule","20260624","DE98A651F2CEC87FC16A85CB4A8B80AE87F912EAE31F37D6A85779DB84F16BAB","rbv01_1A2E259AFB28A34C9C6E003C355FAC70F5755F63B27530053ACE4BA8A31F3C72","4"
"record_balanced_original_rule","20260624","DF31E0615B70C788DF08D4776C884DAF966C77010327E24F6E56F6C14028749B","rbv01_046276E5E1EC434CD47FE2E1D4137204B7C79D59E90B81B5BFE9A77BC6C0BB54","2"
"record_balanced_original_rule","20260624","DF47C97CA253340A9C8F0B691ABBEB76888CAA31AC1A5B6F06316E765E8C723C","rbv01_021729FAD057771AC5A3F59730477FE06019418FF0104B829F6E153E2D91134D","3"
"record_balanced_original_rule","20260624","E05B384AA51098E63B9810C8BD7D222243A0FB3A4150AE91000A4CD1C1FCDF91","rbv01_0213C5737861DD256119EF44D45CD1CECAF08BA1B29FE2AD47F7CEE0237AF618","0"
"record_balanced_original_rule","20260624","E09E57623295975B73F78759CA10BA593AAA8CCFFF9747860916DFD6ED4EEAF1","rbv01_0C68AE2824568C19A46D2947C2D1EB95DFE6E72AF600B3275A62492DFFF69BF3","3"
"record_balanced_original_rule","20260624","E0CD3670928525AE106B3A06A885DD15FFDEEB9E442A6018F1D73685A2B3691D","rbv01_0213C5737861DD256119EF44D45CD1CECAF08BA1B29FE2AD47F7CEE0237AF618","0"
"record_balanced_original_rule","20260624","E212D9F79128ABBB96EDDFE468D758EC2D427AE831F5B6BCD7B5704593191D39","rbv01_011B84DDF86961F6053ED2B20908582AF6425C6EFA13305F705F7C498093367C","1"
"record_balanced_original_rule","20260624","E22A0AD26EC5BA655AB29225AF2AFF772CFB634720145D73A5F019FA5C631AEB","rbv01_011B84DDF86961F6053ED2B20908582AF6425C6EFA13305F705F7C498093367C","1"
"record_balanced_original_rule","20260624","E246B7CEABA27350D6B2CA1E4F0576FF64672859ECF9744F48BBD0F5BF91A1A5","rbv01_08EC8F274B3390CA9A557C1810F52FE38EAF9404CF035F8A1D70A5AAAFA3EA60","2"
"record_balanced_original_rule","20260624","E25170032897207B1D57B8514E9D800005F4BB30800E0E35C3D0215346D1A7D7","rbv01_0E9E0FC3E20BED0F32C5DF6A0164CCE77E206A06E5378ED855756B22A2C4F6E6","3"
"record_balanced_original_rule","20260624","E2CA78A0D54B2D21E7AED63C7DBB74EBA59843F56C20E28B03BBF2123A9393AA","rbv01_011B84DDF86961F6053ED2B20908582AF6425C6EFA13305F705F7C498093367C","1"
"record_balanced_original_rule","20260624","E359383FC1A17609E2FA8EE2F11DACBE69125625A6D74F830BD6719073F2B818","rbv01_3944733A0CAA861AE1BF7F69E83315DFE9AC8D1B7B910FB105834A8D8DA25040","2"
"record_balanced_original_rule","20260624","E36F6BE8491D1F802A89DD02BDFF97453211E5A8D6E05D550249FDD5C731CE4F","rbv01_011B84DDF86961F6053ED2B20908582AF6425C6EFA13305F705F7C498093367C","1"
"record_balanced_original_rule","20260624","E41FAE599EE5F8E24A25B1C83349FE69114C135F269932E570B90FCB7E0C2067","rbv01_2358EC0C12B602E4B7C5F9C580844910C6D49ACB512E9988307B46ECAFCD07F3","4"
"record_balanced_original_rule","20260624","E42CAD3DF4347CF86E39E6ACB7DB9CEA77E4BDFAF49C1929FD4E269016E868E3","rbv01_0213C5737861DD256119EF44D45CD1CECAF08BA1B29FE2AD47F7CEE0237AF618","0"
"record_balanced_original_rule","20260624","E451F3923EC19618AAF9955AA563AAB2168BD9782BB49DCF90BFB2071402A6F8","rbv01_0213C5737861DD256119EF44D45CD1CECAF08BA1B29FE2AD47F7CEE0237AF618","0"
"record_balanced_original_rule","20260624","E46DD288B55473137F64F755EC58FC90D4A061519DBBB27F6035515B542CB2D8","rbv01_0213C5737861DD256119EF44D45CD1CECAF08BA1B29FE2AD47F7CEE0237AF618","0"
"record_balanced_original_rule","20260624","E49323691B55FCB332DDAB0DA6B6E5DE29C81416064B2F0BA210067FE0BAC637","rbv01_021729FAD057771AC5A3F59730477FE06019418FF0104B829F6E153E2D91134D","3"
"record_balanced_original_rule","20260624","E4B56AC396D6047F5BBD1565C8D6818F58334D941EC5EB060A454DD96A17C4CB","rbv01_011B84DDF86961F6053ED2B20908582AF6425C6EFA13305F705F7C498093367C","1"
"record_balanced_original_rule","20260624","E4DB8A3060E5F8D3D98602DCFA684F69561C0EFA5E4A0E072DAE34184F3D35A4","rbv01_0213C5737861DD256119EF44D45CD1CECAF08BA1B29FE2AD47F7CEE0237AF618","0"
"record_balanced_original_rule","20260624","E521C231C9D763DF15BA4FEFE0A7C20B41AF6AC72FEBB9C63218D37B3E0071C0","rbv01_08EC8F274B3390CA9A557C1810F52FE38EAF9404CF035F8A1D70A5AAAFA3EA60","2"
"record_balanced_original_rule","20260624","E59F36CD18A8FDEF11D6C01D78BE7CB10B8E1495BB0D296A840FB29A8E5763A4","rbv01_0E9E0FC3E20BED0F32C5DF6A0164CCE77E206A06E5378ED855756B22A2C4F6E6","3"
"record_balanced_original_rule","20260624","E5E3891D7FB2DC9C566D9093F6E554EA58C01D97636B7CDB94AFC78C059F2032","rbv01_054201B2ED3ADADFBB0028C07B1A262219631DC717FDE4862C42583AB67D10C2","1"
"record_balanced_original_rule","20260624","E67B8C903A50C6CF124FCA8E4B7FC3CB99181BDB0B8A1E0BC550A90BE0C0C45E","rbv01_011B84DDF86961F6053ED2B20908582AF6425C6EFA13305F705F7C498093367C","1"
"record_balanced_original_rule","20260624","E67EF7B4DD462A33D35355EF7A3B8B1413801E90CF90CABEFA677A0E0630A89B","rbv01_1A2E259AFB28A34C9C6E003C355FAC70F5755F63B27530053ACE4BA8A31F3C72","4"
"record_balanced_original_rule","20260624","E69D195B4230DAB213A806B90B115D0D7B3968D14B4BAD7EB4B49FB15D950D35","rbv01_0DA9CA625518CEB3C5B20C7295004FB7CDC5BC108FF93282C63467286DA188EB","4"
"record_balanced_original_rule","20260624","E6DBF5237E90E59E4E6CD74FAB6724E4A33E94B3A100AE58EFC87F2BE93BB6E4","rbv01_2358EC0C12B602E4B7C5F9C580844910C6D49ACB512E9988307B46ECAFCD07F3","4"
"record_balanced_original_rule","20260624","E6F94AE5F02D685DECBDDC51F6B172CB4983966F7071806E9C0360047EDABB66","rbv01_08EC8F274B3390CA9A557C1810F52FE38EAF9404CF035F8A1D70A5AAAFA3EA60","2"
"record_balanced_original_rule","20260624","E729E263CDF3C7F543B6A3494DFA83EF957EC307AE57986DDA986B57DB0D91BB","rbv01_2358EC0C12B602E4B7C5F9C580844910C6D49ACB512E9988307B46ECAFCD07F3","4"
"record_balanced_original_rule","20260624","E76BF31B3CE6ED8BC178BD526D9A95DCD2CC48FCBD9ECD1D90EE39541DFF27A7","rbv01_011B84DDF86961F6053ED2B20908582AF6425C6EFA13305F705F7C498093367C","1"
"record_balanced_original_rule","20260624","E799598E768E10ADAFD31DC1D715EEF99376FECD6F35911799BD3970EF21E2A9","rbv01_0C68AE2824568C19A46D2947C2D1EB95DFE6E72AF600B3275A62492DFFF69BF3","3"
"record_balanced_original_rule","20260624","E79B26F30D235E537051B7412C1787AB5A29BC05CD4FD561E3D12C0659247041","rbv01_011B84DDF86961F6053ED2B20908582AF6425C6EFA13305F705F7C498093367C","1"
"record_balanced_original_rule","20260624","E7B8602606CC99C6CC616DB2C94A77210052458B2D91A5DC1A809DAF369F01F1","rbv01_011B84DDF86961F6053ED2B20908582AF6425C6EFA13305F705F7C498093367C","1"
"record_balanced_original_rule","20260624","E847CA3AA584CF46562C4C10D0A89CF1C89A16A42896F4FC74BA1CA1C5B78344","rbv01_011D932A057B34C28A553A7C900731E1D7B1E42FD9312A7495A3DF8ECA2AF3C9","4"
"record_balanced_original_rule","20260624","E849CE78D91B1766FEFD3FD7C6D99088CB84710ED932C712463811303A85095E","rbv01_021729FAD057771AC5A3F59730477FE06019418FF0104B829F6E153E2D91134D","3"
"record_balanced_original_rule","20260624","E8592CB96C2B3DEC8133ADD6E91CA773892E79E1DA43CE38BAD57634C99EAB5F","rbv01_011B84DDF86961F6053ED2B20908582AF6425C6EFA13305F705F7C498093367C","1"
"record_balanced_original_rule","20260624","E8F835A38BA16A59A738591A2E589BA63BFD707AD4E62E659FB82FC98E1172D3","rbv01_2358EC0C12B602E4B7C5F9C580844910C6D49ACB512E9988307B46ECAFCD07F3","4"
"record_balanced_original_rule","20260624","E907D01B340E5320A6505866BABF1382F2B0EFCEFB644780748158FF4EE73A43","rbv01_25A206590D1048D18147FD26B701861897281071258782AED6A00779FFF7210A","1"
"record_balanced_original_rule","20260624","E95AD3BB879ECB09299C1F8976ADCB63A2137E77E02FF300135252641AF0B52A","rbv01_0DA9CA625518CEB3C5B20C7295004FB7CDC5BC108FF93282C63467286DA188EB","4"
"record_balanced_original_rule","20260624","EACC6C6EFC26ADDCDB4F96FA097950C4623D9F2C764D217A0A52EB0AF77C11F6","rbv01_021729FAD057771AC5A3F59730477FE06019418FF0104B829F6E153E2D91134D","3"
"record_balanced_original_rule","20260624","EAD9C9CB1D434C72D4A78ED36BEA28F0724C014AD887E51E501DC55B5E096606","rbv01_021729FAD057771AC5A3F59730477FE06019418FF0104B829F6E153E2D91134D","3"
"record_balanced_original_rule","20260624","EAED8AB4DD40DD10F50904618EB7150748A849D2A3C166B92D3A9C25EA18E4E6","rbv01_011B84DDF86961F6053ED2B20908582AF6425C6EFA13305F705F7C498093367C","1"
"record_balanced_original_rule","20260624","EB3B7F5B9E7CC8B3E7467913F998E6CDEC3A0553C95B8A9A0D7517C7FCF2435F","rbv01_0213C5737861DD256119EF44D45CD1CECAF08BA1B29FE2AD47F7CEE0237AF618","0"
"record_balanced_original_rule","20260624","EB5E7CB4EF87D291D7C1438CAC1D5AEAE3596577CF3AD6BE61F08AC99D5C324A","rbv01_0213C5737861DD256119EF44D45CD1CECAF08BA1B29FE2AD47F7CEE0237AF618","0"
"record_balanced_original_rule","20260624","EBD1208A158A14AA0CA7A21B7118FFB8711F3F04724EBFC43831EABAD2BD13C5","rbv01_0213C5737861DD256119EF44D45CD1CECAF08BA1B29FE2AD47F7CEE0237AF618","0"
"record_balanced_original_rule","20260624","EBD5D6705380112DC6346FF9BDEDE4A025EED3D14B81AFB5EF6A2A1842B037DD","rbv01_2358EC0C12B602E4B7C5F9C580844910C6D49ACB512E9988307B46ECAFCD07F3","4"
"record_balanced_original_rule","20260624","EC79577A9CED78FB22E68C932AEF96309581B5A8E273078603682FFA65BD7145","rbv01_2358EC0C12B602E4B7C5F9C580844910C6D49ACB512E9988307B46ECAFCD07F3","4"
"record_balanced_original_rule","20260624","EC93F9802477F1BEDACB39C6F85AA5B33C4F62697E1ADEBDC3D827D38C8F7121","rbv01_0213C5737861DD256119EF44D45CD1CECAF08BA1B29FE2AD47F7CEE0237AF618","0"
"record_balanced_original_rule","20260624","ED66BFD0BB747981271D06AAE546808BE69333C8F415A36265D48FFAD84384AE","rbv01_011B84DDF86961F6053ED2B20908582AF6425C6EFA13305F705F7C498093367C","1"
"record_balanced_original_rule","20260624","EE7A338842F10D2231287B6A699031F5493F4CEB5065979861CF8ADEDD808AB0","rbv01_011B84DDF86961F6053ED2B20908582AF6425C6EFA13305F705F7C498093367C","1"
"record_balanced_original_rule","20260624","EEAB11C775E2BD0A870D095471D87325125D88852F5EC45FEE87D1A3930721D9","rbv01_0213C5737861DD256119EF44D45CD1CECAF08BA1B29FE2AD47F7CEE0237AF618","0"
"record_balanced_original_rule","20260624","EF88F779209314CEC12600A1072E25EF52D938EBEBE9EE2506B6A8D5C421FB5E","rbv01_011B84DDF86961F6053ED2B20908582AF6425C6EFA13305F705F7C498093367C","1"
"record_balanced_original_rule","20260624","F01685EE0EB19C0DD9646956D33BE38F229C81AA2E15FDBB91E8CC16F58FB720","rbv01_25865A5FDDFF4A9F27EC5C10E5442A5D79D45CFAD482750F086BB81DD1C607F9","1"
"record_balanced_original_rule","20260624","F03B193C3BE69EA6F64919BF1E7FB76EFCE302A4EB30F8C248A1832AD3B8C668","rbv01_08EC8F274B3390CA9A557C1810F52FE38EAF9404CF035F8A1D70A5AAAFA3EA60","2"
"record_balanced_original_rule","20260624","F0B2B002D6A8D0BBB0F782A25E86170FBB4170670B6C445AB43EABA2B635D550","rbv01_01C322D9FB99669376EAE9C000289E1B0BF73B04313F3AF1BFE6D03B29E89068","4"
"record_balanced_original_rule","20260624","F0CAC88291CEAE0BB01D0CF7A1DA85A0648AB4997C7B375BDE06A457EC53B2EA","rbv01_2358EC0C12B602E4B7C5F9C580844910C6D49ACB512E9988307B46ECAFCD07F3","4"
"record_balanced_original_rule","20260624","F0CAD1D19912CDF05DD3B7A440D109EFDBAB59229E8E18AB5CC3303C71A471CA","rbv01_011B84DDF86961F6053ED2B20908582AF6425C6EFA13305F705F7C498093367C","1"
"record_balanced_original_rule","20260624","F0DC85694294ACEBD7428FEA7C0261ECAA2539C511BA650A203BCDBBEF7FB4DC","rbv01_2358EC0C12B602E4B7C5F9C580844910C6D49ACB512E9988307B46ECAFCD07F3","4"
"record_balanced_original_rule","20260624","F11400F7F4FA7E0DED93B856E7450804ABBE797955B86343FA298EE405CF7204","rbv01_011D932A057B34C28A553A7C900731E1D7B1E42FD9312A7495A3DF8ECA2AF3C9","4"
"record_balanced_original_rule","20260624","F14CC222548E3305375C273EE2B72C2FCDEEA8A809C4CCEE2A399E0EB795B6EB","rbv01_011B84DDF86961F6053ED2B20908582AF6425C6EFA13305F705F7C498093367C","1"
"record_balanced_original_rule","20260624","F16C18FFAE8C822002C99716227E855DBAAD773A0A513CC851D39C5E481E473D","rbv01_2358EC0C12B602E4B7C5F9C580844910C6D49ACB512E9988307B46ECAFCD07F3","4"
"record_balanced_original_rule","20260624","F187AF7A43C17C67D1C7793135299E6DB0CDFCF1E647667C56F864D73C0BB201","rbv01_0213C5737861DD256119EF44D45CD1CECAF08BA1B29FE2AD47F7CEE0237AF618","0"
"record_balanced_original_rule","20260624","F295A4F51A74A27B6635093B8289BFF8675FE24FE25DBFA1A4A560E788F703C5","rbv01_0213C5737861DD256119EF44D45CD1CECAF08BA1B29FE2AD47F7CEE0237AF618","0"
"record_balanced_original_rule","20260624","F30EF3CB2921DBFA99702A66F2DEE1A3FA5A523754A66C3D77DD7FE92AD303B9","rbv01_011B84DDF86961F6053ED2B20908582AF6425C6EFA13305F705F7C498093367C","1"
"record_balanced_original_rule","20260624","F31311258B667003D4EDCE890972EF97DF4DFFD48319476991DE54DBB24C3ABF","rbv01_011B84DDF86961F6053ED2B20908582AF6425C6EFA13305F705F7C498093367C","1"
"record_balanced_original_rule","20260624","F377EFC88EA706578710A7532DCEEBCAD32E16B8273943E4064581AA68B3956A","rbv01_054201B2ED3ADADFBB0028C07B1A262219631DC717FDE4862C42583AB67D10C2","1"
"record_balanced_original_rule","20260624","F380C1D0F0BE41FB387A3673C899E3B17B7F7E14F60A5A00678C6D82E9890145","rbv01_2358EC0C12B602E4B7C5F9C580844910C6D49ACB512E9988307B46ECAFCD07F3","4"
"record_balanced_original_rule","20260624","F3E239B26E6C4E9B55AC237285042F1781DE27FACDFE22E9C5D457BE0ED720E1","rbv01_2358EC0C12B602E4B7C5F9C580844910C6D49ACB512E9988307B46ECAFCD07F3","4"
"record_balanced_original_rule","20260624","F430F9F661D17E82BB0DC3E1E046F632C96995394E004BC6187A2946A3CA4F65","rbv01_011B84DDF86961F6053ED2B20908582AF6425C6EFA13305F705F7C498093367C","1"
"record_balanced_original_rule","20260624","F44077F1BA2E3DEEFCB7542F47FE9A209E706C5D003B4FA060D51C7A2E6EA2A3","rbv01_021729FAD057771AC5A3F59730477FE06019418FF0104B829F6E153E2D91134D","3"
"record_balanced_original_rule","20260624","F457BAE664D63AC3B68FEC9CA67CC37D2FB49128FDA5966941E6A887C4BB41EE","rbv01_0213C5737861DD256119EF44D45CD1CECAF08BA1B29FE2AD47F7CEE0237AF618","0"
"record_balanced_original_rule","20260624","F49E9EB02EED5396F102904E0C01153B37693A90E749C404D5C9846200910D35","rbv01_021729FAD057771AC5A3F59730477FE06019418FF0104B829F6E153E2D91134D","3"
"record_balanced_original_rule","20260624","F4B0E02CEC2C0953AEF12ABC39DBBA3703D2903B55B1858787CA50AE75602F98","rbv01_0213C5737861DD256119EF44D45CD1CECAF08BA1B29FE2AD47F7CEE0237AF618","0"
"record_balanced_original_rule","20260624","F4BBD6ED0CE5EC5CEE9F8E3FEFA1D0D9FF86C85895F90BAEFD121A691F77495F","rbv01_021729FAD057771AC5A3F59730477FE06019418FF0104B829F6E153E2D91134D","3"
"record_balanced_original_rule","20260624","F4DA62C2584B1AD9DE0D1E0D6EBC0F71ABC8E47C7AB09FDC5FA4AF9E08D8B630","rbv01_011B84DDF86961F6053ED2B20908582AF6425C6EFA13305F705F7C498093367C","1"
"record_balanced_original_rule","20260624","F585779509DCFE6DBB066EE4E95A6A9E896DA92C286171D603A0ADDD6A39FAA9","rbv01_08EC8F274B3390CA9A557C1810F52FE38EAF9404CF035F8A1D70A5AAAFA3EA60","2"
"record_balanced_original_rule","20260624","F58A8AE9CB7DB7D22742C331C0FD6DA354EAD7072546F39B52C60A459CA03986","rbv01_0E9E0FC3E20BED0F32C5DF6A0164CCE77E206A06E5378ED855756B22A2C4F6E6","3"
"record_balanced_original_rule","20260624","F5A014D4F687B1729446CE99069C929ECCAFB33B445AD84188CB70E6A04E70D3","rbv01_2358EC0C12B602E4B7C5F9C580844910C6D49ACB512E9988307B46ECAFCD07F3","4"
"record_balanced_original_rule","20260624","F6F5619534ACCD143842C5D6D0954030D10BBAA372DCCDB686C1BCD6BE991AD0","rbv01_25865A5FDDFF4A9F27EC5C10E5442A5D79D45CFAD482750F086BB81DD1C607F9","1"
"record_balanced_original_rule","20260624","F709BCA568A8B479D1087066441C6C5E49BDE0FBAFAB4E4B85015284AA52F5A0","rbv01_011B84DDF86961F6053ED2B20908582AF6425C6EFA13305F705F7C498093367C","1"
"record_balanced_original_rule","20260624","F70E24E2CB23AC54AD78A5AEAE85811520F847B43A980259BF9F5ECF47CC6F1B","rbv01_2358EC0C12B602E4B7C5F9C580844910C6D49ACB512E9988307B46ECAFCD07F3","4"
"record_balanced_original_rule","20260624","F740D0B53A6EC0ABAE92AF2B982DFC66B74AE55745D1F842889E7BA0149D8456","rbv01_0213C5737861DD256119EF44D45CD1CECAF08BA1B29FE2AD47F7CEE0237AF618","0"
"record_balanced_original_rule","20260624","F74B8BBB48804FE6A03FDB4A8565A5D73A3E2F636CEB8BC92988F3BEE90FEFE5","rbv01_046276E5E1EC434CD47FE2E1D4137204B7C79D59E90B81B5BFE9A77BC6C0BB54","2"
"record_balanced_original_rule","20260624","F78D4892F33EA3D77BF3C44AE98AB5A6B46F842FF55F130B07FE40788BBC7FC8","rbv01_0213C5737861DD256119EF44D45CD1CECAF08BA1B29FE2AD47F7CEE0237AF618","0"
"record_balanced_original_rule","20260624","F7B5DA08731CF10F7D2792354A55B0DE6F6A339192ADFC0A154C3B2956391A55","rbv01_054201B2ED3ADADFBB0028C07B1A262219631DC717FDE4862C42583AB67D10C2","1"
"record_balanced_original_rule","20260624","F84EEB82887882FC4BA964AEEAC0BACFDD8513433A8B7A7299E24ED61C232891","rbv01_2358EC0C12B602E4B7C5F9C580844910C6D49ACB512E9988307B46ECAFCD07F3","4"
"record_balanced_original_rule","20260624","F88640F5DCBD5D3A26A26BF6EEC6585F9D3A1993E4930A0DB40108959A0C82A2","rbv01_011B84DDF86961F6053ED2B20908582AF6425C6EFA13305F705F7C498093367C","1"
"record_balanced_original_rule","20260624","F8FAEB030F071884D0A649C8B108B8D3A23562183B65542520CFBA7AF197ACAC","rbv01_0E9E0FC3E20BED0F32C5DF6A0164CCE77E206A06E5378ED855756B22A2C4F6E6","3"
"record_balanced_original_rule","20260624","F9167BA4685385948265C3731DF67DF9467583BB00A7CE933D762D797333E176","rbv01_046276E5E1EC434CD47FE2E1D4137204B7C79D59E90B81B5BFE9A77BC6C0BB54","2"
"record_balanced_original_rule","20260624","F91EF2F1BD8F6CDAD0CF2E8D9DB599DBE47CE4BEB456463390D50C3A4FBD0B4B","rbv01_021729FAD057771AC5A3F59730477FE06019418FF0104B829F6E153E2D91134D","3"
"record_balanced_original_rule","20260624","F97E52A1E4556D07496985B3751E448187EEFD8F0453F65F30D7FAABEE2BAC3F","rbv01_011B84DDF86961F6053ED2B20908582AF6425C6EFA13305F705F7C498093367C","1"
"record_balanced_original_rule","20260624","F9C035AA109B2016912A10547344C6DFD1DC126587947383C4DA9DC73869B667","rbv01_0213C5737861DD256119EF44D45CD1CECAF08BA1B29FE2AD47F7CEE0237AF618","0"
"record_balanced_original_rule","20260624","FA1CC46F67C819BE723E7F223F7690E4209B11AFCD15729CDC71001ADE61CF33","rbv01_011B84DDF86961F6053ED2B20908582AF6425C6EFA13305F705F7C498093367C","1"
"record_balanced_original_rule","20260624","FB6339F8EA2586473CC51D79E47812F268DF7A1AC07C811FB102F341C8B8D43F","rbv01_0213C5737861DD256119EF44D45CD1CECAF08BA1B29FE2AD47F7CEE0237AF618","0"
"record_balanced_original_rule","20260624","FBF06F11A5D12FFD9C385CE277EAB6552559F0601AAA95FC5FD32F236FE74AB1","rbv01_0213C5737861DD256119EF44D45CD1CECAF08BA1B29FE2AD47F7CEE0237AF618","0"
"record_balanced_original_rule","20260624","FC3F636B8D198EA4C66A891839DED57390277B3F380DDFB5EA77560EFBB1BD12","rbv01_011B84DDF86961F6053ED2B20908582AF6425C6EFA13305F705F7C498093367C","1"
"record_balanced_original_rule","20260624","FCA6CA0763A713AEAA8D64BD0FDF68D64278BE9768B70DDD85DEA98CB882DA3A","rbv01_011B84DDF86961F6053ED2B20908582AF6425C6EFA13305F705F7C498093367C","1"
"record_balanced_original_rule","20260624","FD02C6E1A151E899A82BD383E68F0C57535147BBAD1BD003B076FC91C6DE2F1D","rbv01_0213C5737861DD256119EF44D45CD1CECAF08BA1B29FE2AD47F7CEE0237AF618","0"
"record_balanced_original_rule","20260624","FD2A67DB5DBFCE1119ED6DA8AAA7080AEC87BA71DD667D34900C9EA1F8717A94","rbv01_011B84DDF86961F6053ED2B20908582AF6425C6EFA13305F705F7C498093367C","1"
"record_balanced_original_rule","20260624","FDC4A1724EF8C8310B38F1DDEA1830C32D52BBDCA16ED19B3DFD7B886D426393","rbv01_011B84DDF86961F6053ED2B20908582AF6425C6EFA13305F705F7C498093367C","1"
"record_balanced_original_rule","20260624","FE7E457D1FA1B92F5EB71CE3093E1AFEB7F05966F0A10FC4A6117935D0D38277","rbv01_2358EC0C12B602E4B7C5F9C580844910C6D49ACB512E9988307B46ECAFCD07F3","4"
"record_balanced_original_rule","20260624","FF46ACB35DE2EBD6070C33FD19C74B0C1C7DFCE72F99C941F8CBA4014383507C","rbv01_2358EC0C12B602E4B7C5F9C580844910C6D49ACB512E9988307B46ECAFCD07F3","4"
"record_balanced_original_rule","20260624","FF7F0D5F0DF2E16DD4F9E8664948BC0DAB0D56755C6CFEC5B9E8ADC917E519EC","rbv01_0213C5737861DD256119EF44D45CD1CECAF08BA1B29FE2AD47F7CEE0237AF618","0"
"record_balanced_original_rule","20260624","FF9369ACF81A4151507DE6E6C19F1FFBAE2DD4A1B7E4814C1510605772392A03","rbv01_0213C5737861DD256119EF44D45CD1CECAF08BA1B29FE2AD47F7CEE0237AF618","0"
"record_balanced_original_rule","20260624","FFCBAA39118035145336D605EDCD6D8C0473CF8322314073B3C1237AC0DBC040","rbv01_054201B2ED3ADADFBB0028C07B1A262219631DC717FDE4862C42583AB67D10C2","1"
"record_balanced_original_rule","20260624","FFE63753BF3015A508A3F98FBE19E5EB31E85A995E234A9C4E4F36D7C522CA6F","rbv01_011B84DDF86961F6053ED2B20908582AF6425C6EFA13305F705F7C498093367C","1"
"record_balanced_original_rule","20260625","0061FDD63A9589E0F8DE63C14158AE0D7C2EFEA3B015661DFE818A0E19A9B3BA","rbv01_021729FAD057771AC5A3F59730477FE06019418FF0104B829F6E153E2D91134D","3"
"record_balanced_original_rule","20260625","0080E6935843F863371E22F1CED37652FDA5B361294A300C303F6F705AA482B4","rbv01_054201B2ED3ADADFBB0028C07B1A262219631DC717FDE4862C42583AB67D10C2","1"
"record_balanced_original_rule","20260625","01173CA8D64B41CA73353EABAA22D6075C16661C4227663F22DD9506467B1F95","rbv01_08EC8F274B3390CA9A557C1810F52FE38EAF9404CF035F8A1D70A5AAAFA3EA60","2"
"record_balanced_original_rule","20260625","015160EA6BB4FCD3BB38609CAD7C88EE690FF803C17973E56817138E36218C8B","rbv01_4A6CDC7218F267E114B083B225FC435EA4AECE9A8307DC39925FE5F442FDB97A","3"
"record_balanced_original_rule","20260625","01732DDCA3B8093BB6CE8F49ECEED5DECEEFFAA9A4A41C13D60DF0A753765CC7","rbv01_0213C5737861DD256119EF44D45CD1CECAF08BA1B29FE2AD47F7CEE0237AF618","0"
"record_balanced_original_rule","20260625","01B62D200C27D3EC84F62AAEC723BD902A8BBD3E6E87C93AAB51CEE8969C529F","rbv01_0213C5737861DD256119EF44D45CD1CECAF08BA1B29FE2AD47F7CEE0237AF618","0"
"record_balanced_original_rule","20260625","01D427590EE36074DCC8FCB945C46BD0191C8A1B7F383BEB6FA7D98BF5206463","rbv01_0213C5737861DD256119EF44D45CD1CECAF08BA1B29FE2AD47F7CEE0237AF618","0"
"record_balanced_original_rule","20260625","0224624C74589B7009210AB854F93613FBED5F4AC0208DEB5E6B4BEBC86DA932","rbv01_0213C5737861DD256119EF44D45CD1CECAF08BA1B29FE2AD47F7CEE0237AF618","0"
"record_balanced_original_rule","20260625","022F25D57529CF917A393BB2086AF70DA919073F900F4C6110D0FD616DDC1712","rbv01_08EC8F274B3390CA9A557C1810F52FE38EAF9404CF035F8A1D70A5AAAFA3EA60","2"
"record_balanced_original_rule","20260625","02B6DB525CB4AE3736D1536DC884F9D70D6C680F4F6D892EA7B8533A29FD0CA7","rbv01_0E9E0FC3E20BED0F32C5DF6A0164CCE77E206A06E5378ED855756B22A2C4F6E6","3"
"record_balanced_original_rule","20260625","02C713D01C5A665E383BD56BABA3CFC71A046A7666C95067906781F03470DC70","rbv01_011B84DDF86961F6053ED2B20908582AF6425C6EFA13305F705F7C498093367C","1"
"record_balanced_original_rule","20260625","02C825DDCFAB00225FFF41D33B28B73D12DB6961A655473C157555F7555FD637","rbv01_011B84DDF86961F6053ED2B20908582AF6425C6EFA13305F705F7C498093367C","1"
"record_balanced_original_rule","20260625","02CA4F8686BFB39493A0D903E1F41376CCCD09E06FAA21EEE8EAE01A6ED7E8EB","rbv01_0213C5737861DD256119EF44D45CD1CECAF08BA1B29FE2AD47F7CEE0237AF618","0"
"record_balanced_original_rule","20260625","02E1A4918E4B7ACF5DB0D5D0425AD147327344CB0367E980423E8D7374778A80","rbv01_0213C5737861DD256119EF44D45CD1CECAF08BA1B29FE2AD47F7CEE0237AF618","0"
"record_balanced_original_rule","20260625","04201813CB5EB8C43055740E1BC8C61D5BDA8DF6B16DA79A004D1A430F22119E","rbv01_046276E5E1EC434CD47FE2E1D4137204B7C79D59E90B81B5BFE9A77BC6C0BB54","2"
"record_balanced_original_rule","20260625","04931D25C1F44AB449179B7B97D5C80EA07F9438A95F6042D248E6EC0543AAA5","rbv01_0213C5737861DD256119EF44D45CD1CECAF08BA1B29FE2AD47F7CEE0237AF618","0"
"record_balanced_original_rule","20260625","04E6F7AFFB70291035C0698755DAE72AF8E7F2BBD25CB3117EBB6720069B212A","rbv01_054201B2ED3ADADFBB0028C07B1A262219631DC717FDE4862C42583AB67D10C2","1"
"record_balanced_original_rule","20260625","05468E4407395D15B86B9118FC2220FEE75CE3D6644C2E8FA84BAFF7AAC9ABCC","rbv01_046276E5E1EC434CD47FE2E1D4137204B7C79D59E90B81B5BFE9A77BC6C0BB54","2"
"record_balanced_original_rule","20260625","056447EAE83F22AEDB8B0E70EAC23727D3F402A7C366B66179822FBA94ECB519","rbv01_25A206590D1048D18147FD26B701861897281071258782AED6A00779FFF7210A","1"
"record_balanced_original_rule","20260625","05D102CFE0A022959182E3697C6FDBF4B37F7484322D1EA1176266C07C283D80","rbv01_011B84DDF86961F6053ED2B20908582AF6425C6EFA13305F705F7C498093367C","1"
"record_balanced_original_rule","20260625","05FEAE50B99BB6C53EBDD01604C3ACD41F0E0CAC9C82C968B701399113482864","rbv01_0213C5737861DD256119EF44D45CD1CECAF08BA1B29FE2AD47F7CEE0237AF618","0"
"record_balanced_original_rule","20260625","062C0B673690BF10490C581B0E6D60D44DA32B58E9EEA8F9E9BFC908D240C50C","rbv01_011B84DDF86961F6053ED2B20908582AF6425C6EFA13305F705F7C498093367C","1"
"record_balanced_original_rule","20260625","06AD68D1F58A1F9A422A033615D43879250C8F791DB0044B4B6F93E934B8D78A","rbv01_0A5AC21E5BA740588E2CBBCCF2F521223BEEC9FB27076F153A79601562B5DA7C","3"
"record_balanced_original_rule","20260625","0714EEE54C60B77E1C5F77EF006913ED2AA6140C698EEFF6A3F9B2430E2F98D5","rbv01_2358EC0C12B602E4B7C5F9C580844910C6D49ACB512E9988307B46ECAFCD07F3","4"
"record_balanced_original_rule","20260625","07D9F2B8743D65E2F6CA53F411B44C777D6DCBD6BA2B422D1AF5CF9A6957548D","rbv01_011B84DDF86961F6053ED2B20908582AF6425C6EFA13305F705F7C498093367C","1"
"record_balanced_original_rule","20260625","0819A80095FC07750FDAB70005323B69F9A3D5E6E409E7799432EB36F861CF18","rbv01_021729FAD057771AC5A3F59730477FE06019418FF0104B829F6E153E2D91134D","3"
"record_balanced_original_rule","20260625","08EB3F7B1EB1462E0CF9408933A5A5BE353E25FFE10DE7E129600A4ECDB8897F","rbv01_0213C5737861DD256119EF44D45CD1CECAF08BA1B29FE2AD47F7CEE0237AF618","0"
"record_balanced_original_rule","20260625","090FD6127F49544702933BCDD1372A4A75D44F60166DAACD9A38C82AE9C55B5C","rbv01_011B84DDF86961F6053ED2B20908582AF6425C6EFA13305F705F7C498093367C","1"
"record_balanced_original_rule","20260625","09A9D5AF92B12CA7837DB8B0E7908602292F6BB5F1DF590D1A2F67804882F3B2","rbv01_147C763D2DD7A735DC5DA68C31ECD7579510C8C8494E1BBB99D46B386B713D84","3"
"record_balanced_original_rule","20260625","0A63D723E907E4CCC98B812AA979CE73F104DCE8A42593682368DB168708E790","rbv01_0213C5737861DD256119EF44D45CD1CECAF08BA1B29FE2AD47F7CEE0237AF618","0"
"record_balanced_original_rule","20260625","0A66FD35432B3AC8C144F906DC2DF169F8DE2B1BBDFA5FB7C68BA571FC315EFA","rbv01_011B84DDF86961F6053ED2B20908582AF6425C6EFA13305F705F7C498093367C","1"
"record_balanced_original_rule","20260625","0A6A3B9DF47CC0D7F144ACC201811B1B4F630DF24952B02D1F7C7C97C89E482C","rbv01_011B84DDF86961F6053ED2B20908582AF6425C6EFA13305F705F7C498093367C","1"
"record_balanced_original_rule","20260625","0AC0C2BA7EC6F63B9029A78A263020D48A9AC21B2045F772008B896030BAFD8B","rbv01_0213C5737861DD256119EF44D45CD1CECAF08BA1B29FE2AD47F7CEE0237AF618","0"
"record_balanced_original_rule","20260625","0AD6A6F712BEF991034FD0EFA0A9FA8B16771CFE2434F42CB8F21B9D5B62CFCD","rbv01_0213C5737861DD256119EF44D45CD1CECAF08BA1B29FE2AD47F7CEE0237AF618","0"
"record_balanced_original_rule","20260625","0B0BE09EDE55A9B7EDAF27D24BB8801F04E4B730E81C443A9C62F47568950556","rbv01_0213C5737861DD256119EF44D45CD1CECAF08BA1B29FE2AD47F7CEE0237AF618","0"
"record_balanced_original_rule","20260625","0B2710EEFB0AEC9086720EAF19889112AB4CA3AC4D214E588555896F9D8DA6E9","rbv01_0213C5737861DD256119EF44D45CD1CECAF08BA1B29FE2AD47F7CEE0237AF618","0"
"record_balanced_original_rule","20260625","0B619E42C58E8800FA3F72CFE0F9A7038FEEA8ECBA4F3368C19810B77810EE8F","rbv01_0213C5737861DD256119EF44D45CD1CECAF08BA1B29FE2AD47F7CEE0237AF618","0"
"record_balanced_original_rule","20260625","0BEAB251B21B2F18803E2FBE3B2A1D288CE897FF912456D7BDEDB3749D6E9CFF","rbv01_0213C5737861DD256119EF44D45CD1CECAF08BA1B29FE2AD47F7CEE0237AF618","0"
"record_balanced_original_rule","20260625","0C14522EA93737DE24B293D2AA8E87339EB2F7AF5ABF547B3B56383EB5F5FCDD","rbv01_0213C5737861DD256119EF44D45CD1CECAF08BA1B29FE2AD47F7CEE0237AF618","0"
"record_balanced_original_rule","20260625","0C66AF5E40E6CE895652A7CD8C9284B65F2E397DC44D0928BF1004DF4B9E035F","rbv01_0213C5737861DD256119EF44D45CD1CECAF08BA1B29FE2AD47F7CEE0237AF618","0"
"record_balanced_original_rule","20260625","0C7CF3DF946AD4342F127AF7D191006E5B360903329F960639B9944B267906F1","rbv01_0213C5737861DD256119EF44D45CD1CECAF08BA1B29FE2AD47F7CEE0237AF618","0"
"record_balanced_original_rule","20260625","0CAC64E3E0BE70E1A5156C24FE14C5B23C51F2365A93A57E72C91EA7C7E4226D","rbv01_147C763D2DD7A735DC5DA68C31ECD7579510C8C8494E1BBB99D46B386B713D84","3"
"record_balanced_original_rule","20260625","0CFAE359EAED8EF244CD77956D2072CE44EDB70DFE9CE147B9DD148A8F57E1E5","rbv01_011B84DDF86961F6053ED2B20908582AF6425C6EFA13305F705F7C498093367C","1"
"record_balanced_original_rule","20260625","0CFE81AB6FCD84E3B8A6D0DA25E64957E294A3B9F76569D17DEBE5A59079BF6E","rbv01_011B84DDF86961F6053ED2B20908582AF6425C6EFA13305F705F7C498093367C","1"
"record_balanced_original_rule","20260625","0D5A2B84CEB02895537AFA84D02B08F710DF7A01663C27226B426D4EAE944AF3","rbv01_0213C5737861DD256119EF44D45CD1CECAF08BA1B29FE2AD47F7CEE0237AF618","0"
"record_balanced_original_rule","20260625","0D67D5C42CB946C4A87DBE760DE0B5437E00DE21F8615056D9D8AA56472A876A","rbv01_0213C5737861DD256119EF44D45CD1CECAF08BA1B29FE2AD47F7CEE0237AF618","0"
"record_balanced_original_rule","20260625","0D93443DF310A9AE80A43C8AAA91E394CDE962B7C2D5CF9FCEDB145440AF25FD","rbv01_011B84DDF86961F6053ED2B20908582AF6425C6EFA13305F705F7C498093367C","1"
"record_balanced_original_rule","20260625","0E5E28FFD9434148C037DCCA9C6877C954984743A4233827C9C832E3E5FF8282","rbv01_2358EC0C12B602E4B7C5F9C580844910C6D49ACB512E9988307B46ECAFCD07F3","4"
"record_balanced_original_rule","20260625","0E81E63321C6654EB47112AB8183C3A6B26BFA621C72D4D2DC976093DA5098F2","rbv01_0213C5737861DD256119EF44D45CD1CECAF08BA1B29FE2AD47F7CEE0237AF618","0"
"record_balanced_original_rule","20260625","0EA2AEC3AD3F8A1EC1F6526878889864C8754B9F1BCE951794217960BF6A7CD4","rbv01_2358EC0C12B602E4B7C5F9C580844910C6D49ACB512E9988307B46ECAFCD07F3","4"
"record_balanced_original_rule","20260625","0EA65BF3B5524C7169D8E41D492FEBEDC1BA9944501015BC9F104D0F31BBD011","rbv01_2358EC0C12B602E4B7C5F9C580844910C6D49ACB512E9988307B46ECAFCD07F3","4"
"record_balanced_original_rule","20260625","0EDC8181C2F56D60DCEC9E4E7B5CE87A78B2FFE93B3FC3AFB734876895B877CA","rbv01_054201B2ED3ADADFBB0028C07B1A262219631DC717FDE4862C42583AB67D10C2","1"
"record_balanced_original_rule","20260625","0F375B0A05F0699CF150CC1AFA659D834292624FEEFE5E51A88BB9BF479C302B","rbv01_2358EC0C12B602E4B7C5F9C580844910C6D49ACB512E9988307B46ECAFCD07F3","4"
"record_balanced_original_rule","20260625","104B294F723B91F803E4D1E14AF7BB5CC2E06DEF0EF94FE1E2D35B604C334885","rbv01_011B84DDF86961F6053ED2B20908582AF6425C6EFA13305F705F7C498093367C","1"
"record_balanced_original_rule","20260625","1086711E2DE32294F5474F7EA5DF50FDF8F4B822AF0E444D546D7E93EBA698BC","rbv01_011B84DDF86961F6053ED2B20908582AF6425C6EFA13305F705F7C498093367C","1"
"record_balanced_original_rule","20260625","10B762A0564C2BAB9355996BE431C752FDE3FC687DCEDD14DB258BA9C376C937","rbv01_25A206590D1048D18147FD26B701861897281071258782AED6A00779FFF7210A","1"
"record_balanced_original_rule","20260625","10BE3A136C58AF9A893FDA05FC433CE090C472A5275312F7B7C54A80B4FEB174","rbv01_2358EC0C12B602E4B7C5F9C580844910C6D49ACB512E9988307B46ECAFCD07F3","4"
"record_balanced_original_rule","20260625","10BEBB4C92A70B6B3A97CE3CEE1678819FFC9D4E106D5677E502481B5296383F","rbv01_021729FAD057771AC5A3F59730477FE06019418FF0104B829F6E153E2D91134D","3"
"record_balanced_original_rule","20260625","11097F5414AE795EA34851779E38F065A2A4D9D2F59D152415B19D7D7750F0BA","rbv01_25865A5FDDFF4A9F27EC5C10E5442A5D79D45CFAD482750F086BB81DD1C607F9","1"
"record_balanced_original_rule","20260625","11D7D89D367DC6E79264E387E41EDC13C9490061151B8C911726783D711F25BF","rbv01_25865A5FDDFF4A9F27EC5C10E5442A5D79D45CFAD482750F086BB81DD1C607F9","1"
"record_balanced_original_rule","20260625","1211B3E0D0BE400704C75BDF116B565CAEC2908BC6D659E3321553A72C3B9D8D","rbv01_2358EC0C12B602E4B7C5F9C580844910C6D49ACB512E9988307B46ECAFCD07F3","4"
"record_balanced_original_rule","20260625","121FBE2738689090C2C5A423A1B56F1D932DDFD3CFA4F8C8381CE8C39A17E490","rbv01_0213C5737861DD256119EF44D45CD1CECAF08BA1B29FE2AD47F7CEE0237AF618","0"
"record_balanced_original_rule","20260625","12A227F629593FC75D60CD7469FB1E74F6128D9192651E15B88EEBB96B3C716F","rbv01_0213C5737861DD256119EF44D45CD1CECAF08BA1B29FE2AD47F7CEE0237AF618","0"
"record_balanced_original_rule","20260625","135267A36F5C18F87A7B50679606ECAD17C77397F4B076D6899388B5F98F6321","rbv01_0213C5737861DD256119EF44D45CD1CECAF08BA1B29FE2AD47F7CEE0237AF618","0"
"record_balanced_original_rule","20260625","13C4BED3EF820252B9BD637DB0DF092E86DDC91DE16ABDE52862FF88A64E80F2","rbv01_0E9E0FC3E20BED0F32C5DF6A0164CCE77E206A06E5378ED855756B22A2C4F6E6","3"
"record_balanced_original_rule","20260625","13D9FAFB657D1E488B95EC0431B82EB8CFF6E14C836E5D5DCF2E761B67076A58","rbv01_0213C5737861DD256119EF44D45CD1CECAF08BA1B29FE2AD47F7CEE0237AF618","0"
"record_balanced_original_rule","20260625","13EBE38A37173BDB874B66567B47A0F0B0505C47A94B002AA7AF76B44CEABDCC","rbv01_0213C5737861DD256119EF44D45CD1CECAF08BA1B29FE2AD47F7CEE0237AF618","0"
"record_balanced_original_rule","20260625","14107958CC8EE0CB8870AF8FFEDC8B84CC531E5A22B9580AAC5653DA479D26AB","rbv01_0213C5737861DD256119EF44D45CD1CECAF08BA1B29FE2AD47F7CEE0237AF618","0"
"record_balanced_original_rule","20260625","14510BFD9E89704C9B62221B58504B5488D8F9567BC921BAA965BB284388F3F9","rbv01_0213C5737861DD256119EF44D45CD1CECAF08BA1B29FE2AD47F7CEE0237AF618","0"
"record_balanced_original_rule","20260625","145458613E22192B3C01C5612DB9EC32B58E1552A7B251F4EFF2918336FF3971","rbv01_021729FAD057771AC5A3F59730477FE06019418FF0104B829F6E153E2D91134D","3"
"record_balanced_original_rule","20260625","14762653E8B0658BCF5EEB03C39DEB000472206F0FD28EB087A988ABB9582515","rbv01_2358EC0C12B602E4B7C5F9C580844910C6D49ACB512E9988307B46ECAFCD07F3","4"
"record_balanced_original_rule","20260625","14CDC0F9F361F7B1C1E0688396800A63539D6CE6F34FB2A20A4035AD42127968","rbv01_021729FAD057771AC5A3F59730477FE06019418FF0104B829F6E153E2D91134D","3"
"record_balanced_original_rule","20260625","15156F1F14A29FB4B8182915819BF148763A4C6756D55AA17D3576DA737EBAA3","rbv01_0213C5737861DD256119EF44D45CD1CECAF08BA1B29FE2AD47F7CEE0237AF618","0"
"record_balanced_original_rule","20260625","1539A8D8F7C0EA6B3ECB3A77E1F6054BD3221914A776464307F3327967A93783","rbv01_0213C5737861DD256119EF44D45CD1CECAF08BA1B29FE2AD47F7CEE0237AF618","0"
"record_balanced_original_rule","20260625","1557BD690CF5FECBDAEACF96A0A1173C93FE013672F8FEA7C9E72FCE1F1ABF11","rbv01_2358EC0C12B602E4B7C5F9C580844910C6D49ACB512E9988307B46ECAFCD07F3","4"
"record_balanced_original_rule","20260625","158D4CEE96602BA3ED443396C4EB98F6655D2078CAE0861AF1F6310B1BD4498C","rbv01_24E94D68923D29AEF856F56175B9FAD71A2143AB1D61B0C7F522B1582143C11A","2"
"record_balanced_original_rule","20260625","15CC2CA183383CDF946FE4A6E9CACE8BD8C05BC0E9F0F792B15DE85B576C9DB2","rbv01_01C322D9FB99669376EAE9C000289E1B0BF73B04313F3AF1BFE6D03B29E89068","3"
"record_balanced_original_rule","20260625","1603F0C4B201480278F89305E3E0758CCF963E177F5C2AD8C1304A28B7CB7AB2","rbv01_011B84DDF86961F6053ED2B20908582AF6425C6EFA13305F705F7C498093367C","1"
"record_balanced_original_rule","20260625","1649FE8E6EC020D128EFC643107BFBBE8CE2FF33FCDBDC92F9E0B122FE272A5E","rbv01_0213C5737861DD256119EF44D45CD1CECAF08BA1B29FE2AD47F7CEE0237AF618","0"
"record_balanced_original_rule","20260625","16CAFCC7A3C6348D29C7AA92352595FA36039949A484E0D90C9956F92E989965","rbv01_011B84DDF86961F6053ED2B20908582AF6425C6EFA13305F705F7C498093367C","1"
"record_balanced_original_rule","20260625","172FBE8CF49DDA0C1D9FDD5DDD57A0A360F83F536C4D01BD525BDAD3863A8F0F","rbv01_0213C5737861DD256119EF44D45CD1CECAF08BA1B29FE2AD47F7CEE0237AF618","0"
"record_balanced_original_rule","20260625","1755D7D6BC5D42A054066C4A1DE0B723FF4EA22B2815DB03078DA196832A6CC9","rbv01_011B84DDF86961F6053ED2B20908582AF6425C6EFA13305F705F7C498093367C","1"
"record_balanced_original_rule","20260625","1763459D6B852BF113CF318B77FE5E4BB451B7D92C169F01B1E618CB1091ABC6","rbv01_011B84DDF86961F6053ED2B20908582AF6425C6EFA13305F705F7C498093367C","1"
"record_balanced_original_rule","20260625","1771AE3A77D9D0A4910D29AFD3A4098C4D0F149F606924A25B089906F60EA84E","rbv01_011B84DDF86961F6053ED2B20908582AF6425C6EFA13305F705F7C498093367C","1"
"record_balanced_original_rule","20260625","17A1AEB2A5F710C788EF3E9A0475D1BC7092C6E613D80A7513B48429C52602F4","rbv01_011B84DDF86961F6053ED2B20908582AF6425C6EFA13305F705F7C498093367C","1"
"record_balanced_original_rule","20260625","17B30E9F88AEEBEA9925DA277072FB7B33BB9146936E70DC8E2CD9E156556261","rbv01_0213C5737861DD256119EF44D45CD1CECAF08BA1B29FE2AD47F7CEE0237AF618","0"
"record_balanced_original_rule","20260625","17D8907F39252519E58B3C3E65868669BD63EA05B895E056DB84B3B48254FAF3","rbv01_011B84DDF86961F6053ED2B20908582AF6425C6EFA13305F705F7C498093367C","1"
"record_balanced_original_rule","20260625","180F413E1F6B76B513401034F79C54FE675C36AB7D193F0E179AC59CB942B8FF","rbv01_021729FAD057771AC5A3F59730477FE06019418FF0104B829F6E153E2D91134D","3"
"record_balanced_original_rule","20260625","185E20472CE97C113E4BDF526FF162DFF9C96CFA577E71AAAAF98E9B71290ABA","rbv01_0213C5737861DD256119EF44D45CD1CECAF08BA1B29FE2AD47F7CEE0237AF618","0"
"record_balanced_original_rule","20260625","18C8AB47928DE0A8D3B9107EACDE28ABEE577F46F877305B8EB8B0BD0B8384C5","rbv01_011B84DDF86961F6053ED2B20908582AF6425C6EFA13305F705F7C498093367C","1"
"record_balanced_original_rule","20260625","196D7F26DC3081DB45714D44086A8DED5F0B567C14E1681A6B5CAB061051612F","rbv01_011B84DDF86961F6053ED2B20908582AF6425C6EFA13305F705F7C498093367C","1"
"record_balanced_original_rule","20260625","19DCBD07BA366C033AEC897C2D39A19CCBFA9C8DFAE6478F1AF59699C54376F3","rbv01_011B84DDF86961F6053ED2B20908582AF6425C6EFA13305F705F7C498093367C","1"
"record_balanced_original_rule","20260625","1A3188418D7B380B137AB627D88FF0F38B638F8C317B55D6DB323E8DC60B24E3","rbv01_0213C5737861DD256119EF44D45CD1CECAF08BA1B29FE2AD47F7CEE0237AF618","0"
"record_balanced_original_rule","20260625","1ACDE71EA41832326F07927468F81189C4B8B34A65D5D1AC9773B57076AD9097","rbv01_0DA9CA625518CEB3C5B20C7295004FB7CDC5BC108FF93282C63467286DA188EB","4"
"record_balanced_original_rule","20260625","1AD0EFDC9F2B70EF262FD46D1261CE9A8C73B8AA936F6649D359260E377D1A55","rbv01_054201B2ED3ADADFBB0028C07B1A262219631DC717FDE4862C42583AB67D10C2","1"
"record_balanced_original_rule","20260625","1B4B5CF7B2022042C7BC0025E8EAD3748D1675FB5C5720F9FD9FBCE9950913EC","rbv01_011B84DDF86961F6053ED2B20908582AF6425C6EFA13305F705F7C498093367C","1"
"record_balanced_original_rule","20260625","1C088158C95AF597E26B84C14CFC2E8553A5E9517604F9F16CC076DAAE7E7F7F","rbv01_046276E5E1EC434CD47FE2E1D4137204B7C79D59E90B81B5BFE9A77BC6C0BB54","2"
"record_balanced_original_rule","20260625","1C2299C8C9948910B3D3DF40866CC386C33E93B89111ED702407536080175FF0","rbv01_0E9E0FC3E20BED0F32C5DF6A0164CCE77E206A06E5378ED855756B22A2C4F6E6","3"
"record_balanced_original_rule","20260625","1CF1B864E835A9004D673AA1720C6AD1415BAE9C722FB67279700838C9C3487A","rbv01_0213C5737861DD256119EF44D45CD1CECAF08BA1B29FE2AD47F7CEE0237AF618","0"
"record_balanced_original_rule","20260625","1CF9BA47AD4AA6308C9D12FB7FCC9CCDBB59125657CFB239BD8860DDC1551D49","rbv01_0E9E0FC3E20BED0F32C5DF6A0164CCE77E206A06E5378ED855756B22A2C4F6E6","3"
"record_balanced_original_rule","20260625","1D0924DF69D3C67C9A986DAA8A73741D00E1ABFCC439D7D0A51DB649D8CD4E83","rbv01_0E9E0FC3E20BED0F32C5DF6A0164CCE77E206A06E5378ED855756B22A2C4F6E6","3"
"record_balanced_original_rule","20260625","1D6FADC5D8F915F1F7AC7173F349953F70E2BCB0F9A2D98F6046D0014C526CC6","rbv01_011B84DDF86961F6053ED2B20908582AF6425C6EFA13305F705F7C498093367C","1"
"record_balanced_original_rule","20260625","1DA2AAB4B0498493978340D3C341D05DF95F393F15BC6408A75CA14BA2B8F1E0","rbv01_011B84DDF86961F6053ED2B20908582AF6425C6EFA13305F705F7C498093367C","1"
"record_balanced_original_rule","20260625","1DDB4C28798047DA321A1C0390FCA1C86E751C2E3B63EBC2A9C5A3C4B78BD587","rbv01_4A6CDC7218F267E114B083B225FC435EA4AECE9A8307DC39925FE5F442FDB97A","3"
"record_balanced_original_rule","20260625","1E8F3779AFE6A1724A8E2C2C1513A6C2C8E0570256C3A963C3EA2C5F5864233C","rbv01_25A206590D1048D18147FD26B701861897281071258782AED6A00779FFF7210A","1"
"record_balanced_original_rule","20260625","1EE07A934FA5BD37C0A121B42BB8415F90EF2139338DE4B14EAFCBB6B8D4D57B","rbv01_08EC8F274B3390CA9A557C1810F52FE38EAF9404CF035F8A1D70A5AAAFA3EA60","2"
"record_balanced_original_rule","20260625","1F07BFA1CE45FD7C13F6C859683760935281C8C734BE0D441E38A4E330304AC5","rbv01_0213C5737861DD256119EF44D45CD1CECAF08BA1B29FE2AD47F7CEE0237AF618","0"
"record_balanced_original_rule","20260625","1F1640A2D5AE2DF3F381CACF5EF08572B96B8B2E5EE094B033BDCC99450657A1","rbv01_011B84DDF86961F6053ED2B20908582AF6425C6EFA13305F705F7C498093367C","1"
"record_balanced_original_rule","20260625","1F182901D5C1EA146CEA453BD8BA0448B9CDB57A6743FDDE7AF78F52BAB97E6F","rbv01_0213C5737861DD256119EF44D45CD1CECAF08BA1B29FE2AD47F7CEE0237AF618","0"
"record_balanced_original_rule","20260625","1FE0AE0F18997E9BD1C29F0D69870A648840D7AE2E9AAAEAFEBD00ECA46C6994","rbv01_011B84DDF86961F6053ED2B20908582AF6425C6EFA13305F705F7C498093367C","1"
"record_balanced_original_rule","20260625","2007C0BA73575F31109A870090F7CD26FB7709CBB6E005924AF64F083BEABCD9","rbv01_0213C5737861DD256119EF44D45CD1CECAF08BA1B29FE2AD47F7CEE0237AF618","0"
"record_balanced_original_rule","20260625","209209F20AC434479572094FDBB32BA2040378ECCC6E33B9F5EA9D3345FFB4D7","rbv01_0213C5737861DD256119EF44D45CD1CECAF08BA1B29FE2AD47F7CEE0237AF618","0"
"record_balanced_original_rule","20260625","212B345E12389622A8064239EBBBE79226C8E7C312B3D214B1751F936B79FC34","rbv01_011B84DDF86961F6053ED2B20908582AF6425C6EFA13305F705F7C498093367C","1"
"record_balanced_original_rule","20260625","215043ADEA4E445C92E205CCBF16004443AD6133ABCE7E0FEF11A304E63EFB1E","rbv01_0E9E0FC3E20BED0F32C5DF6A0164CCE77E206A06E5378ED855756B22A2C4F6E6","3"
"record_balanced_original_rule","20260625","217E621A5766D830A97CECA75EF6B39ADAFD60DA1FE525AB2C695F857C898661","rbv01_2358EC0C12B602E4B7C5F9C580844910C6D49ACB512E9988307B46ECAFCD07F3","4"
"record_balanced_original_rule","20260625","21A335CA45A0EA62A090D44935F95ED648113C57C40808D1EEC14A944DD5BD0B","rbv01_0DA9CA625518CEB3C5B20C7295004FB7CDC5BC108FF93282C63467286DA188EB","4"
"record_balanced_original_rule","20260625","21B94893E6F67CB58EED24EA9FB7551B3B3EACB05B9C6522BFE6728601CDAF4D","rbv01_0213C5737861DD256119EF44D45CD1CECAF08BA1B29FE2AD47F7CEE0237AF618","0"
"record_balanced_original_rule","20260625","21EEB3C004CA72988FF541415E65FCF7327BCBFCAC99CB082124394786D772AD","rbv01_0213C5737861DD256119EF44D45CD1CECAF08BA1B29FE2AD47F7CEE0237AF618","0"
"record_balanced_original_rule","20260625","22A676E21C562FD4106E8004B1EB9D927C4D01A3D57A27251DC20A46433BF304","rbv01_011B84DDF86961F6053ED2B20908582AF6425C6EFA13305F705F7C498093367C","1"
"record_balanced_original_rule","20260625","22FECE9911F6004919B5D189AE36CC98017485DFEB753FA75C34AC3A191C1AA0","rbv01_08EC8F274B3390CA9A557C1810F52FE38EAF9404CF035F8A1D70A5AAAFA3EA60","2"
"record_balanced_original_rule","20260625","23AEA2F6C60A66DE8439B80B8271EBBCFE5CEAEDA06EE67C6B83A4DD0FC2CEB2","rbv01_011B84DDF86961F6053ED2B20908582AF6425C6EFA13305F705F7C498093367C","1"
"record_balanced_original_rule","20260625","2404D3928D13EB6C40502B8496F074D4CADB2A9A3C9D182158C19F50CC36A92C","rbv01_2358EC0C12B602E4B7C5F9C580844910C6D49ACB512E9988307B46ECAFCD07F3","4"
"record_balanced_original_rule","20260625","2417795D0029761FB6FE730EF4E88FC82CAAB16AA04506C2E78D45D2CD0C306D","rbv01_011B84DDF86961F6053ED2B20908582AF6425C6EFA13305F705F7C498093367C","1"
"record_balanced_original_rule","20260625","248461479D30C5AA840E52255981ACD395A5FC1ADA1DDB6C659BAFF54958963F","rbv01_011B84DDF86961F6053ED2B20908582AF6425C6EFA13305F705F7C498093367C","1"
"record_balanced_original_rule","20260625","2504B7DCF62BFE5651ECE820E3CEF352F95A48239E781520DEF52207CD87802C","rbv01_011B84DDF86961F6053ED2B20908582AF6425C6EFA13305F705F7C498093367C","1"
"record_balanced_original_rule","20260625","25861067F360B460B60F372A2142F7C30AD00FAD9F5D462FA2E7DD7095835EB0","rbv01_0213C5737861DD256119EF44D45CD1CECAF08BA1B29FE2AD47F7CEE0237AF618","0"
"record_balanced_original_rule","20260625","262FEC4884236BD19453E3CE33883A8857AECD801E5E16333D68037161ADE7C7","rbv01_25865A5FDDFF4A9F27EC5C10E5442A5D79D45CFAD482750F086BB81DD1C607F9","1"
"record_balanced_original_rule","20260625","26BE3FBE9AF053F4CD2091D711FB64AB60ED10BB69E94A8AFBED43FE94882646","rbv01_0FAB0DD3DEC2E0DA5B1841B2949196B7B1E5F846FFA0C8F4AF1461F9D3B66BCE","0"
"record_balanced_original_rule","20260625","26E57FCAAEFBE05A017FC03EDFEBA1E9D643B98B14128F7373F262F0E4487D92","rbv01_021729FAD057771AC5A3F59730477FE06019418FF0104B829F6E153E2D91134D","3"
"record_balanced_original_rule","20260625","26F46E5DB25FD9B384A9CBD10463667022AB1A8BDDBE88E11B6863D8D719FFD6","rbv01_011B84DDF86961F6053ED2B20908582AF6425C6EFA13305F705F7C498093367C","1"
"record_balanced_original_rule","20260625","279CDE0CA2EC4B1480494FC50C1473CFB0FDB9E4D4A4F354BCE8B982D90B6949","rbv01_046276E5E1EC434CD47FE2E1D4137204B7C79D59E90B81B5BFE9A77BC6C0BB54","2"
"record_balanced_original_rule","20260625","27B436226898B2B5F9AE6FC6E2730C08951A94A37F9FCA3ED9ED502C53D2A350","rbv01_054201B2ED3ADADFBB0028C07B1A262219631DC717FDE4862C42583AB67D10C2","1"
"record_balanced_original_rule","20260625","286CC1089CA3330B1CE534E6E7B3C1781EDC612498718653FC121B750B96ADA1","rbv01_005F079B50FDBB32836E42ECC5D1471B77218ED9CD5DA1F07A102A406EF90B43","0"
"record_balanced_original_rule","20260625","286E7D2D800A8610F558E327EF09000571A84DA41D35185C6EA10346EFD63027","rbv01_0213C5737861DD256119EF44D45CD1CECAF08BA1B29FE2AD47F7CEE0237AF618","0"
"record_balanced_original_rule","20260625","29D4023E711BE23CCC1B9E36698527A7C5F7229BE1E48F62824805448D08F19A","rbv01_011B84DDF86961F6053ED2B20908582AF6425C6EFA13305F705F7C498093367C","1"
"record_balanced_original_rule","20260625","2A34AB9F644C49E47AA2A9C05837B0FC0FF797B3166D7ED6717B26B08872FDB2","rbv01_021729FAD057771AC5A3F59730477FE06019418FF0104B829F6E153E2D91134D","3"
"record_balanced_original_rule","20260625","2ADF9AB36E78E1EEB3FC7732E721C3044A2E4AF4E9D9DA5BA66A5DA921FD5915","rbv01_011D932A057B34C28A553A7C900731E1D7B1E42FD9312A7495A3DF8ECA2AF3C9","4"
"record_balanced_original_rule","20260625","2B17EC3433BAA444548573A4B3B68481E0AA1C0DD768B34D6C266B4EE5E6A8EF","rbv01_011B84DDF86961F6053ED2B20908582AF6425C6EFA13305F705F7C498093367C","1"
"record_balanced_original_rule","20260625","2B32243911A0F3F49601F6C61417FA320B0C389E90D7866F100F5BC1246A74D3","rbv01_01C322D9FB99669376EAE9C000289E1B0BF73B04313F3AF1BFE6D03B29E89068","3"
"record_balanced_original_rule","20260625","2B3C8A8DDCEC4DB83196A7C0FADDE612332EE8D0D4A1A66B11A9E783FC03BFB9","rbv01_011D932A057B34C28A553A7C900731E1D7B1E42FD9312A7495A3DF8ECA2AF3C9","4"
"record_balanced_original_rule","20260625","2B83280E75D81C2FA4B12A8ECE3DD16AAF203488D205EB28B8CDBDF0413BF2BE","rbv01_011B84DDF86961F6053ED2B20908582AF6425C6EFA13305F705F7C498093367C","1"
"record_balanced_original_rule","20260625","2B9036E6585F008A4243AAA2430684F5E8C1CE896D171B2014EE337234EC5A4C","rbv01_01C322D9FB99669376EAE9C000289E1B0BF73B04313F3AF1BFE6D03B29E89068","3"
"record_balanced_original_rule","20260625","2BA9973474F5A482C5FA095F0ABBC4C9A67BDD76287D497359B4C89D384FA036","rbv01_054201B2ED3ADADFBB0028C07B1A262219631DC717FDE4862C42583AB67D10C2","1"
"record_balanced_original_rule","20260625","2C9D8CC2F5D868349847B6B81F5A2713EEBB1BB3E1C0E1EB0F7B1A051CD86E0B","rbv01_0E9E0FC3E20BED0F32C5DF6A0164CCE77E206A06E5378ED855756B22A2C4F6E6","3"
"record_balanced_original_rule","20260625","2CBB48E5F04E9C8BF14D86EA171FB4AC3CB6A127AFFBD1C4E4C92DDF65AC3AAA","rbv01_011B84DDF86961F6053ED2B20908582AF6425C6EFA13305F705F7C498093367C","1"
"record_balanced_original_rule","20260625","2D27A90202C1C28D84DB448BCC029E2F9B956D6920C981E625AE54C75A49DF61","rbv01_25865A5FDDFF4A9F27EC5C10E5442A5D79D45CFAD482750F086BB81DD1C607F9","1"
"record_balanced_original_rule","20260625","2E08EC2466CEED6AD70280884A1982C16EBD6EC61FCF5D8A8FBCB4E46A3F2236","rbv01_0213C5737861DD256119EF44D45CD1CECAF08BA1B29FE2AD47F7CEE0237AF618","0"
"record_balanced_original_rule","20260625","2E173299389098A161FC0A11A61DB6DFDE01E92B963AB131D94F7A1EF12C0733","rbv01_011B84DDF86961F6053ED2B20908582AF6425C6EFA13305F705F7C498093367C","1"
"record_balanced_original_rule","20260625","2E2A33CA561CEE7F4F0C19B6469324557ECFD2EB8F608F487D1AD2C308336658","rbv01_011B84DDF86961F6053ED2B20908582AF6425C6EFA13305F705F7C498093367C","1"
"record_balanced_original_rule","20260625","2E53D7DEE3148A01619AABCD9ABF3F49B9264E10E3A92F861DC5C323F5EF3A87","rbv01_2E07CE0B7A1B55DF7DB4D4392437AF0F59B5B306F82BBC43DD35B9CBA85F5BB7","0"
"record_balanced_original_rule","20260625","2EC7984A751507A357A3BAEA20249F516B806544B76BDCE5AEE75D02362AAC3A","rbv01_011B84DDF86961F6053ED2B20908582AF6425C6EFA13305F705F7C498093367C","1"
"record_balanced_original_rule","20260625","2F285D30F38FAC9D87E1E64A212D02ED68A77BDADC5D0DE08BF4210D3A7BDD0C","rbv01_011B84DDF86961F6053ED2B20908582AF6425C6EFA13305F705F7C498093367C","1"
"record_balanced_original_rule","20260625","2F4A968A82FD2CCAE56DB1C865A1B51876D0EB28943DCA5B06842D93873C4BBA","rbv01_0213C5737861DD256119EF44D45CD1CECAF08BA1B29FE2AD47F7CEE0237AF618","0"
"record_balanced_original_rule","20260625","300A029A3D25112F36324F2EC4E449B643BBFC705F3B9573AE5A768808A1BDEF","rbv01_0213C5737861DD256119EF44D45CD1CECAF08BA1B29FE2AD47F7CEE0237AF618","0"
"record_balanced_original_rule","20260625","30801BDDFFA634AFE46BF910E7E8E3F98D6032444C1979EEB4418DBF1FECAB2B","rbv01_2358EC0C12B602E4B7C5F9C580844910C6D49ACB512E9988307B46ECAFCD07F3","4"
"record_balanced_original_rule","20260625","30B506CC8E8C3BE689244371C9BCBADBE172980C8440C94CEB3021EFF4FB18C4","rbv01_01C322D9FB99669376EAE9C000289E1B0BF73B04313F3AF1BFE6D03B29E89068","3"
"record_balanced_original_rule","20260625","30B7FB29BC99F96B386A6298CDD9C286E325A94285073102F95E685CC9DF916B","rbv01_011B84DDF86961F6053ED2B20908582AF6425C6EFA13305F705F7C498093367C","1"
"record_balanced_original_rule","20260625","30E775E5191879D075A09457EA9BE4DB3D31C4BF2504E1387A38CCECB62C715C","rbv01_011B84DDF86961F6053ED2B20908582AF6425C6EFA13305F705F7C498093367C","1"
"record_balanced_original_rule","20260625","30EA0B0ADE76E984610F5A757C985DAFD34AE0563EEE6F056F2BAE813EF50B6A","rbv01_0E9E0FC3E20BED0F32C5DF6A0164CCE77E206A06E5378ED855756B22A2C4F6E6","3"
"record_balanced_original_rule","20260625","30FCBFFDEE010FBAA0ED8EC5003F073E331083E2F4851EB9309157D7E924DB38","rbv01_0213C5737861DD256119EF44D45CD1CECAF08BA1B29FE2AD47F7CEE0237AF618","0"
"record_balanced_original_rule","20260625","315CE1227E8B6DB9639041344644459D98CF048ACFAA502CB0893C4A4DA3335C","rbv01_0213C5737861DD256119EF44D45CD1CECAF08BA1B29FE2AD47F7CEE0237AF618","0"
"record_balanced_original_rule","20260625","3220A0EA36F8B0458998AD47F780F7E4196C537BD97E473DF9AB8C6CD7F22BCD","rbv01_011B84DDF86961F6053ED2B20908582AF6425C6EFA13305F705F7C498093367C","1"
"record_balanced_original_rule","20260625","322779B2C3ECE1588AEEE91D8764A912FD46406F10D61A499EC8870FC0483586","rbv01_0213C5737861DD256119EF44D45CD1CECAF08BA1B29FE2AD47F7CEE0237AF618","0"
"record_balanced_original_rule","20260625","3252B3DEEDBDBB58CCA4E63B95499C5D93F75B18D741503DC52FB125CE56F609","rbv01_0213C5737861DD256119EF44D45CD1CECAF08BA1B29FE2AD47F7CEE0237AF618","0"
"record_balanced_original_rule","20260625","330F0B6E295423F5426B5513189EB92BAA6B9B7F027921D26ADCF3841E36C242","rbv01_2358EC0C12B602E4B7C5F9C580844910C6D49ACB512E9988307B46ECAFCD07F3","4"
"record_balanced_original_rule","20260625","332C7B44F9A1A2FA7D0D6CCDF363DA194F6524170B3BF05EE4F10F272D1BEEB4","rbv01_01C322D9FB99669376EAE9C000289E1B0BF73B04313F3AF1BFE6D03B29E89068","3"
"record_balanced_original_rule","20260625","33A5B15450766412B0D8944713D7AC044646D09785DDF57BA6BB70488733F3EE","rbv01_011B84DDF86961F6053ED2B20908582AF6425C6EFA13305F705F7C498093367C","1"
"record_balanced_original_rule","20260625","33A7845F61E88CD3E4710F65729156E589779329988051760FD13D9836B3A78F","rbv01_011B84DDF86961F6053ED2B20908582AF6425C6EFA13305F705F7C498093367C","1"
"record_balanced_original_rule","20260625","33B5727DBA04F869F4BA5F93CC410E14312B9E91CFAAA78BE9366728DDA87B3A","rbv01_046276E5E1EC434CD47FE2E1D4137204B7C79D59E90B81B5BFE9A77BC6C0BB54","2"
"record_balanced_original_rule","20260625","35752366550717723B2814E1947950C8177B64271292B774B87F1DCF8D995FDD","rbv01_011B84DDF86961F6053ED2B20908582AF6425C6EFA13305F705F7C498093367C","1"
"record_balanced_original_rule","20260625","35A40F5F5BC17A70D6D4355BE0C685016287B3CE79B6E90113ADA9FD274ABFB5","rbv01_0FAB0DD3DEC2E0DA5B1841B2949196B7B1E5F846FFA0C8F4AF1461F9D3B66BCE","0"
"record_balanced_original_rule","20260625","361D2ECA150B3E052060C0F713FD4B0F71A11BC20D971597A0025F059CAB9B53","rbv01_021729FAD057771AC5A3F59730477FE06019418FF0104B829F6E153E2D91134D","3"
"record_balanced_original_rule","20260625","363C47C5088C06548CEC49140818FE644BD10D4089193EE8515853DAED0CD1CA","rbv01_046276E5E1EC434CD47FE2E1D4137204B7C79D59E90B81B5BFE9A77BC6C0BB54","2"
"record_balanced_original_rule","20260625","36BCDAA5646ABB478FACA1371D25EC0C4E350F69251D69EF8961460064582975","rbv01_029BDA298EE9F6CF5E11C8E41A870100C0DF57502218FA6619B580755530C213","2"
"record_balanced_original_rule","20260625","36DEDB5A8B03CE33F4752AAFD36590633EDCC246896562D58928F754554E95BB","rbv01_021729FAD057771AC5A3F59730477FE06019418FF0104B829F6E153E2D91134D","3"
"record_balanced_original_rule","20260625","36E0F2D90ADD8227E00C140A3E40427BA45EFBBB78FA3F267D4E9B59036FEE9C","rbv01_011B84DDF86961F6053ED2B20908582AF6425C6EFA13305F705F7C498093367C","1"
"record_balanced_original_rule","20260625","375C0D4DDAC1D50CA9B5224FED330A536C52B8906BD30BBA518F3B263B78645E","rbv01_011B84DDF86961F6053ED2B20908582AF6425C6EFA13305F705F7C498093367C","1"
"record_balanced_original_rule","20260625","37AAE119705A6BFA65F2469495F41DF9DECB6C6A373F1371043131E078F6950F","rbv01_011B84DDF86961F6053ED2B20908582AF6425C6EFA13305F705F7C498093367C","1"
"record_balanced_original_rule","20260625","3811D3AA153202D4DB8E9BC731B5E3EED836FDB3EDB8DF2F4A19BDB1B51304AA","rbv01_0213C5737861DD256119EF44D45CD1CECAF08BA1B29FE2AD47F7CEE0237AF618","0"
"record_balanced_original_rule","20260625","3872938929DFA0CFACE67F47D7B822EC7053855F730946775E4DE9387F7820BF","rbv01_7BC45EEADFA2E8B5EE674938E2D208271131724BDC4F7DA3BE784328B1C274E8","4"
"record_balanced_original_rule","20260625","38EBDBDE59BAADA46BF8B18F5F3719C8B694E4D35D5E345C6049E8158FC3833C","rbv01_08EC8F274B3390CA9A557C1810F52FE38EAF9404CF035F8A1D70A5AAAFA3EA60","2"
"record_balanced_original_rule","20260625","390DCED3232CF34A26F7982567E3E69824095D7A3E1E6DAA2E5D19428F146CF5","rbv01_2358EC0C12B602E4B7C5F9C580844910C6D49ACB512E9988307B46ECAFCD07F3","4"
"record_balanced_original_rule","20260625","39BB04F6BF20A4A7C8B5DB8BF0D1D89A0DE4220E35A78EE1B9870614EBD846A5","rbv01_011B84DDF86961F6053ED2B20908582AF6425C6EFA13305F705F7C498093367C","1"
"record_balanced_original_rule","20260625","39C376AA357CF218B68A892301DED466CC0526372B9AB5B34A92F1CA40154BDA","rbv01_0213C5737861DD256119EF44D45CD1CECAF08BA1B29FE2AD47F7CEE0237AF618","0"
"record_balanced_original_rule","20260625","3A01835E9586E8A691A26F26744C7E97C6AECD6B2BE5AD94955F19568B4D0880","rbv01_011B84DDF86961F6053ED2B20908582AF6425C6EFA13305F705F7C498093367C","1"
"record_balanced_original_rule","20260625","3A142A21E3C9CB0CC81767C4973F18B1936A84C94A7D4E8FE56C27C297D5072E","rbv01_01C322D9FB99669376EAE9C000289E1B0BF73B04313F3AF1BFE6D03B29E89068","3"
"record_balanced_original_rule","20260625","3A6D9F32231CE5325C5FC7580AFACA6611151AEB4D7C4C91521A79E7F135FCF5","rbv01_0213C5737861DD256119EF44D45CD1CECAF08BA1B29FE2AD47F7CEE0237AF618","0"
"record_balanced_original_rule","20260625","3B1984C07FB20EE0C930F76946868EE768896CDEE529081B011A800C61915401","rbv01_2358EC0C12B602E4B7C5F9C580844910C6D49ACB512E9988307B46ECAFCD07F3","4"
"record_balanced_original_rule","20260625","3B47746FD436BBBB62B047882377AC7CF649B27302DF5F6A06078B7849D60D77","rbv01_01C322D9FB99669376EAE9C000289E1B0BF73B04313F3AF1BFE6D03B29E89068","3"
"record_balanced_original_rule","20260625","3B4AB5C3B2239FD46C3023ED557DAFE375B1147A9E5BBB10E5A9FE2EEE2D2CA7","rbv01_011B84DDF86961F6053ED2B20908582AF6425C6EFA13305F705F7C498093367C","1"
"record_balanced_original_rule","20260625","3BFEF649A9326E5027F4A18F5B13DD00F4506697AE513AE1789B0F6A300744FD","rbv01_0E9E0FC3E20BED0F32C5DF6A0164CCE77E206A06E5378ED855756B22A2C4F6E6","3"
"record_balanced_original_rule","20260625","3C6AAD89F633AB0F253C92C52E84A0E7A893F10178FA1A2C2379D26D288B36BA","rbv01_0213C5737861DD256119EF44D45CD1CECAF08BA1B29FE2AD47F7CEE0237AF618","0"
"record_balanced_original_rule","20260625","3C88785426C2DE97489FB4EEED6FFEA6BB4060174FB131A809538413CA9213C0","rbv01_0213C5737861DD256119EF44D45CD1CECAF08BA1B29FE2AD47F7CEE0237AF618","0"
"record_balanced_original_rule","20260625","3D0952C0BA5EB3DFC3644E584AB4D800F77A6B59D87BE8B4CDBCFE9AEB48D0B5","rbv01_011D932A057B34C28A553A7C900731E1D7B1E42FD9312A7495A3DF8ECA2AF3C9","4"
"record_balanced_original_rule","20260625","3D27E92ABF9674592BA8265E12514A48080EDD6C5078D728BAC3D87232AFA057","rbv01_011B84DDF86961F6053ED2B20908582AF6425C6EFA13305F705F7C498093367C","1"
"record_balanced_original_rule","20260625","3D3D1EA7BC63F4282CEB379FDDC40D6EB94EA9A2633796E72CE776EDD59E0A3D","rbv01_08EC8F274B3390CA9A557C1810F52FE38EAF9404CF035F8A1D70A5AAAFA3EA60","2"
"record_balanced_original_rule","20260625","3D703A7076E80067DEF89951650DA8A4205192EFC8780FA170E7C277FAF207EE","rbv01_01C322D9FB99669376EAE9C000289E1B0BF73B04313F3AF1BFE6D03B29E89068","3"
"record_balanced_original_rule","20260625","3D73D6D8B251B7A02D7769F0E78F21F83411348C48EF316FF1A95EA14882BADC","rbv01_0213C5737861DD256119EF44D45CD1CECAF08BA1B29FE2AD47F7CEE0237AF618","0"
"record_balanced_original_rule","20260625","3DB7BB56C531A0A11631DFD873DB74943ABBFFEA7098C6DA658DADE99E3AD030","rbv01_2358EC0C12B602E4B7C5F9C580844910C6D49ACB512E9988307B46ECAFCD07F3","4"
"record_balanced_original_rule","20260625","3DC258512CE77905DB48E9DB298CF78E082382DAE0AB49AD316E804C48DEB406","rbv01_011B84DDF86961F6053ED2B20908582AF6425C6EFA13305F705F7C498093367C","1"
"record_balanced_original_rule","20260625","3DC4455A71B55FE23ABD0FCCCBDEE60DF06B991DF73D0E0322FF0F63C81B750F","rbv01_0213C5737861DD256119EF44D45CD1CECAF08BA1B29FE2AD47F7CEE0237AF618","0"
"record_balanced_original_rule","20260625","3E1484B6D5248889C735861DCD0EE0E9B1010915D40E27C45CB07D0944393B7E","rbv01_2358EC0C12B602E4B7C5F9C580844910C6D49ACB512E9988307B46ECAFCD07F3","4"
"record_balanced_original_rule","20260625","3E20B70260DFC2E4BAEE515B168C9794F529814931C9E8E66AD854AC3A65DD90","rbv01_08EC8F274B3390CA9A557C1810F52FE38EAF9404CF035F8A1D70A5AAAFA3EA60","2"
"record_balanced_original_rule","20260625","3E25F1A4479F36D455F30178B05AF9DB6B53BBC20C7EACDE0F5C601CBD907C3B","rbv01_011B84DDF86961F6053ED2B20908582AF6425C6EFA13305F705F7C498093367C","1"
"record_balanced_original_rule","20260625","3E6F08C879E7074289FE997D854B2869477A556E0DFB11D9A0CE75F40CA0E399","rbv01_011D932A057B34C28A553A7C900731E1D7B1E42FD9312A7495A3DF8ECA2AF3C9","4"
"record_balanced_original_rule","20260625","3EA2110023C72D1B39795451665A20003198977DE7D9012578F5B35F13CD6CCA","rbv01_08EC8F274B3390CA9A557C1810F52FE38EAF9404CF035F8A1D70A5AAAFA3EA60","2"
"record_balanced_original_rule","20260625","3F67FE77A359B4B0EDD7229A24D63A131521EA531D68742549C85D03DC50E8EC","rbv01_01C322D9FB99669376EAE9C000289E1B0BF73B04313F3AF1BFE6D03B29E89068","3"
"record_balanced_original_rule","20260625","3FCC33AAF5C590D56CAC8DC6D6508458DD300A0473E63FFB62697B939E911CDE","rbv01_011B84DDF86961F6053ED2B20908582AF6425C6EFA13305F705F7C498093367C","1"
"record_balanced_original_rule","20260625","3FE0C4FE0A0816FE8942C8AACA5AD02EC4A8E9E040F0A152FD248E52ADB860F8","rbv01_011B84DDF86961F6053ED2B20908582AF6425C6EFA13305F705F7C498093367C","1"
"record_balanced_original_rule","20260625","3FECBBA923111BE13CD5D85A19322EF6D618969D4B34E1A065F86A176FFC171B","rbv01_011B84DDF86961F6053ED2B20908582AF6425C6EFA13305F705F7C498093367C","1"
"record_balanced_original_rule","20260625","408751F952862DF07FBC2F487B24B044FA569ED9516888478954E338D1BFBCA6","rbv01_046276E5E1EC434CD47FE2E1D4137204B7C79D59E90B81B5BFE9A77BC6C0BB54","2"
"record_balanced_original_rule","20260625","4099F39B3AAE4DDA1FB9529596D868F8F5C18AAAA729A9E5C4AD1A31648A9310","rbv01_011B84DDF86961F6053ED2B20908582AF6425C6EFA13305F705F7C498093367C","1"
"record_balanced_original_rule","20260625","40AD1CF8497BF8C8A34AC837C4A6DC1C6CB9E583938D7F292824BB10E34F0450","rbv01_2358EC0C12B602E4B7C5F9C580844910C6D49ACB512E9988307B46ECAFCD07F3","4"
"record_balanced_original_rule","20260625","40E95BCB2DA6C11487E1FB1F163EB2B0AFF150B7DB779588D09B11C627F67AA0","rbv01_0E9E0FC3E20BED0F32C5DF6A0164CCE77E206A06E5378ED855756B22A2C4F6E6","3"
"record_balanced_original_rule","20260625","41250789DDCF07FCF7353DA31AE01894EDC9FC6C7BAEB1E1B0148F706FE7B413","rbv01_0213C5737861DD256119EF44D45CD1CECAF08BA1B29FE2AD47F7CEE0237AF618","0"
"record_balanced_original_rule","20260625","4159A8EDFF2E94149BC780537B7BAEAB819F30108890E1D0334296C04EAEFD92","rbv01_021729FAD057771AC5A3F59730477FE06019418FF0104B829F6E153E2D91134D","3"
"record_balanced_original_rule","20260625","41A388817BDBCB2BA14BCE922EAA7E3F86663995A5B4DECE51FCC7118D33A228","rbv01_0FAB0DD3DEC2E0DA5B1841B2949196B7B1E5F846FFA0C8F4AF1461F9D3B66BCE","0"
"record_balanced_original_rule","20260625","41BE6CCE837C044E6AA95123E47B75CE3DD12587D7D6267EFC49A37DA9A7985B","rbv01_0213C5737861DD256119EF44D45CD1CECAF08BA1B29FE2AD47F7CEE0237AF618","0"
"record_balanced_original_rule","20260625","41D14E9CDC1075976AF61AD0FAF8209A1F4D980C4B8A0A40CC5382084F3E367D","rbv01_0213C5737861DD256119EF44D45CD1CECAF08BA1B29FE2AD47F7CEE0237AF618","0"
"record_balanced_original_rule","20260625","434125391825E9858C112A0BFFDDC348E360A6CEBDBCBD4A01D217752BAF8A93","rbv01_0213C5737861DD256119EF44D45CD1CECAF08BA1B29FE2AD47F7CEE0237AF618","0"
"record_balanced_original_rule","20260625","437DC9A7927A255442ACD1FA3D279579C7230A19DE4B6ECA3F46CBC7898EF707","rbv01_0E9E0FC3E20BED0F32C5DF6A0164CCE77E206A06E5378ED855756B22A2C4F6E6","3"
"record_balanced_original_rule","20260625","4381D377E0C2F48D9D0E2AFDBA401F5DBD2AEC82329C9D84F6AA89AF9D5F5B58","rbv01_011B84DDF86961F6053ED2B20908582AF6425C6EFA13305F705F7C498093367C","1"
"record_balanced_original_rule","20260625","439AF85824202428A54E9FC3B53BBBA5CF98FADA0216CC4F00AB3E07B8806E71","rbv01_011B84DDF86961F6053ED2B20908582AF6425C6EFA13305F705F7C498093367C","1"
"record_balanced_original_rule","20260625","43B2A50B115B67670E49A3A65AAFC81104F3786411F346A1EBE53FBEDCDEDED3","rbv01_011D932A057B34C28A553A7C900731E1D7B1E42FD9312A7495A3DF8ECA2AF3C9","4"
"record_balanced_original_rule","20260625","444D4AA3E2C186829DEDEE418B76E60719C024ED0B4B4537CFBD9A9B6F994EAA","rbv01_0213C5737861DD256119EF44D45CD1CECAF08BA1B29FE2AD47F7CEE0237AF618","0"
"record_balanced_original_rule","20260625","4450A047AC605EDA7B22DC8E088CC1C0E70C606057FA0CFCC0C2F0C3C30598A6","rbv01_011B84DDF86961F6053ED2B20908582AF6425C6EFA13305F705F7C498093367C","1"
"record_balanced_original_rule","20260625","445AE34132D5480345F0DBD582722270DAC2610A406E62840904EBE7DE495300","rbv01_011B84DDF86961F6053ED2B20908582AF6425C6EFA13305F705F7C498093367C","1"
"record_balanced_original_rule","20260625","450AAD2453983EA51D2D22C1C2A5225DF27B7B6FB645EC6255F57795D7A926B4","rbv01_0213C5737861DD256119EF44D45CD1CECAF08BA1B29FE2AD47F7CEE0237AF618","0"
"record_balanced_original_rule","20260625","452F34470F7B3DBDA99E41C833456F21153CBED06C673E2ED411B7F13D45D41A","rbv01_0E9E0FC3E20BED0F32C5DF6A0164CCE77E206A06E5378ED855756B22A2C4F6E6","3"
"record_balanced_original_rule","20260625","45733AC66C7524952635B5DA1FC3CA44E7464A94B06E48E669231B4D1C5582CA","rbv01_01C322D9FB99669376EAE9C000289E1B0BF73B04313F3AF1BFE6D03B29E89068","3"
"record_balanced_original_rule","20260625","45B79E955E92D757256C95752B33706F24439DB877F9ED0A206537C4E244BDD0","rbv01_0E9E0FC3E20BED0F32C5DF6A0164CCE77E206A06E5378ED855756B22A2C4F6E6","3"
"record_balanced_original_rule","20260625","45E1399C5049E03BDC43FAAD1A8B53BFB45FE2E828E7422104DE2889224577CA","rbv01_2358EC0C12B602E4B7C5F9C580844910C6D49ACB512E9988307B46ECAFCD07F3","4"
"record_balanced_original_rule","20260625","45F4960707D3325A0221C800B06B053788735F04B027B37411436ACDA4A89945","rbv01_0E9E0FC3E20BED0F32C5DF6A0164CCE77E206A06E5378ED855756B22A2C4F6E6","3"
"record_balanced_original_rule","20260625","461060C1C35F2CBE4A854DFE570AE437C8620E9BA90995DE613263AC403265DA","rbv01_011B84DDF86961F6053ED2B20908582AF6425C6EFA13305F705F7C498093367C","1"
"record_balanced_original_rule","20260625","461C36B36801F07722EDEAC1A5C6775D51B0DD34D6AAA476D7ADDD954EE45055","rbv01_054201B2ED3ADADFBB0028C07B1A262219631DC717FDE4862C42583AB67D10C2","1"
"record_balanced_original_rule","20260625","46DFFAB21CBA603E14CA71915309CE3A5AEFCEADCF54CEEB30A2B2C59C5187CF","rbv01_0213C5737861DD256119EF44D45CD1CECAF08BA1B29FE2AD47F7CEE0237AF618","0"
"record_balanced_original_rule","20260625","46FAD474DFE35A28F6049743424BA37546CD9812A2E9A22BAC96B8CF73A9F896","rbv01_2358EC0C12B602E4B7C5F9C580844910C6D49ACB512E9988307B46ECAFCD07F3","4"
"record_balanced_original_rule","20260625","46FBD697929159320AA7AD07FB3E55E29EDD03EE6F84DACBED9549F2E292CF17","rbv01_0213C5737861DD256119EF44D45CD1CECAF08BA1B29FE2AD47F7CEE0237AF618","0"
"record_balanced_original_rule","20260625","472AD0311B0636C90907D2D626C33B145D9831EA75FC62458CE599EE0AD08037","rbv01_011D932A057B34C28A553A7C900731E1D7B1E42FD9312A7495A3DF8ECA2AF3C9","4"
"record_balanced_original_rule","20260625","4773159EB39C8FEB1CB224A5320ADEA45CC752FE853DFDC8A7C6D601953495BC","rbv01_2358EC0C12B602E4B7C5F9C580844910C6D49ACB512E9988307B46ECAFCD07F3","4"
"record_balanced_original_rule","20260625","4867D9A5079B8B7B4077A29F94B6A8984A401767FA420676EF4004A3700163A6","rbv01_011B84DDF86961F6053ED2B20908582AF6425C6EFA13305F705F7C498093367C","1"
"record_balanced_original_rule","20260625","488EB2C85A677C03C0D8B5DE4F707EBF083815A08DA663A752E3E375CD05E51E","rbv01_011D932A057B34C28A553A7C900731E1D7B1E42FD9312A7495A3DF8ECA2AF3C9","4"
"record_balanced_original_rule","20260625","48FB23675E5C58C68AD2247A9B305EA3D0051BEC04724870F482A7CE3CEC4303","rbv01_0213C5737861DD256119EF44D45CD1CECAF08BA1B29FE2AD47F7CEE0237AF618","0"
"record_balanced_original_rule","20260625","49065CC7700D9EA14D3519EAFF894FC51D125E62E600505A69AEB925B58711F6","rbv01_021729FAD057771AC5A3F59730477FE06019418FF0104B829F6E153E2D91134D","3"
"record_balanced_original_rule","20260625","49812D40CD7C70D514291ED79A8154C7B34332DB8AEB92FBF9B100D3EC514716","rbv01_021729FAD057771AC5A3F59730477FE06019418FF0104B829F6E153E2D91134D","3"
"record_balanced_original_rule","20260625","49C5CAE21AC63BA801406B5D4231E8F58B9435966F1504366E2A69A6F8BEA76C","rbv01_01C322D9FB99669376EAE9C000289E1B0BF73B04313F3AF1BFE6D03B29E89068","3"
"record_balanced_original_rule","20260625","49E9C31B508C70478AACF4DB26DC0A53CF5DF5D19D94AF056CE805E486430A11","rbv01_0D49377FA046416BEACFBB00B72B25CF04B27FCDD1DFA22E7E8C3ECE070E08F2","4"
"record_balanced_original_rule","20260625","4A903B93E71C80DBBCFE041008B4AC0BB2B1B011BFFCEC11C6FBEEA1E61B140D","rbv01_011B84DDF86961F6053ED2B20908582AF6425C6EFA13305F705F7C498093367C","1"
"record_balanced_original_rule","20260625","4AD7BBD2A5FD57BF17D7B5EDCA121A6BDD18D030099C3DBA947ABD384EC89F78","rbv01_011B84DDF86961F6053ED2B20908582AF6425C6EFA13305F705F7C498093367C","1"
"record_balanced_original_rule","20260625","4AEA0854328F63BA8B6BD31CD3120210060AD06B96DD5A48C43B12E030EDB99C","rbv01_0213C5737861DD256119EF44D45CD1CECAF08BA1B29FE2AD47F7CEE0237AF618","0"
"record_balanced_original_rule","20260625","4B0F92D31B501D4F13A76543BD15876C281FB8FDFF994489A14D668E86F8F30B","rbv01_021729FAD057771AC5A3F59730477FE06019418FF0104B829F6E153E2D91134D","3"
"record_balanced_original_rule","20260625","4BA8932F890B72F225D3E4A59A28704CA7F69CB81ABDF8BFF9991A2B46A146EB","rbv01_0213C5737861DD256119EF44D45CD1CECAF08BA1B29FE2AD47F7CEE0237AF618","0"
"record_balanced_original_rule","20260625","4BB905050347B836AB901BA55DF415E433120FBA51A8E3A20F2BDAD110B61702","rbv01_08EC8F274B3390CA9A557C1810F52FE38EAF9404CF035F8A1D70A5AAAFA3EA60","2"
"record_balanced_original_rule","20260625","4BF70BED02886DBB1B4BBDC99C922AFFFBF05DBA462F541F030050DC546DDEE9","rbv01_0213C5737861DD256119EF44D45CD1CECAF08BA1B29FE2AD47F7CEE0237AF618","0"
"record_balanced_original_rule","20260625","4C17B0B8C9855F210E5E0686AB5C138B8900568C770055EADC8ED6583965AEFD","rbv01_011B84DDF86961F6053ED2B20908582AF6425C6EFA13305F705F7C498093367C","1"
"record_balanced_original_rule","20260625","4C246C49379D39671B1C1E73C076C00560D36F82BAD1B1C850A84C9931ADFFAD","rbv01_011B84DDF86961F6053ED2B20908582AF6425C6EFA13305F705F7C498093367C","1"
"record_balanced_original_rule","20260625","4D309BEA4507777F3A4248A6C711912DFB50A2F9445EAA470AA25DDB2E25D43D","rbv01_2358EC0C12B602E4B7C5F9C580844910C6D49ACB512E9988307B46ECAFCD07F3","4"
"record_balanced_original_rule","20260625","4D6EE8DA84AF6D99212327D362FFAD481C666DA081AA72CB3F7E29E423B4A2F8","rbv01_0213C5737861DD256119EF44D45CD1CECAF08BA1B29FE2AD47F7CEE0237AF618","0"
"record_balanced_original_rule","20260625","4DDDC216782D2960AEAEF9370B334BFB65C8D314C1BAB9BBA18455370DB3342F","rbv01_011B84DDF86961F6053ED2B20908582AF6425C6EFA13305F705F7C498093367C","1"
"record_balanced_original_rule","20260625","4DEFC47228E4B12BDC04646BB8BB24245A7FD2A635F65D64CEC8DEDF620DD6C4","rbv01_01C322D9FB99669376EAE9C000289E1B0BF73B04313F3AF1BFE6D03B29E89068","3"
"record_balanced_original_rule","20260625","4E2DE2EDF2A6245DDD07BAE533336D7C3EAD221EAAD4864C9787E47FD828B7E7","rbv01_01C322D9FB99669376EAE9C000289E1B0BF73B04313F3AF1BFE6D03B29E89068","3"
"record_balanced_original_rule","20260625","4EB2767698EC813807F2FBC0AF44794BD389BBD3A39519B4912202E199CB91CF","rbv01_054201B2ED3ADADFBB0028C07B1A262219631DC717FDE4862C42583AB67D10C2","1"
"record_balanced_original_rule","20260625","4F2B583FE4E7764C42D005CE39EFBBFC2106F3E1E70AA23761211B98F5A7B319","rbv01_0DA9CA625518CEB3C5B20C7295004FB7CDC5BC108FF93282C63467286DA188EB","4"
"record_balanced_original_rule","20260625","4F616FF5D7F89A5D8CD2F80944E68D5D9016AD33F3CCB7CE44165A7E4D48582A","rbv01_0DA9CA625518CEB3C5B20C7295004FB7CDC5BC108FF93282C63467286DA188EB","4"
"record_balanced_original_rule","20260625","5045C2C6959EA40470DFEECDBFF501C04B7FB52D432E3636366EE63391BB26DF","rbv01_011B84DDF86961F6053ED2B20908582AF6425C6EFA13305F705F7C498093367C","1"
"record_balanced_original_rule","20260625","511219158301CB59D03A8430389179F1DF8B9F3EAD0B65457F7DC5C860B65143","rbv01_2358EC0C12B602E4B7C5F9C580844910C6D49ACB512E9988307B46ECAFCD07F3","4"
"record_balanced_original_rule","20260625","51AED83FEBEBBBDF81BF76A9DEBDC2496EDF80BE005F5E74BDF6EC48025D254E","rbv01_011B84DDF86961F6053ED2B20908582AF6425C6EFA13305F705F7C498093367C","1"
"record_balanced_original_rule","20260625","5224D6BB74AF0B9DFAE3AEB255D416B041D9B1D98CB4B32636FE77B29EB7EF80","rbv01_011B84DDF86961F6053ED2B20908582AF6425C6EFA13305F705F7C498093367C","1"
"record_balanced_original_rule","20260625","526CB10D1926DF75FFE3294A10036820F5E9B397E289C7619F9BFBDF7E001D5F","rbv01_011B84DDF86961F6053ED2B20908582AF6425C6EFA13305F705F7C498093367C","1"
"record_balanced_original_rule","20260625","527FAB735F1124C4763E261857868A75747E78A9E2AE1E6A8FDB0768F3C7F876","rbv01_76BCAA01B24B5B79F90CBEA55222EB028CC0DA3AC4CAD5CF5008C6EE1291E4FC","4"
"record_balanced_original_rule","20260625","529420CA06A50691BF6BF36D9CD498662A360E73D696F422A144A9DBFA524461","rbv01_021729FAD057771AC5A3F59730477FE06019418FF0104B829F6E153E2D91134D","3"
"record_balanced_original_rule","20260625","534F9F6A382D86CD0AC2FD148D9647C8F4DABAED9725DE3F2EDCD815DE3A6744","rbv01_2358EC0C12B602E4B7C5F9C580844910C6D49ACB512E9988307B46ECAFCD07F3","4"
"record_balanced_original_rule","20260625","53B57017738A840DE09247C52226912C224E73007DEC7D366B81EF86BCF0C802","rbv01_2358EC0C12B602E4B7C5F9C580844910C6D49ACB512E9988307B46ECAFCD07F3","4"
"record_balanced_original_rule","20260625","53BB7B0BA4D65E00579D7CB4D5801C992D8D730035DC3644B14DF19167B40B46","rbv01_054201B2ED3ADADFBB0028C07B1A262219631DC717FDE4862C42583AB67D10C2","1"
"record_balanced_original_rule","20260625","53BFDBB9B8E0218E1494423F87B6DE59EB63C3014CDEC30C4BC068AFD5B6B835","rbv01_0E9E0FC3E20BED0F32C5DF6A0164CCE77E206A06E5378ED855756B22A2C4F6E6","3"
"record_balanced_original_rule","20260625","53E3752651A5631B1DBB70D27EAE92E6E60AD4A741291A8BC14F4925FDC95823","rbv01_0E9E0FC3E20BED0F32C5DF6A0164CCE77E206A06E5378ED855756B22A2C4F6E6","3"
"record_balanced_original_rule","20260625","540640EFFF86AE4AEDB91DC09CBE8EA2B29C46299239AA9BE2F56CE7D83DF037","rbv01_0213C5737861DD256119EF44D45CD1CECAF08BA1B29FE2AD47F7CEE0237AF618","0"
"record_balanced_original_rule","20260625","545D8357071AE6D64E54617785D37552C9DAF6E20F4553C56E64730AE30DA43A","rbv01_0E9E0FC3E20BED0F32C5DF6A0164CCE77E206A06E5378ED855756B22A2C4F6E6","3"
"record_balanced_original_rule","20260625","5468D9B9D12EA6F793E3D6F744C9DAF90D2E455EB7906DACF0516BBDA253EBA9","rbv01_046276E5E1EC434CD47FE2E1D4137204B7C79D59E90B81B5BFE9A77BC6C0BB54","2"
"record_balanced_original_rule","20260625","547A7ECB082E1396DC5BF15010A4A42C46C061C8725A118FA7824033BB0BC50A","rbv01_0E9E0FC3E20BED0F32C5DF6A0164CCE77E206A06E5378ED855756B22A2C4F6E6","3"
"record_balanced_original_rule","20260625","55014121E5C882552CF9155F776E0CF47718145447C7BC4EABB2DAC2C0E7DE25","rbv01_0E9E0FC3E20BED0F32C5DF6A0164CCE77E206A06E5378ED855756B22A2C4F6E6","3"
"record_balanced_original_rule","20260625","553FAFC31B25E52B6C086339C65A6235181C325B0F590ED23612B07B731756F2","rbv01_011B84DDF86961F6053ED2B20908582AF6425C6EFA13305F705F7C498093367C","1"
"record_balanced_original_rule","20260625","55634C205CFA0E4C6E0C00A73AEF26E144B5B00B101D11A5570063A4858C7B84","rbv01_011B84DDF86961F6053ED2B20908582AF6425C6EFA13305F705F7C498093367C","1"
"record_balanced_original_rule","20260625","558F416E7B0A01D9A2560B557EC90ACEDD265ADDF96D27310D9CDBB7EC5BEC9C","rbv01_01C322D9FB99669376EAE9C000289E1B0BF73B04313F3AF1BFE6D03B29E89068","3"
"record_balanced_original_rule","20260625","55AF0F4A3B9E4E6C2857380D9C27D5A3CFCB006691BFBF934300C26D8927901E","rbv01_2358EC0C12B602E4B7C5F9C580844910C6D49ACB512E9988307B46ECAFCD07F3","4"
"record_balanced_original_rule","20260625","560D72B3593A990815FE48B1155EBBE88C3C0435ABE07CE239CE9C7307C15D56","rbv01_0213C5737861DD256119EF44D45CD1CECAF08BA1B29FE2AD47F7CEE0237AF618","0"
"record_balanced_original_rule","20260625","5639318B014A2C944CC5285A00F41B8E74052DF50863E0EFD87BAD21ADBCACE6","rbv01_011B84DDF86961F6053ED2B20908582AF6425C6EFA13305F705F7C498093367C","1"
"record_balanced_original_rule","20260625","56C214C3F046023DA6B0771E67FAB270EFF584ABF9D9F973757415ADCE1A99F3","rbv01_011B84DDF86961F6053ED2B20908582AF6425C6EFA13305F705F7C498093367C","1"
"record_balanced_original_rule","20260625","57050E6A8DEDDE7DB4CAFFBF7AEEACB012030BC6576ECD99999F3C8A7976C375","rbv01_0213C5737861DD256119EF44D45CD1CECAF08BA1B29FE2AD47F7CEE0237AF618","0"
"record_balanced_original_rule","20260625","57E45F7478676079B8B072E89DE3BFA39F6A00778BA8222E21BED5B3D48BB3D2","rbv01_011B84DDF86961F6053ED2B20908582AF6425C6EFA13305F705F7C498093367C","1"
"record_balanced_original_rule","20260625","57E97D0A553803661F82EB973E74A82B4A4FF3B4FA5A6B09EBA7B2C3BB32A2A7","rbv01_011B84DDF86961F6053ED2B20908582AF6425C6EFA13305F705F7C498093367C","1"
"record_balanced_original_rule","20260625","585604A3364E953D27D7E96337FD9B2AB42645B7A86BD54240E68C8622CAE86E","rbv01_0213C5737861DD256119EF44D45CD1CECAF08BA1B29FE2AD47F7CEE0237AF618","0"
"record_balanced_original_rule","20260625","5859EC6E9C64004E87D38D7D86AA4D3F2773AAA7C2DC56D6F71CF8A9F7001727","rbv01_0213C5737861DD256119EF44D45CD1CECAF08BA1B29FE2AD47F7CEE0237AF618","0"
"record_balanced_original_rule","20260625","5873A6B1ABADDBD30A3EC32573C3936AE36D498CCD6A333EAF7CB4A2944E3005","rbv01_2358EC0C12B602E4B7C5F9C580844910C6D49ACB512E9988307B46ECAFCD07F3","4"
"record_balanced_original_rule","20260625","587F949A84CB56FE11AB6B6D62E7790A37AEA7DB27CB595C3498FDACF036FDC5","rbv01_0E9E0FC3E20BED0F32C5DF6A0164CCE77E206A06E5378ED855756B22A2C4F6E6","3"
"record_balanced_original_rule","20260625","589909DA400CDA359FA0E7A50DF7A5251AC809128D4617304628995B9E71301E","rbv01_01C322D9FB99669376EAE9C000289E1B0BF73B04313F3AF1BFE6D03B29E89068","3"
"record_balanced_original_rule","20260625","593386B6291210BC5B8FF118B6B2A17D08B338381A28602C61E99B0FDA6867B9","rbv01_0213C5737861DD256119EF44D45CD1CECAF08BA1B29FE2AD47F7CEE0237AF618","0"
"record_balanced_original_rule","20260625","59C2FE5686A10BA06EC84AC544A92FA2E677E6A490A1F44AC5FAAF3E4AE4C03C","rbv01_0E9E0FC3E20BED0F32C5DF6A0164CCE77E206A06E5378ED855756B22A2C4F6E6","3"
"record_balanced_original_rule","20260625","5A34B647354A5293524F20A0436591EFC8C26D9AFEFD91527FA94AE94D4592E7","rbv01_011B84DDF86961F6053ED2B20908582AF6425C6EFA13305F705F7C498093367C","1"
"record_balanced_original_rule","20260625","5A5F363DDF5138B82CC8A2D2E16B99326EFA2D7C66A6BA0AE7936C640E48DB3C","rbv01_011B84DDF86961F6053ED2B20908582AF6425C6EFA13305F705F7C498093367C","1"
"record_balanced_original_rule","20260625","5AF732DB4071EF1AE930CD7722F2971A337C01ACA23BE39B063C81B442EDFA30","rbv01_0213C5737861DD256119EF44D45CD1CECAF08BA1B29FE2AD47F7CEE0237AF618","0"
"record_balanced_original_rule","20260625","5B0920E92A70337286CFAD56B29C6D9D1DAB06EF6E218462A5F0C0BC751D8FFE","rbv01_0D49377FA046416BEACFBB00B72B25CF04B27FCDD1DFA22E7E8C3ECE070E08F2","4"
"record_balanced_original_rule","20260625","5C405999428C131305A40C881E8D00DAE368C9E29F30FBC763519E5AA36FDB74","rbv01_011B84DDF86961F6053ED2B20908582AF6425C6EFA13305F705F7C498093367C","1"
"record_balanced_original_rule","20260625","5C4A573C9E11E22CD4CA466DAFB46D88B772EF6130F2B9E61FA62DB4B7D13E64","rbv01_011B84DDF86961F6053ED2B20908582AF6425C6EFA13305F705F7C498093367C","1"
"record_balanced_original_rule","20260625","5CB46307AFB5C3CEC13FA622A8F81A5E448DF596917242D1B61C4A778D9E9D7D","rbv01_0213C5737861DD256119EF44D45CD1CECAF08BA1B29FE2AD47F7CEE0237AF618","0"
"record_balanced_original_rule","20260625","5CD6C75FBE29FA80E3BB7F5775589164AC3B2E3D1A5C2EE8E8C433BB6BF43510","rbv01_011B84DDF86961F6053ED2B20908582AF6425C6EFA13305F705F7C498093367C","1"
"record_balanced_original_rule","20260625","5CE0FA3E17A2E4B395186D7EBB7CD22DF86A5C57EA7FDC72CC741F891C3C6757","rbv01_0E9E0FC3E20BED0F32C5DF6A0164CCE77E206A06E5378ED855756B22A2C4F6E6","3"
"record_balanced_original_rule","20260625","5D63FAD27555B9DB68AD10175AEB6A60FD59F0AFD0FE146695953486FAAE45FB","rbv01_08EC8F274B3390CA9A557C1810F52FE38EAF9404CF035F8A1D70A5AAAFA3EA60","2"
"record_balanced_original_rule","20260625","5E0071CD5CB55992A750BCE258ADDBC8B0C9CF1D50FD77C5A24D6DFC814011CC","rbv01_147C763D2DD7A735DC5DA68C31ECD7579510C8C8494E1BBB99D46B386B713D84","3"
"record_balanced_original_rule","20260625","5E0281654E30919D5D82F901F17AED34F85BF0A1AB24DE74043602CB526809F0","rbv01_011B84DDF86961F6053ED2B20908582AF6425C6EFA13305F705F7C498093367C","1"
"record_balanced_original_rule","20260625","5E06FD7724DAA44666253EBCB056D98D636326C24480117CBCD8FAD871EB876C","rbv01_0C68AE2824568C19A46D2947C2D1EB95DFE6E72AF600B3275A62492DFFF69BF3","3"
"record_balanced_original_rule","20260625","5F36CCB2F2766F08143AA3B93A9252C8E51E6B0904375C2353C376C92E2E57EE","rbv01_147C763D2DD7A735DC5DA68C31ECD7579510C8C8494E1BBB99D46B386B713D84","3"
"record_balanced_original_rule","20260625","5FC7F592B55D903EF47A4A3A0B2DF59F146AFCCD6B6EEC56595A34392212186A","rbv01_011B84DDF86961F6053ED2B20908582AF6425C6EFA13305F705F7C498093367C","1"
"record_balanced_original_rule","20260625","5FC9599CDCDE496EC24CFCBB80224C8DDADDA4DACD78E4FB274073A1FB81DD78","rbv01_011B84DDF86961F6053ED2B20908582AF6425C6EFA13305F705F7C498093367C","1"
"record_balanced_original_rule","20260625","607F64DDB025C3F5C3B87DDE0E830EE58D66385CD5CADB63CAF0BC1C1BE9E25A","rbv01_01C322D9FB99669376EAE9C000289E1B0BF73B04313F3AF1BFE6D03B29E89068","3"
"record_balanced_original_rule","20260625","6092B66F178B3C7E0D960FEF9575ADD9A60E346D4ECDBBF528DEE179E4F71DA7","rbv01_046276E5E1EC434CD47FE2E1D4137204B7C79D59E90B81B5BFE9A77BC6C0BB54","2"
"record_balanced_original_rule","20260625","609749579572B2FA6E14FA1EEB1F875B07B2F9FF9C72A3E3939FB6EDD90DBEEB","rbv01_0213C5737861DD256119EF44D45CD1CECAF08BA1B29FE2AD47F7CEE0237AF618","0"
"record_balanced_original_rule","20260625","60FE2F0C145E2CFD68F826BE3443271BEC5594C868617B24A4CEBD34586C265D","rbv01_01C322D9FB99669376EAE9C000289E1B0BF73B04313F3AF1BFE6D03B29E89068","3"
"record_balanced_original_rule","20260625","61016099D502283DA40D4EE4B9F7C0ED7DF6F7D964401D6A2D8CF3EB6248FCF1","rbv01_0E9E0FC3E20BED0F32C5DF6A0164CCE77E206A06E5378ED855756B22A2C4F6E6","3"
"record_balanced_original_rule","20260625","6112398A5A27A1DDBAE7D6EEB8F1D68BD7CF7787D3B91DF1A831D7E5CADC9093","rbv01_054201B2ED3ADADFBB0028C07B1A262219631DC717FDE4862C42583AB67D10C2","1"
"record_balanced_original_rule","20260625","6142EE048B1B633FA5249772D940196675EC543F3226DDDC2433B4DBB15E3B25","rbv01_01C322D9FB99669376EAE9C000289E1B0BF73B04313F3AF1BFE6D03B29E89068","3"
"record_balanced_original_rule","20260625","6174FF925532C926AAA32B79CA43300752AD193CF23A92B8659393C437840F13","rbv01_0213C5737861DD256119EF44D45CD1CECAF08BA1B29FE2AD47F7CEE0237AF618","0"
"record_balanced_original_rule","20260625","61A09FA5B6C964AC5A1B5CF9C6D57743E0A6CDC9A9F8052EFE320510632BBCBF","rbv01_011B84DDF86961F6053ED2B20908582AF6425C6EFA13305F705F7C498093367C","1"
"record_balanced_original_rule","20260625","6216459473676649F75F11A9C627388BF00109948ECF84C5364ECC7519473562","rbv01_011B84DDF86961F6053ED2B20908582AF6425C6EFA13305F705F7C498093367C","1"
"record_balanced_original_rule","20260625","62A5E1A05A38F7781B623E66C3C9663D8D191152A46CFCA583EE0FFCA699D18E","rbv01_2358EC0C12B602E4B7C5F9C580844910C6D49ACB512E9988307B46ECAFCD07F3","4"
"record_balanced_original_rule","20260625","62FBDE22D30C21640013F7960847A31F801A567F17DD3466485C84E68C2F4A76","rbv01_0213C5737861DD256119EF44D45CD1CECAF08BA1B29FE2AD47F7CEE0237AF618","0"
"record_balanced_original_rule","20260625","63CB23ECC2CBBC2F66E3FA210899309DE3B993E414146D1BA55D2766A60D1D3C","rbv01_011B84DDF86961F6053ED2B20908582AF6425C6EFA13305F705F7C498093367C","1"
"record_balanced_original_rule","20260625","63DF561656502F71DB9CF94570A0BAEC8C6EB0A93198BD12C45E1B5323792361","rbv01_0E9E0FC3E20BED0F32C5DF6A0164CCE77E206A06E5378ED855756B22A2C4F6E6","3"
"record_balanced_original_rule","20260625","640ADC9C9E5B52E8423895DF788D46B5B2B7ECBBB00F7AC4C1EE8102766842AB","rbv01_0E9E0FC3E20BED0F32C5DF6A0164CCE77E206A06E5378ED855756B22A2C4F6E6","3"
"record_balanced_original_rule","20260625","6486B0B00B6A64D5FF711049D18835756EC3243B4AE0B146640B61E3DBBF3B1B","rbv01_2358EC0C12B602E4B7C5F9C580844910C6D49ACB512E9988307B46ECAFCD07F3","4"
"record_balanced_original_rule","20260625","64BCED7CD45A062E0D93E9DA6A459E08E7DE3EE75334CEC74B37EC8FF0D387FB","rbv01_25A206590D1048D18147FD26B701861897281071258782AED6A00779FFF7210A","1"
"record_balanced_original_rule","20260625","64C619A75D94EA4475D6BBF73AB84509C81BE1871176F2040555FB74C94DF678","rbv01_054201B2ED3ADADFBB0028C07B1A262219631DC717FDE4862C42583AB67D10C2","1"
"record_balanced_original_rule","20260625","64D37F8EC94157972501866F2C0409596E19184285BE6BB17F05CD21384C6C66","rbv01_011B84DDF86961F6053ED2B20908582AF6425C6EFA13305F705F7C498093367C","1"
"record_balanced_original_rule","20260625","64FB82376477A79AB45C3F7EA5AAFB49EE7423DF9CEE856D7DC34E22794A133C","rbv01_0DA9CA625518CEB3C5B20C7295004FB7CDC5BC108FF93282C63467286DA188EB","4"
"record_balanced_original_rule","20260625","6547A33CB61AB244D15ECF247ABF262D96D6472DC78D3F5CAE326622A202F9FB","rbv01_0E9E0FC3E20BED0F32C5DF6A0164CCE77E206A06E5378ED855756B22A2C4F6E6","3"
"record_balanced_original_rule","20260625","656390EED1FD9897918FE16673DD9919DA443EEF28949541135699DE80A4846F","rbv01_0DA9CA625518CEB3C5B20C7295004FB7CDC5BC108FF93282C63467286DA188EB","4"
"record_balanced_original_rule","20260625","657EEF51C5520A0224536CE12861644354A6A9B5C07D2B3879D62C05ABEDDD32","rbv01_0213C5737861DD256119EF44D45CD1CECAF08BA1B29FE2AD47F7CEE0237AF618","0"
"record_balanced_original_rule","20260625","661FC0C39FF5A85F97A0C6688C297F8B7E98C764E4A11420E164B018D9E7226C","rbv01_4C51CFDB4AF8C1E97EE68AD316E14EE38D69EBF9BC08EA86615CC9553C187FB5","2"
"record_balanced_original_rule","20260625","6627CE031858FF0E6CF28EBB1CB041EBA4FE95AB467047BDD1561249CCF925A1","rbv01_011D932A057B34C28A553A7C900731E1D7B1E42FD9312A7495A3DF8ECA2AF3C9","4"
"record_balanced_original_rule","20260625","66353004E46A7D2DEA8AAFE7F83594C8F92144747DA49A5CF301F31E84591F1D","rbv01_2358EC0C12B602E4B7C5F9C580844910C6D49ACB512E9988307B46ECAFCD07F3","4"
"record_balanced_original_rule","20260625","66A1BE2CD6F6FF08C11A2C3357EF8EC0C032A86D5D87B13B11945FBD45127931","rbv01_0213C5737861DD256119EF44D45CD1CECAF08BA1B29FE2AD47F7CEE0237AF618","0"
"record_balanced_original_rule","20260625","66BAC981C1C4701485BEE46F46AF3026FED8EBB0BCF9929C549C58791E83067E","rbv01_011B84DDF86961F6053ED2B20908582AF6425C6EFA13305F705F7C498093367C","1"
"record_balanced_original_rule","20260625","6704B9633DCEBC2BA01FDECDFD5EA4A5370D106858137FFEAAAC036EFB3FD757","rbv01_0213C5737861DD256119EF44D45CD1CECAF08BA1B29FE2AD47F7CEE0237AF618","0"
"record_balanced_original_rule","20260625","6835116907D67386298A9EF5227E3B49C83D7F220C27D7E8DD2D87BF3A43EF25","rbv01_0213C5737861DD256119EF44D45CD1CECAF08BA1B29FE2AD47F7CEE0237AF618","0"
"record_balanced_original_rule","20260625","6871BE6DDBAEC27287050ECFCAB5CFC294576AA669561D671D6FB888E6328DFD","rbv01_0213C5737861DD256119EF44D45CD1CECAF08BA1B29FE2AD47F7CEE0237AF618","0"
"record_balanced_original_rule","20260625","68F263FF68635FB84AD0D3374FC9B9E01894B2311A0B168682615C327AD57C9D","rbv01_011B84DDF86961F6053ED2B20908582AF6425C6EFA13305F705F7C498093367C","1"
"record_balanced_original_rule","20260625","6941EF9147030F468EE2273E4A1E92FDB438B995704E775A9791FFD169DA606E","rbv01_046276E5E1EC434CD47FE2E1D4137204B7C79D59E90B81B5BFE9A77BC6C0BB54","2"
"record_balanced_original_rule","20260625","69F9E99C1BC30717A040E1750774FFC9D8C8D5C2512C4E4A212E94803FFE0AE6","rbv01_0213C5737861DD256119EF44D45CD1CECAF08BA1B29FE2AD47F7CEE0237AF618","0"
"record_balanced_original_rule","20260625","6A8E5EF237A69BFE6D5A70FB5C1488D0FAEC6E1B92FA28AC8D95C05C357B5E63","rbv01_0213C5737861DD256119EF44D45CD1CECAF08BA1B29FE2AD47F7CEE0237AF618","0"
"record_balanced_original_rule","20260625","6AA1B00D7021262502B6FC95332455EE8A2AF272251C8E28591E30E64E069844","rbv01_011B84DDF86961F6053ED2B20908582AF6425C6EFA13305F705F7C498093367C","1"
"record_balanced_original_rule","20260625","6B62116FD3F14E23A9BB0F458049B58C6EAC702097C8DB30EEA0A6299A978491","rbv01_011B84DDF86961F6053ED2B20908582AF6425C6EFA13305F705F7C498093367C","1"
"record_balanced_original_rule","20260625","6B76A22D19B1D56262EEF9CAFD58D3BFA5B9643F2632351328F814F15539D869","rbv01_02F3E19E40F367B65842ED87339C30DC3CDDB63BF424A5DC683F489D6C8C8311","4"
"record_balanced_original_rule","20260625","6BDF067CFC053B069E3183683DC72BBE0A12C15DC196EE8D3F4953977C271993","rbv01_0213C5737861DD256119EF44D45CD1CECAF08BA1B29FE2AD47F7CEE0237AF618","0"
"record_balanced_original_rule","20260625","6C922E08B80DE2068FBBC9A2442520E7645A9213FBFA99AD3C6BD159413E6984","rbv01_054201B2ED3ADADFBB0028C07B1A262219631DC717FDE4862C42583AB67D10C2","1"
"record_balanced_original_rule","20260625","6CEDF7B181B79ABE208B9B3629075DE29BC2DE50AA954EA2D9B290AD89289D3E","rbv01_0213C5737861DD256119EF44D45CD1CECAF08BA1B29FE2AD47F7CEE0237AF618","0"
"record_balanced_original_rule","20260625","6DC61C5079EAE1BF435C0CAF99FA1F723762BF4F36B7217EAC665DEBB7019D22","rbv01_0213C5737861DD256119EF44D45CD1CECAF08BA1B29FE2AD47F7CEE0237AF618","0"
"record_balanced_original_rule","20260625","6DDCAE134AB83721AD746E97F4EB54587BD68D18364D0DC55F8549DF5F0BFCAC","rbv01_0213C5737861DD256119EF44D45CD1CECAF08BA1B29FE2AD47F7CEE0237AF618","0"
"record_balanced_original_rule","20260625","6DFCD6D1DE431CD3BF5FB02128D7E6FDA2A67CB8ECCE454753A3C0AD25F0D5E7","rbv01_021729FAD057771AC5A3F59730477FE06019418FF0104B829F6E153E2D91134D","3"
"record_balanced_original_rule","20260625","6E16D5A3B7D6E582F57D49E897AAC0B8AE660A58B9052725EB1E58296FA6DD9E","rbv01_08EC8F274B3390CA9A557C1810F52FE38EAF9404CF035F8A1D70A5AAAFA3EA60","2"
"record_balanced_original_rule","20260625","6E187297C1AE74CB8901ED1168D5875901332BEB5D5995CE7800BD4F6E63F598","rbv01_0D49377FA046416BEACFBB00B72B25CF04B27FCDD1DFA22E7E8C3ECE070E08F2","4"
"record_balanced_original_rule","20260625","6E2CE6662A3F7CED5954DFCF2748D1100486272089328053160D35570DEF9176","rbv01_2358EC0C12B602E4B7C5F9C580844910C6D49ACB512E9988307B46ECAFCD07F3","4"
"record_balanced_original_rule","20260625","6E3D7AFFC6CFBC1997F093BFC1EE37CE65F804210E91FA782BC18EB91E20276D","rbv01_0E9E0FC3E20BED0F32C5DF6A0164CCE77E206A06E5378ED855756B22A2C4F6E6","3"
"record_balanced_original_rule","20260625","6E7EC6A2B99FF56CD1CC1524A3946C806CD9E95632811B0148C8616EE45158CB","rbv01_2358EC0C12B602E4B7C5F9C580844910C6D49ACB512E9988307B46ECAFCD07F3","4"
"record_balanced_original_rule","20260625","6F1A04651BA12124A63D7EE5D8B2AEBD48FFB9DBA0EF9D2AD18DD998806DAB84","rbv01_046276E5E1EC434CD47FE2E1D4137204B7C79D59E90B81B5BFE9A77BC6C0BB54","2"
"record_balanced_original_rule","20260625","6FC81B17E3416F9C59041B8CB05B9B1EBBAF63CC8CD0EE6E4EF0468633802282","rbv01_01C322D9FB99669376EAE9C000289E1B0BF73B04313F3AF1BFE6D03B29E89068","3"
"record_balanced_original_rule","20260625","6FD342A5B3945B082CBD550209195D135DC89542AEC23F7418667340E5A199BC","rbv01_046276E5E1EC434CD47FE2E1D4137204B7C79D59E90B81B5BFE9A77BC6C0BB54","2"
"record_balanced_original_rule","20260625","7001E110B0B28C6032141C04E13BB35E17AD7F565ED72191757F0E919841569B","rbv01_011B84DDF86961F6053ED2B20908582AF6425C6EFA13305F705F7C498093367C","1"
"record_balanced_original_rule","20260625","7029B557234AC6051E24A16C9B339519D5E3579E6FDB8C49B4A0260D580494F3","rbv01_0213C5737861DD256119EF44D45CD1CECAF08BA1B29FE2AD47F7CEE0237AF618","0"
"record_balanced_original_rule","20260625","703BE4FB6B5EAE49BA8409E3AEF0A1DA144EE1C72AA5E90D707BDA8CB02F33C3","rbv01_011B84DDF86961F6053ED2B20908582AF6425C6EFA13305F705F7C498093367C","1"
"record_balanced_original_rule","20260625","705A52AFC96DD8F8A0680986F37753D0F1F6A2CBDEBC3F72280B466B6CDB50ED","rbv01_011D932A057B34C28A553A7C900731E1D7B1E42FD9312A7495A3DF8ECA2AF3C9","4"
"record_balanced_original_rule","20260625","707DA448FC2DFE79C4960A7D1DE4CFCF3451C22AA827CF0D09DCCDD2CD3C1F39","rbv01_011B84DDF86961F6053ED2B20908582AF6425C6EFA13305F705F7C498093367C","1"
"record_balanced_original_rule","20260625","70BC49653619BB7835874DFD94FF64268AF6A2C06E47D4DFBFEF7ADD4D1F1120","rbv01_0213C5737861DD256119EF44D45CD1CECAF08BA1B29FE2AD47F7CEE0237AF618","0"
"record_balanced_original_rule","20260625","713CAE6D9C810853CAA85719BEF1E7ADBAD4FFA2E92902EB2D5D5738BEAB0C65","rbv01_011B84DDF86961F6053ED2B20908582AF6425C6EFA13305F705F7C498093367C","1"
"record_balanced_original_rule","20260625","71AD8BB01A72E70509B0F9639C592D7E0C41AE9A4A27D999B262303039764CF7","rbv01_0213C5737861DD256119EF44D45CD1CECAF08BA1B29FE2AD47F7CEE0237AF618","0"
"record_balanced_original_rule","20260625","71E0A6FD60241D170159AE8A16A1FEB4273E2FE09D3E12702BEE6F21EE5DA4F1","rbv01_08EC8F274B3390CA9A557C1810F52FE38EAF9404CF035F8A1D70A5AAAFA3EA60","2"
"record_balanced_original_rule","20260625","7211B9B2889F483AE44A9727A4849CEA1E6240D7C4422DC4FC04D4E49FC55A24","rbv01_011B84DDF86961F6053ED2B20908582AF6425C6EFA13305F705F7C498093367C","1"
"record_balanced_original_rule","20260625","722AC44069039667B277FA0C2B5B7C392E00983D059A534B7D52658A01D8CFDE","rbv01_021729FAD057771AC5A3F59730477FE06019418FF0104B829F6E153E2D91134D","3"
"record_balanced_original_rule","20260625","726B528E61491529A6A0C94B16217808470BB9A473127CE62C8FB518C955BAB7","rbv01_0213C5737861DD256119EF44D45CD1CECAF08BA1B29FE2AD47F7CEE0237AF618","0"
"record_balanced_original_rule","20260625","736FC34A836F960541AEE1FC818367DCF83048C32817BCEA8C3FEFEBDCCD1098","rbv01_011B84DDF86961F6053ED2B20908582AF6425C6EFA13305F705F7C498093367C","1"
"record_balanced_original_rule","20260625","73E3BE3DD8F7297499AA3A3DD96CAAFDED3AFC7AFD0167112401F6A2429286B4","rbv01_0213C5737861DD256119EF44D45CD1CECAF08BA1B29FE2AD47F7CEE0237AF618","0"
"record_balanced_original_rule","20260625","7433126F697E3274B8BC3154977B87D7B8DBC4095ACA33FB8802E00598ED7120","rbv01_011B84DDF86961F6053ED2B20908582AF6425C6EFA13305F705F7C498093367C","1"
"record_balanced_original_rule","20260625","74DFB4FD1256FB7CC67CF7F5582D490405547298B3EE387029E625D6972B640F","rbv01_011B84DDF86961F6053ED2B20908582AF6425C6EFA13305F705F7C498093367C","1"
"record_balanced_original_rule","20260625","759E52C2C2F43D99896050CE86E6DFDE11FE522EF9DD394DDA978524F101D953","rbv01_01C322D9FB99669376EAE9C000289E1B0BF73B04313F3AF1BFE6D03B29E89068","3"
"record_balanced_original_rule","20260625","75FDA890D0520C0094B6D2D70B20226FB88197ED9B4A868EDEBA787FE2F4CD8B","rbv01_4C51CFDB4AF8C1E97EE68AD316E14EE38D69EBF9BC08EA86615CC9553C187FB5","2"
"record_balanced_original_rule","20260625","760038AE4D83E69D3950F813FB2CFDE096FC0F7A3CB3ECB9EC4D0E8CD8AE532B","rbv01_2358EC0C12B602E4B7C5F9C580844910C6D49ACB512E9988307B46ECAFCD07F3","4"
"record_balanced_original_rule","20260625","761E7106DC5BA4CE7DD1B9546304F5C8E39644F7AC483FC299C9CE6D755A7850","rbv01_25865A5FDDFF4A9F27EC5C10E5442A5D79D45CFAD482750F086BB81DD1C607F9","1"
"record_balanced_original_rule","20260625","766764B56BDD951FF8381162FD8A526722A910553545374D4178BB647F115D96","rbv01_0C68AE2824568C19A46D2947C2D1EB95DFE6E72AF600B3275A62492DFFF69BF3","3"
"record_balanced_original_rule","20260625","7716CF6F67DD130F321CFBA976FA00D3EF30329E1E96A42F15118BBCD05CCECC","rbv01_011B84DDF86961F6053ED2B20908582AF6425C6EFA13305F705F7C498093367C","1"
"record_balanced_original_rule","20260625","7742DD4BE001F0334BE658E868FDCBEC91A607C85C16B862D62F2664E532B332","rbv01_1A2E259AFB28A34C9C6E003C355FAC70F5755F63B27530053ACE4BA8A31F3C72","4"
"record_balanced_original_rule","20260625","77604112D3B238868D7D3E5B8DF4426A8F37887D6442866A33C3DDF0523A0EF3","rbv01_2358EC0C12B602E4B7C5F9C580844910C6D49ACB512E9988307B46ECAFCD07F3","4"
"record_balanced_original_rule","20260625","77708406F2F043B41D0AA0DA15FB80202871940C693837D9FEEBAA3C13AFEA2C","rbv01_0213C5737861DD256119EF44D45CD1CECAF08BA1B29FE2AD47F7CEE0237AF618","0"
"record_balanced_original_rule","20260625","7790E8A56AF1E00E7437AA2E1E7A1DA1BE4B23C1FBA7699A17122CAEDCBD16FD","rbv01_0213C5737861DD256119EF44D45CD1CECAF08BA1B29FE2AD47F7CEE0237AF618","0"
"record_balanced_original_rule","20260625","787A570CB42F97FA3D6D18A2DDA23F76AC7C65FA832E1882E48141C60050AF18","rbv01_011B84DDF86961F6053ED2B20908582AF6425C6EFA13305F705F7C498093367C","1"
"record_balanced_original_rule","20260625","78D251288A3018EEA78A874D1B7F5F46F0088E0B454D9235FAEA899F83E9B05F","rbv01_021729FAD057771AC5A3F59730477FE06019418FF0104B829F6E153E2D91134D","3"
"record_balanced_original_rule","20260625","78D98B6F9704D5D2B0425DAEEE18FF9F33CD7048497BFC027B63B5FD5A2072C8","rbv01_01C322D9FB99669376EAE9C000289E1B0BF73B04313F3AF1BFE6D03B29E89068","3"
"record_balanced_original_rule","20260625","793A4745373AA06A9ED3889F1971528DE5032F5BF0C24CEFACCE60044A9AB7A2","rbv01_011B84DDF86961F6053ED2B20908582AF6425C6EFA13305F705F7C498093367C","1"
"record_balanced_original_rule","20260625","793E91265FCA94A2D87F35E0FA4239C4A1C521F12CF61569CFDF16ED2C6D543D","rbv01_0E9E0FC3E20BED0F32C5DF6A0164CCE77E206A06E5378ED855756B22A2C4F6E6","3"
"record_balanced_original_rule","20260625","79638C93ED9AEA52C38B817A949E769DC6EDF13D05D49207874FC3013FC2A67E","rbv01_011B84DDF86961F6053ED2B20908582AF6425C6EFA13305F705F7C498093367C","1"
"record_balanced_original_rule","20260625","79A1860EE5B38BDFA8B202D3A1AFBEC8D8DA6FE3A0655EA29BA0A5489109839C","rbv01_0213C5737861DD256119EF44D45CD1CECAF08BA1B29FE2AD47F7CEE0237AF618","0"
"record_balanced_original_rule","20260625","79AB07403AC06ED7F796D7FED64397A42B9FCCAE7053A5F51719205E4471018D","rbv01_011B84DDF86961F6053ED2B20908582AF6425C6EFA13305F705F7C498093367C","1"
"record_balanced_original_rule","20260625","79C95AFBE047168EB7BC6E3920B23295FA09ABDE03FCD66952FBB3D1ABB313B9","rbv01_011B84DDF86961F6053ED2B20908582AF6425C6EFA13305F705F7C498093367C","1"
"record_balanced_original_rule","20260625","79EF293ADB205FCB3C5277EE36241F10D61A94CADBAB29EB959DEBFBC46634CB","rbv01_021729FAD057771AC5A3F59730477FE06019418FF0104B829F6E153E2D91134D","3"
"record_balanced_original_rule","20260625","79F1F18FB3DCD3F1CECFD36CCF7385AFF069973B43B3489B9A47B1A09DECFAD5","rbv01_01C322D9FB99669376EAE9C000289E1B0BF73B04313F3AF1BFE6D03B29E89068","3"
"record_balanced_original_rule","20260625","7A30CAC79982862553A37493B27A574A34EF0BF651BFC5BD7EB59A2146E62B98","rbv01_08EC8F274B3390CA9A557C1810F52FE38EAF9404CF035F8A1D70A5AAAFA3EA60","2"
"record_balanced_original_rule","20260625","7A5AC3BEA990AE4F927D37E334DEC12A940728B8C9BF75EB2A6FE6FB08B76D2E","rbv01_0213C5737861DD256119EF44D45CD1CECAF08BA1B29FE2AD47F7CEE0237AF618","0"
"record_balanced_original_rule","20260625","7A81B57BB190344EA26AC8CD7829F6B678F5E5030DED8EB97841BA97C0493CA7","rbv01_0213C5737861DD256119EF44D45CD1CECAF08BA1B29FE2AD47F7CEE0237AF618","0"
"record_balanced_original_rule","20260625","7AF7736561E1112502D6EF4B98E11660339B955EFC85FCC7AEAA62DDC335C141","rbv01_01C322D9FB99669376EAE9C000289E1B0BF73B04313F3AF1BFE6D03B29E89068","3"
"record_balanced_original_rule","20260625","7B76CF30B5FE2AF38163BF00E0FEE74108F710C9E7697C596F4774F419421EC8","rbv01_011B84DDF86961F6053ED2B20908582AF6425C6EFA13305F705F7C498093367C","1"
"record_balanced_original_rule","20260625","7BAC19A7E768E8030C060BD3F3FE5CE352F400B100EDA10A31778858DD50B8DB","rbv01_4A6CDC7218F267E114B083B225FC435EA4AECE9A8307DC39925FE5F442FDB97A","3"
"record_balanced_original_rule","20260625","7BB8A7C58505587787A562604E6D2AB015E8E38A45072BFF0595A6C552F9EF06","rbv01_054201B2ED3ADADFBB0028C07B1A262219631DC717FDE4862C42583AB67D10C2","1"
"record_balanced_original_rule","20260625","7BC08410D6F337F3C56031EE28EBB165B3FD4A79586174F0572F4AF1729EC77B","rbv01_0213C5737861DD256119EF44D45CD1CECAF08BA1B29FE2AD47F7CEE0237AF618","0"
"record_balanced_original_rule","20260625","7BCACE98F398A641FB75601B1583263E243DD9AB19A72DAFC7108209B044AE51","rbv01_011B84DDF86961F6053ED2B20908582AF6425C6EFA13305F705F7C498093367C","1"
"record_balanced_original_rule","20260625","7C1EF5B571765FD33FC916D743B8495439C771256B4BA392A567D421B6CA9375","rbv01_054201B2ED3ADADFBB0028C07B1A262219631DC717FDE4862C42583AB67D10C2","1"
"record_balanced_original_rule","20260625","7C51D7B79D0E04F6C1695758F0E6F471543C9D275195DC0B61928C78B097C181","rbv01_0C68AE2824568C19A46D2947C2D1EB95DFE6E72AF600B3275A62492DFFF69BF3","3"
"record_balanced_original_rule","20260625","7D612B9B4F90A7D2F9FDE087AA59EE3AF532A68D98A51A81204400C7CC92E7D3","rbv01_011B84DDF86961F6053ED2B20908582AF6425C6EFA13305F705F7C498093367C","1"
"record_balanced_original_rule","20260625","7DB8519C7DCCC184C537FDE4E5A4FC0C1C1AF2EE418505CA78DC950A3BDAF7F1","rbv01_01C322D9FB99669376EAE9C000289E1B0BF73B04313F3AF1BFE6D03B29E89068","3"
"record_balanced_original_rule","20260625","7DE7DCF4A8FB3AB5FB3DE04EC28E769B5131E1757AA9915A482B54921A9E341E","rbv01_2358EC0C12B602E4B7C5F9C580844910C6D49ACB512E9988307B46ECAFCD07F3","4"
"record_balanced_original_rule","20260625","7DFB14C8B539B45B79954CAFF434CD3D6169D2239388D74AD031623883ECD984","rbv01_0DA9CA625518CEB3C5B20C7295004FB7CDC5BC108FF93282C63467286DA188EB","4"
"record_balanced_original_rule","20260625","7E50397E70E624D3CB680DE4499C7C3C2A31B99F9F6F11B7C5C749C72A233F8C","rbv01_0E9E0FC3E20BED0F32C5DF6A0164CCE77E206A06E5378ED855756B22A2C4F6E6","3"
"record_balanced_original_rule","20260625","7F0EC2443CEA913F9A1B35CC9A7E76898E0DBB69376C4B0131B07E5F4A877197","rbv01_2358EC0C12B602E4B7C5F9C580844910C6D49ACB512E9988307B46ECAFCD07F3","4"
"record_balanced_original_rule","20260625","7F8E44D9E4265FDA0D56D8D58B8037724ECADC6E4AC1D9459B915216DE37CF02","rbv01_046276E5E1EC434CD47FE2E1D4137204B7C79D59E90B81B5BFE9A77BC6C0BB54","2"
"record_balanced_original_rule","20260625","7FBCA986590F9D0215B1DB3EF2B7F9A4AE2E3037E7EB3F3EC8D80B822616263B","rbv01_011B84DDF86961F6053ED2B20908582AF6425C6EFA13305F705F7C498093367C","1"
"record_balanced_original_rule","20260625","7FEB4716CE762D190EE7E8C03FBB29D3B6F478B05B636073EB527EB0D5324120","rbv01_011B84DDF86961F6053ED2B20908582AF6425C6EFA13305F705F7C498093367C","1"
"record_balanced_original_rule","20260625","81521EA05234B705DC92E0C5A61134CE31987DDF99D91B0CCA8B1D8802BD5E62","rbv01_011B84DDF86961F6053ED2B20908582AF6425C6EFA13305F705F7C498093367C","1"
"record_balanced_original_rule","20260625","8157516169AD74C49A3D42D94C8AFAB3F035A93806EB1A6C2473173DFDAFCFC4","rbv01_011D932A057B34C28A553A7C900731E1D7B1E42FD9312A7495A3DF8ECA2AF3C9","4"
"record_balanced_original_rule","20260625","8180FFF5D2D6FEFF5B73AEBD1AA7260F8E86E74B5A8501CECF2629E5BA199D8A","rbv01_2358EC0C12B602E4B7C5F9C580844910C6D49ACB512E9988307B46ECAFCD07F3","4"
"record_balanced_original_rule","20260625","81BCA3EE845D78643EE6BB1F6EA44D4ED907DA1BC5EAC70F346B9F65910C7FEA","rbv01_01C322D9FB99669376EAE9C000289E1B0BF73B04313F3AF1BFE6D03B29E89068","3"
"record_balanced_original_rule","20260625","821C5E43026508A32B69ECF634B7AEFB9531D02ECDAC21B3BC82784ED318407F","rbv01_08EC8F274B3390CA9A557C1810F52FE38EAF9404CF035F8A1D70A5AAAFA3EA60","2"
"record_balanced_original_rule","20260625","8278F06D0BA5C51D80ADE10C9D223D254E28FB26D3C0A75A5B609B12424D7E31","rbv01_011D932A057B34C28A553A7C900731E1D7B1E42FD9312A7495A3DF8ECA2AF3C9","4"
"record_balanced_original_rule","20260625","8287D86665975892EE1F0FF52484534008D43F6062232AC56AFAD2ABA5A99486","rbv01_08EC8F274B3390CA9A557C1810F52FE38EAF9404CF035F8A1D70A5AAAFA3EA60","2"
"record_balanced_original_rule","20260625","832AE8B0D15AC0AECF90187084668F727238D717D3A90BCB327951A27BA8924C","rbv01_0213C5737861DD256119EF44D45CD1CECAF08BA1B29FE2AD47F7CEE0237AF618","0"
"record_balanced_original_rule","20260625","836E64CCBF89B4E45A3369B60529BD98C6DB75ACAD3F198A3375E463AF1C5FF7","rbv01_011B84DDF86961F6053ED2B20908582AF6425C6EFA13305F705F7C498093367C","1"
"record_balanced_original_rule","20260625","83B96AF7A142ED771DE7C64D125C1F5FDD116B03448596C60C99A9F515A3EF07","rbv01_011B84DDF86961F6053ED2B20908582AF6425C6EFA13305F705F7C498093367C","1"
"record_balanced_original_rule","20260625","83BAD3D0D0698E0D02A7B4B09CFB4C3A27A81342D507D73C71ADF42849533C47","rbv01_0213C5737861DD256119EF44D45CD1CECAF08BA1B29FE2AD47F7CEE0237AF618","0"
"record_balanced_original_rule","20260625","848623533F806F61CEBB7FBFC2E9B8757093EC110FC8D8CABA69A09A4418DC7E","rbv01_0E9E0FC3E20BED0F32C5DF6A0164CCE77E206A06E5378ED855756B22A2C4F6E6","3"
"record_balanced_original_rule","20260625","84AD21B6E68482268D6A586245E11D34252F339680532EB46842D1CD7FBE0271","rbv01_0213C5737861DD256119EF44D45CD1CECAF08BA1B29FE2AD47F7CEE0237AF618","0"
"record_balanced_original_rule","20260625","84AD2D9663BB8B26821590CD21447163579766A47BDD30F971678E33271115A5","rbv01_054201B2ED3ADADFBB0028C07B1A262219631DC717FDE4862C42583AB67D10C2","1"
"record_balanced_original_rule","20260625","84EFAB7534BEAF22D6B186CDBC10D0E95ED771ECBA632A24DD1B485F698FEF7E","rbv01_25A206590D1048D18147FD26B701861897281071258782AED6A00779FFF7210A","1"
"record_balanced_original_rule","20260625","857EDAF824854295BAC8757E69BF8590CC0BB5BF91AED85C795297309FC78103","rbv01_011B84DDF86961F6053ED2B20908582AF6425C6EFA13305F705F7C498093367C","1"
"record_balanced_original_rule","20260625","85862250B4E7637DF508CA74B2F8330C45C00F33199F95D0C311FE26CD71E1B1","rbv01_0FAB0DD3DEC2E0DA5B1841B2949196B7B1E5F846FFA0C8F4AF1461F9D3B66BCE","0"
"record_balanced_original_rule","20260625","85A86A5C92F219E35F8B478C226B350FE00381D72DA91F5BF36B43B324B049D5","rbv01_011B84DDF86961F6053ED2B20908582AF6425C6EFA13305F705F7C498093367C","1"
"record_balanced_original_rule","20260625","864BD79A3893763BF280CD4FB95D7A6342E57CC7FDE39E075E2DE9C652798DEC","rbv01_2358EC0C12B602E4B7C5F9C580844910C6D49ACB512E9988307B46ECAFCD07F3","4"
"record_balanced_original_rule","20260625","867FC0D4D76430CB7C914338E342EC479358938FCCE1706F2B7AD9EFF66056AE","rbv01_011B84DDF86961F6053ED2B20908582AF6425C6EFA13305F705F7C498093367C","1"
"record_balanced_original_rule","20260625","86B8910659A9A91763F13E756DCFAC43765D1471BD66F194A2BA86C07E23CD3F","rbv01_011B84DDF86961F6053ED2B20908582AF6425C6EFA13305F705F7C498093367C","1"
"record_balanced_original_rule","20260625","86F95F241E4C9CCADBA621F4BD733E3F8C2AB456E1D351AAB2BB85231105DCC8","rbv01_011B84DDF86961F6053ED2B20908582AF6425C6EFA13305F705F7C498093367C","1"
"record_balanced_original_rule","20260625","86FA5AFF7D10D4AC88282D02891F5B0C044E9BAB209D065C2ADA51A3A356B2AC","rbv01_011B84DDF86961F6053ED2B20908582AF6425C6EFA13305F705F7C498093367C","1"
"record_balanced_original_rule","20260625","87048C681934AA8A56C2D9E80C5E17C21A69939A0F36CE153A5B65CA13A149F9","rbv01_25A206590D1048D18147FD26B701861897281071258782AED6A00779FFF7210A","1"
"record_balanced_original_rule","20260625","880229002152E02A9065E1C5A05F490F0A8A6EF74E771A64BD133F8BA6D6E32E","rbv01_054201B2ED3ADADFBB0028C07B1A262219631DC717FDE4862C42583AB67D10C2","1"
"record_balanced_original_rule","20260625","88152E41D893D7E4F8EC9D04DBF0DDB979E1B81C86CA4C5505EAE7D5E1C8DC42","rbv01_0213C5737861DD256119EF44D45CD1CECAF08BA1B29FE2AD47F7CEE0237AF618","0"
"record_balanced_original_rule","20260625","884394A397DE3E8E0637C9857BAB557990A694ACE6039755C57B45A74194ECBB","rbv01_0213C5737861DD256119EF44D45CD1CECAF08BA1B29FE2AD47F7CEE0237AF618","0"
"record_balanced_original_rule","20260625","885B6B5631BC73EBCD0C58AEA5A5E48ABFF9C23DB8B5A757AA2285279C590111","rbv01_2358EC0C12B602E4B7C5F9C580844910C6D49ACB512E9988307B46ECAFCD07F3","4"
"record_balanced_original_rule","20260625","889F4B52D73FA9EF5E8E7A29B5E4A10AE047762FA488DEB2744CFA14E639EF6D","rbv01_011B84DDF86961F6053ED2B20908582AF6425C6EFA13305F705F7C498093367C","1"
"record_balanced_original_rule","20260625","88BFB8A118CBB3187F1BD67F89A231D7370FD58365B909C7D19C851DA262223D","rbv01_054201B2ED3ADADFBB0028C07B1A262219631DC717FDE4862C42583AB67D10C2","1"
"record_balanced_original_rule","20260625","88FAA71E50CC4F8B644B3908EAACC579E71BCBE02FE8093EF58F6BA427AD6E3D","rbv01_2358EC0C12B602E4B7C5F9C580844910C6D49ACB512E9988307B46ECAFCD07F3","4"
"record_balanced_original_rule","20260625","891E0184FD25A2CF5A1D7BF6A08A5FA04129275E283E15244DA763EC8E9E4E0E","rbv01_0213C5737861DD256119EF44D45CD1CECAF08BA1B29FE2AD47F7CEE0237AF618","0"
"record_balanced_original_rule","20260625","893148D257FD7B0FFC6A3323660414F949FF4CC80E1B0D66D804D8CC383E217E","rbv01_011D932A057B34C28A553A7C900731E1D7B1E42FD9312A7495A3DF8ECA2AF3C9","4"
"record_balanced_original_rule","20260625","899AE4A1B45FE367D0A28B3F91A526C034C3705C2B3BB4D4B004F3DA7D8DA066","rbv01_4C51CFDB4AF8C1E97EE68AD316E14EE38D69EBF9BC08EA86615CC9553C187FB5","2"
"record_balanced_original_rule","20260625","89B1E9DD5410B81A59BC4821448A185CD1FD6846C959790ADA5DBB0737ECBA29","rbv01_011B84DDF86961F6053ED2B20908582AF6425C6EFA13305F705F7C498093367C","1"
"record_balanced_original_rule","20260625","8A112B147B4AEC5A697AF30CAFBFDA52E98994EF7AF5EA103A4E20E252F12E4C","rbv01_08EC8F274B3390CA9A557C1810F52FE38EAF9404CF035F8A1D70A5AAAFA3EA60","2"
"record_balanced_original_rule","20260625","8ACD3AD88535F3731196DD81D796B93D0BBEBAC5F896FE700A95D913D66865DC","rbv01_011B84DDF86961F6053ED2B20908582AF6425C6EFA13305F705F7C498093367C","1"
"record_balanced_original_rule","20260625","8AD04B912049222329F6ADC8DF356FCAB4CF34DAA52A769A601F312C4C67083E","rbv01_0DA9CA625518CEB3C5B20C7295004FB7CDC5BC108FF93282C63467286DA188EB","4"
"record_balanced_original_rule","20260625","8ADA53CACF27A3C4BB4F0DB641982EE6F2D597D80275A78829AC0B6CA6B12CB9","rbv01_046276E5E1EC434CD47FE2E1D4137204B7C79D59E90B81B5BFE9A77BC6C0BB54","2"
"record_balanced_original_rule","20260625","8B1E266DB6C93E4548EE9DC16894F9A7E6DC118A4A7671CAD1A7F5F16F331273","rbv01_2358EC0C12B602E4B7C5F9C580844910C6D49ACB512E9988307B46ECAFCD07F3","4"
"record_balanced_original_rule","20260625","8B294756112EE8C367063AB58448CD8BA5061AED133C1278FFA52DE6D2E01DD5","rbv01_0213C5737861DD256119EF44D45CD1CECAF08BA1B29FE2AD47F7CEE0237AF618","0"
"record_balanced_original_rule","20260625","8B6D00BB4B3D31BEAF510B13EF008F89DAD796783258A930A805F5CCB5241891","rbv01_0213C5737861DD256119EF44D45CD1CECAF08BA1B29FE2AD47F7CEE0237AF618","0"
"record_balanced_original_rule","20260625","8B7ADC6299FA9B729519F3E00DAB7AB78386D37852C546ED498269FA10C4DE8C","rbv01_011B84DDF86961F6053ED2B20908582AF6425C6EFA13305F705F7C498093367C","1"
"record_balanced_original_rule","20260625","8BD2BA6BC69394B010133B33BD94D4126CB9DDE9AEBBB6A1909C207F18018E2F","rbv01_01C322D9FB99669376EAE9C000289E1B0BF73B04313F3AF1BFE6D03B29E89068","3"
"record_balanced_original_rule","20260625","8C8ADCC5EE805FF228EBD7E9837D46BC52E39E084AB5D77B93AA9061F6A8F4E6","rbv01_011B84DDF86961F6053ED2B20908582AF6425C6EFA13305F705F7C498093367C","1"
"record_balanced_original_rule","20260625","8CA995663AD521BD881EBFCAB3673CB58E430FACC0A2D44393A1A8545784A19F","rbv01_01C322D9FB99669376EAE9C000289E1B0BF73B04313F3AF1BFE6D03B29E89068","3"
"record_balanced_original_rule","20260625","8D0F5D8F2B9CC4348508F31D4DBDFDDA6686E7FA7BDEA7A4F10458774EE90BDD","rbv01_0213C5737861DD256119EF44D45CD1CECAF08BA1B29FE2AD47F7CEE0237AF618","0"
"record_balanced_original_rule","20260625","8D2367B073C93A6B7AF1F8C302E360ACC48CBB135F2A471D241C20D256BC7DD0","rbv01_011B84DDF86961F6053ED2B20908582AF6425C6EFA13305F705F7C498093367C","1"
"record_balanced_original_rule","20260625","8D5BE5B965AE78C84F7AF39A39A4818E32874C03171F3A38140D9DA93317D993","rbv01_0213C5737861DD256119EF44D45CD1CECAF08BA1B29FE2AD47F7CEE0237AF618","0"
"record_balanced_original_rule","20260625","8DC13221CDC8A299BDF5C089A9AFA15FF408F9258F8DD381AB85FAC56C927F0C","rbv01_011B84DDF86961F6053ED2B20908582AF6425C6EFA13305F705F7C498093367C","1"
"record_balanced_original_rule","20260625","8DFD3DC5692B9F40CFC589C5E3587170DFEB95671BD1AE500463F3B3F15DE121","rbv01_054201B2ED3ADADFBB0028C07B1A262219631DC717FDE4862C42583AB67D10C2","1"
"record_balanced_original_rule","20260625","8E087950A8D3B17DDBC4234439CF1150E4FA89FAC9FDD627203B54916F942BAE","rbv01_0213C5737861DD256119EF44D45CD1CECAF08BA1B29FE2AD47F7CEE0237AF618","0"
"record_balanced_original_rule","20260625","8E2FE0379BCA69566921FB316DBA59AD90F83FCF3314764B9A9E18CF073A8FBD","rbv01_0213C5737861DD256119EF44D45CD1CECAF08BA1B29FE2AD47F7CEE0237AF618","0"
"record_balanced_original_rule","20260625","8E3BD2A0BD188A089E10E1613F4F00D6ADF2A7837AD10FE9FD457C84E4559999","rbv01_011B84DDF86961F6053ED2B20908582AF6425C6EFA13305F705F7C498093367C","1"
"record_balanced_original_rule","20260625","8EA7D97DA4254925A2D4D2FA08D53D90EA8D22BBA9A12E0D10994A3C85E47BA5","rbv01_0213C5737861DD256119EF44D45CD1CECAF08BA1B29FE2AD47F7CEE0237AF618","0"
"record_balanced_original_rule","20260625","8ED9A28FD1E99D6AAB57A56A09165645B2F9CEDCC29D59C392D023EEA19BE2B6","rbv01_2358EC0C12B602E4B7C5F9C580844910C6D49ACB512E9988307B46ECAFCD07F3","4"
"record_balanced_original_rule","20260625","8EEFDEF743BB0DE60C2186D81805DD93204A59469330D933C96795F964672D0D","rbv01_0213C5737861DD256119EF44D45CD1CECAF08BA1B29FE2AD47F7CEE0237AF618","0"
"record_balanced_original_rule","20260625","8EFB7207458F7BA2A3C43D9EE98E42B70DD5ED07B0D884A5D3A9ED9140F4C3C7","rbv01_0213C5737861DD256119EF44D45CD1CECAF08BA1B29FE2AD47F7CEE0237AF618","0"
"record_balanced_original_rule","20260625","8FB55FD05A532C990B653111AC098B695A15E680F8E285A727D45CC1C0428E1D","rbv01_0E9E0FC3E20BED0F32C5DF6A0164CCE77E206A06E5378ED855756B22A2C4F6E6","3"
"record_balanced_original_rule","20260625","8FBFBA16638DF5C68BE6030F57ED504D0902E2E0065ED14A517B7A6BA22B26B6","rbv01_2E07CE0B7A1B55DF7DB4D4392437AF0F59B5B306F82BBC43DD35B9CBA85F5BB7","0"
"record_balanced_original_rule","20260625","8FF33DA21215A8C336C541FF29354A450497EBD2C35C6EB19AD5097976D723E3","rbv01_011B84DDF86961F6053ED2B20908582AF6425C6EFA13305F705F7C498093367C","1"
"record_balanced_original_rule","20260625","90463CAA376EEA8E0CF9697C988C4F0851BF8A5F9403F2592D92294D613492DB","rbv01_011B84DDF86961F6053ED2B20908582AF6425C6EFA13305F705F7C498093367C","1"
"record_balanced_original_rule","20260625","90AEE9FAA4F0065415C4969100825A4EC85E2C0DF2BCF44FF1FEE2C730BCDD7D","rbv01_0213C5737861DD256119EF44D45CD1CECAF08BA1B29FE2AD47F7CEE0237AF618","0"
"record_balanced_original_rule","20260625","9144C0803960B48E93CFB8EF8D364ACAC34493BA8A7B9F06869130677381A3C8","rbv01_011B84DDF86961F6053ED2B20908582AF6425C6EFA13305F705F7C498093367C","1"
"record_balanced_original_rule","20260625","91B6E42F20C629F9D84CE9961CD3091D5FC24FA86448E625E05E530FD5BD836C","rbv01_011B84DDF86961F6053ED2B20908582AF6425C6EFA13305F705F7C498093367C","1"
"record_balanced_original_rule","20260625","91D7600E094FBF44D355227A17F9325BDE206AFD72E8E3DD714BE294152A6659","rbv01_011B84DDF86961F6053ED2B20908582AF6425C6EFA13305F705F7C498093367C","1"
"record_balanced_original_rule","20260625","9230E7640525F42401FC8423F2734CF80C0FA11E2C61338927E5F882EE956219","rbv01_0213C5737861DD256119EF44D45CD1CECAF08BA1B29FE2AD47F7CEE0237AF618","0"
"record_balanced_original_rule","20260625","92744507A7E4976EE7523AB813CFF3D4E8B998C81D31BB8BAF04EC93CC4B360E","rbv01_0213C5737861DD256119EF44D45CD1CECAF08BA1B29FE2AD47F7CEE0237AF618","0"
"record_balanced_original_rule","20260625","92CF7A7CFBDB00AB37841E2D54D77E2D3E9965A84F0AB708942D57CD193DC1B3","rbv01_0213C5737861DD256119EF44D45CD1CECAF08BA1B29FE2AD47F7CEE0237AF618","0"
"record_balanced_original_rule","20260625","92EFDC8A6BB36DEE83BD78E6BDF15C863F942B3ACF947CE06B7FC528B184BD63","rbv01_0213C5737861DD256119EF44D45CD1CECAF08BA1B29FE2AD47F7CEE0237AF618","0"
"record_balanced_original_rule","20260625","93029E3ADD7CA60DF7AED6F122F30CDE36489AD8DB49669DBBDBF3E23D0C49F5","rbv01_2358EC0C12B602E4B7C5F9C580844910C6D49ACB512E9988307B46ECAFCD07F3","4"
"record_balanced_original_rule","20260625","932676D0130009C414A7293C0A8AECFD19C7E70A16A44565170EC9941B1FB9B7","rbv01_054201B2ED3ADADFBB0028C07B1A262219631DC717FDE4862C42583AB67D10C2","1"
"record_balanced_original_rule","20260625","935A5BFF056F4CEECF3A0CA3F0D5E363379E0A83BA11395E40D7CEADB5E1E2A1","rbv01_0DA9CA625518CEB3C5B20C7295004FB7CDC5BC108FF93282C63467286DA188EB","4"
"record_balanced_original_rule","20260625","935FFE5428FFD057750B38420EC714D317B269F40A5B100C18D5FB9072238F44","rbv01_021729FAD057771AC5A3F59730477FE06019418FF0104B829F6E153E2D91134D","3"
"record_balanced_original_rule","20260625","93DC47FA87BC3CAAA2F54C7F7275820256854FC87D634BBA9943ABB7C830B563","rbv01_011B84DDF86961F6053ED2B20908582AF6425C6EFA13305F705F7C498093367C","1"
"record_balanced_original_rule","20260625","93EA3AFE695AB72944CE960C445216A8F7DE5E38A3EF70EBD6B001B873C9E7F5","rbv01_2358EC0C12B602E4B7C5F9C580844910C6D49ACB512E9988307B46ECAFCD07F3","4"
"record_balanced_original_rule","20260625","941DA1E93147AC449A34766BEB9E6F779F6BB7D673D56EA2500183F7D7EA99A6","rbv01_2358EC0C12B602E4B7C5F9C580844910C6D49ACB512E9988307B46ECAFCD07F3","4"
"record_balanced_original_rule","20260625","9431525AF974BF8AE9A617E873DFE987B3462CE89EF52826ED563590B48713B2","rbv01_011B84DDF86961F6053ED2B20908582AF6425C6EFA13305F705F7C498093367C","1"
"record_balanced_original_rule","20260625","94403B00F4C27692A15471785DEC4558C6E4441D298D1CD27E5DD15A09F50958","rbv01_0213C5737861DD256119EF44D45CD1CECAF08BA1B29FE2AD47F7CEE0237AF618","0"
"record_balanced_original_rule","20260625","9456034CBD939EFD3C631CBF990E9900B8D100408C444146AEAD0DBC4F117AA5","rbv01_0E9E0FC3E20BED0F32C5DF6A0164CCE77E206A06E5378ED855756B22A2C4F6E6","3"
"record_balanced_original_rule","20260625","9472CCFC458432F0245782DF81EF3CCC162727EB2B663D6D2ABD7325BF9EDEBA","rbv01_0213C5737861DD256119EF44D45CD1CECAF08BA1B29FE2AD47F7CEE0237AF618","0"
"record_balanced_original_rule","20260625","94BBE98B9617FFAD695B03E0D385ABA86ADE5DFC27FC99552CAB8B6E6EE39CBA","rbv01_011B84DDF86961F6053ED2B20908582AF6425C6EFA13305F705F7C498093367C","1"
"record_balanced_original_rule","20260625","94E8FE3326EDB15EAF268D32075CCC7938670F7828D1309E37FCE14727E825B5","rbv01_011B84DDF86961F6053ED2B20908582AF6425C6EFA13305F705F7C498093367C","1"
"record_balanced_original_rule","20260625","954F49615105E0169DF75A1B369CBC70F167FFFCACD17251A7A4212FC9C1BE53","rbv01_011B84DDF86961F6053ED2B20908582AF6425C6EFA13305F705F7C498093367C","1"
"record_balanced_original_rule","20260625","965B72C36BD8B554A0F7C2095B27D698627074A7DD65AF384EFEC7BC20813684","rbv01_011B84DDF86961F6053ED2B20908582AF6425C6EFA13305F705F7C498093367C","1"
"record_balanced_original_rule","20260625","967A9E25194C9B926C1EB51CFCDDEACDF2AEC9C60ACFA22F3041C33D2B4FD12E","rbv01_08EC8F274B3390CA9A557C1810F52FE38EAF9404CF035F8A1D70A5AAAFA3EA60","2"
"record_balanced_original_rule","20260625","96AD3CCF49E68431A0EBCBE695FCC44631DFA5A24E1F1ACB5E9C535E6972CA1F","rbv01_021729FAD057771AC5A3F59730477FE06019418FF0104B829F6E153E2D91134D","3"
"record_balanced_original_rule","20260625","96AD8F483A39B1F766C01826424C7A7C7756FCF851D0794C7AB35FC706DB3E27","rbv01_0E9E0FC3E20BED0F32C5DF6A0164CCE77E206A06E5378ED855756B22A2C4F6E6","3"
"record_balanced_original_rule","20260625","96B06DF71A8D9C328723CF4729DCB38E7B0CA7A11605FCED7909AD6990EE0DED","rbv01_011B84DDF86961F6053ED2B20908582AF6425C6EFA13305F705F7C498093367C","1"
"record_balanced_original_rule","20260625","96BF9EEC71C3D8BFDA0879DFDB0A3B638521E633CEF973318E9E8AF06FECD1BD","rbv01_2E07CE0B7A1B55DF7DB4D4392437AF0F59B5B306F82BBC43DD35B9CBA85F5BB7","0"
"record_balanced_original_rule","20260625","96CC1BF094805E6DBB1D499E797637D017363A2616D9FD77CBCD370057B124A5","rbv01_021729FAD057771AC5A3F59730477FE06019418FF0104B829F6E153E2D91134D","3"
"record_balanced_original_rule","20260625","97275CF486F7243A55298CE3E8C80F6FB7C2834FC83F8C0A22D8CDEE58328F7C","rbv01_011B84DDF86961F6053ED2B20908582AF6425C6EFA13305F705F7C498093367C","1"
"record_balanced_original_rule","20260625","974AA12B016201D6FAF186D688B35D72ECB70F6ABD5B8013C11599F96E5D1C0B","rbv01_021729FAD057771AC5A3F59730477FE06019418FF0104B829F6E153E2D91134D","3"
"record_balanced_original_rule","20260625","989F989BB3E2A76DC8D6FD3AF1CC1C5F53D56C556DBA6E94DAAE8A34207308C3","rbv01_08EC8F274B3390CA9A557C1810F52FE38EAF9404CF035F8A1D70A5AAAFA3EA60","2"
"record_balanced_original_rule","20260625","98CE880F8E208D7E8F19E48AAB152230CD7A3F825A669EE41A7B2C5AAC470847","rbv01_011B84DDF86961F6053ED2B20908582AF6425C6EFA13305F705F7C498093367C","1"
"record_balanced_original_rule","20260625","993DD9019DE3A63CBC2CFA11871F4A8D1177C11E9F2D8D500EBED6FDF5513970","rbv01_08EC8F274B3390CA9A557C1810F52FE38EAF9404CF035F8A1D70A5AAAFA3EA60","2"
"record_balanced_original_rule","20260625","996F7E2BCF4156C3C40B6BF50230E04FA4B8633A44EBAD8DF9B946848B7BF911","rbv01_011B84DDF86961F6053ED2B20908582AF6425C6EFA13305F705F7C498093367C","1"
"record_balanced_original_rule","20260625","9978A3D9F2C007B814433CCCF551876A3F2BE07803E58DF5790F0BF71B95A4F3","rbv01_011B84DDF86961F6053ED2B20908582AF6425C6EFA13305F705F7C498093367C","1"
"record_balanced_original_rule","20260625","99BEE47E926F5C197166A27C03EA73070890451C2E941F4B5F212DD4A8ABEE7F","rbv01_01C322D9FB99669376EAE9C000289E1B0BF73B04313F3AF1BFE6D03B29E89068","3"
"record_balanced_original_rule","20260625","99C2D87E3AC1A70712BAECA49F2B90424C2CCBD7DC5BDA399A0E0E53F5E6FA95","rbv01_25A206590D1048D18147FD26B701861897281071258782AED6A00779FFF7210A","1"
"record_balanced_original_rule","20260625","99D2EDF93FA5DF3EDDEEE8E76424E57BE5A0F979A0F40AF8748AD39BFB7D4783","rbv01_021729FAD057771AC5A3F59730477FE06019418FF0104B829F6E153E2D91134D","3"
"record_balanced_original_rule","20260625","9A4EDE29DC7D57B746DA089725C2CA147311764FE784F915DA9AF42311096FF5","rbv01_01C322D9FB99669376EAE9C000289E1B0BF73B04313F3AF1BFE6D03B29E89068","3"
"record_balanced_original_rule","20260625","9A6EB222721A4B3AFB8A6907BADD79B05988DE825E93E45A20478B47AF65EA1C","rbv01_011B84DDF86961F6053ED2B20908582AF6425C6EFA13305F705F7C498093367C","1"
"record_balanced_original_rule","20260625","9AE244575472CEB614CE97F37476AE02D1582E47E44D3A8AE6B6A14DDE83377A","rbv01_147C763D2DD7A735DC5DA68C31ECD7579510C8C8494E1BBB99D46B386B713D84","3"
"record_balanced_original_rule","20260625","9AEB2C9AB7668AECFD219A43B3553F9C0C0D44F7513541BE452EE9D2F385A89B","rbv01_011B84DDF86961F6053ED2B20908582AF6425C6EFA13305F705F7C498093367C","1"
"record_balanced_original_rule","20260625","9B409D08D4F7DF4F100BEB9D526A01CCFF66F55895040F1649A1793FB6BE6A27","rbv01_0E9E0FC3E20BED0F32C5DF6A0164CCE77E206A06E5378ED855756B22A2C4F6E6","3"
"record_balanced_original_rule","20260625","9BC61785CCFF4F5A3023D44E81BD5FBA0459D924693C6CAFACD77B673D54CE0C","rbv01_011B84DDF86961F6053ED2B20908582AF6425C6EFA13305F705F7C498093367C","1"
"record_balanced_original_rule","20260625","9BE6D8B513D4AEE0E44A0EA7D1D64F9005E4D5FA148A5875434B3768B348526F","rbv01_011B84DDF86961F6053ED2B20908582AF6425C6EFA13305F705F7C498093367C","1"
"record_balanced_original_rule","20260625","9BF4B873F61C85C5CFCBF3E28C06C55E460DB91115B4900F24B2267F4B89F7F7","rbv01_011B84DDF86961F6053ED2B20908582AF6425C6EFA13305F705F7C498093367C","1"
"record_balanced_original_rule","20260625","9CDE208E1774B95E20C26DDC5A05032155DAA99CAF37297475EB6877BF5D9E6C","rbv01_011B84DDF86961F6053ED2B20908582AF6425C6EFA13305F705F7C498093367C","1"
"record_balanced_original_rule","20260625","9CE4990F4468E8CA1A30D72782D89C31EE02F25547376564F6E00DDEA4C50E15","rbv01_011D932A057B34C28A553A7C900731E1D7B1E42FD9312A7495A3DF8ECA2AF3C9","4"
"record_balanced_original_rule","20260625","9D1D95BC7B3BB8CD662337B9D315ABBFF95A91650CFBB0A569F283020522FDDB","rbv01_0213C5737861DD256119EF44D45CD1CECAF08BA1B29FE2AD47F7CEE0237AF618","0"
"record_balanced_original_rule","20260625","9D50C4E2BFE7655BA57A8AF97F9D7297BA9230FF7237D3015886A2734660711D","rbv01_011B84DDF86961F6053ED2B20908582AF6425C6EFA13305F705F7C498093367C","1"
"record_balanced_original_rule","20260625","9E094D6A22EE73270E623A74D3921BCDC42B7EBCFA76ABDBB08F6EA171667C89","rbv01_0213C5737861DD256119EF44D45CD1CECAF08BA1B29FE2AD47F7CEE0237AF618","0"
"record_balanced_original_rule","20260625","9E0F74D47709718EAE0E82943E828C47DE8F3423B04058635BED4D9EABAEAFE2","rbv01_011B84DDF86961F6053ED2B20908582AF6425C6EFA13305F705F7C498093367C","1"
"record_balanced_original_rule","20260625","9E1F554A0A95B97E0CA4D62F9E7BAA5CF3D55DADDAECD0ECD0FCEA74E3325611","rbv01_2358EC0C12B602E4B7C5F9C580844910C6D49ACB512E9988307B46ECAFCD07F3","4"
"record_balanced_original_rule","20260625","9E294AED38242D18340C17BB55612BC399214101D26979BEBDB3928D0BD6B2BF","rbv01_01C322D9FB99669376EAE9C000289E1B0BF73B04313F3AF1BFE6D03B29E89068","3"
"record_balanced_original_rule","20260625","9EE349148B7433C58335607776CF84F62DB29A060746D726376C2718DDFAB49D","rbv01_0213C5737861DD256119EF44D45CD1CECAF08BA1B29FE2AD47F7CEE0237AF618","0"
"record_balanced_original_rule","20260625","9F16BA7CC9039F46FD172EA592109267E4CF8E0F63EBFD16763109C46036C6B8","rbv01_0213C5737861DD256119EF44D45CD1CECAF08BA1B29FE2AD47F7CEE0237AF618","0"
"record_balanced_original_rule","20260625","9F362D5DD7C83F7B68F074524A6B21E13A3A8D534211346638F9565ED29B907D","rbv01_0C68AE2824568C19A46D2947C2D1EB95DFE6E72AF600B3275A62492DFFF69BF3","3"
"record_balanced_original_rule","20260625","9F3B90D743E91CEB141A07626829FE7390543716A2DF2875078E57C09189203E","rbv01_01C322D9FB99669376EAE9C000289E1B0BF73B04313F3AF1BFE6D03B29E89068","3"
"record_balanced_original_rule","20260625","9F56327DC9136A6B454AAFD369C3D9BE77566E0C0BFF906EFAF97349EE9F0469","rbv01_0213C5737861DD256119EF44D45CD1CECAF08BA1B29FE2AD47F7CEE0237AF618","0"
"record_balanced_original_rule","20260625","9FAF203403482C0607C27C42C6120FC8817C20F743CA9B1C0F32C8A781B66D82","rbv01_01C322D9FB99669376EAE9C000289E1B0BF73B04313F3AF1BFE6D03B29E89068","3"
"record_balanced_original_rule","20260625","9FBB7975B685AACF9E57A7EE27540D3B3082599BF55B3914F11B5DAAE063C6C3","rbv01_0213C5737861DD256119EF44D45CD1CECAF08BA1B29FE2AD47F7CEE0237AF618","0"
"record_balanced_original_rule","20260625","9FEF4DAA1FA8F9DC2C4CFFA392AE4F2C70131D6ECF1F52F9959286EDD30234F6","rbv01_011B84DDF86961F6053ED2B20908582AF6425C6EFA13305F705F7C498093367C","1"
"record_balanced_original_rule","20260625","A00CF8DB35FD2BF16C89039CEB287322989D9A5DBC4E126CF84A8AF89A2F9FBD","rbv01_011B84DDF86961F6053ED2B20908582AF6425C6EFA13305F705F7C498093367C","1"
"record_balanced_original_rule","20260625","A02229A62F69D229523467E9D761C49E4B255243C54CCE3956D7C788C15AEB48","rbv01_08EC8F274B3390CA9A557C1810F52FE38EAF9404CF035F8A1D70A5AAAFA3EA60","2"
"record_balanced_original_rule","20260625","A026675FC213C116EA7B6D584A1026B358E634B8D1A5C73C71657238A9B24E3C","rbv01_0213C5737861DD256119EF44D45CD1CECAF08BA1B29FE2AD47F7CEE0237AF618","0"
"record_balanced_original_rule","20260625","A094988D3810C1636445052E51033B2B64DFAA9D112186730649765788F07785","rbv01_0213C5737861DD256119EF44D45CD1CECAF08BA1B29FE2AD47F7CEE0237AF618","0"
"record_balanced_original_rule","20260625","A0BDECBEC08B8CA56BE96CBCA952AD1F346B55E11EF34B840FEBC35FDC2B635B","rbv01_011D932A057B34C28A553A7C900731E1D7B1E42FD9312A7495A3DF8ECA2AF3C9","4"
"record_balanced_original_rule","20260625","A0E9A770206BB0D079EEF0E807E89604D9EF4EA42B8AAC4840689FB0279D17E3","rbv01_011B84DDF86961F6053ED2B20908582AF6425C6EFA13305F705F7C498093367C","1"
"record_balanced_original_rule","20260625","A129611254B45B29BE1F723940F1308A2E2132F5C5327EAFC116AD573287C377","rbv01_029BDA298EE9F6CF5E11C8E41A870100C0DF57502218FA6619B580755530C213","2"
"record_balanced_original_rule","20260625","A178871189DE7F85434B18372DC55B6D45313743570D59F0C46A88B414C218EF","rbv01_046276E5E1EC434CD47FE2E1D4137204B7C79D59E90B81B5BFE9A77BC6C0BB54","2"
"record_balanced_original_rule","20260625","A19D5F8B4C279ED3EEDA8F3CBE08754AB56784BB32F62B80A5003C8693AF25F8","rbv01_011B84DDF86961F6053ED2B20908582AF6425C6EFA13305F705F7C498093367C","1"
"record_balanced_original_rule","20260625","A1EBA7A51CB4677CC3D75B17D99A5F29EB749DD797EEACCC358C4832E663AB61","rbv01_011B84DDF86961F6053ED2B20908582AF6425C6EFA13305F705F7C498093367C","1"
"record_balanced_original_rule","20260625","A2540BBD4A04A8F4CA491AEDA11C861ECA084B5FA0FDED598221CE5E39B327F9","rbv01_021729FAD057771AC5A3F59730477FE06019418FF0104B829F6E153E2D91134D","3"
"record_balanced_original_rule","20260625","A28817D9AE3D590061F1907BDE77674C6F139174633A66C183CA5E37D9445C82","rbv01_2358EC0C12B602E4B7C5F9C580844910C6D49ACB512E9988307B46ECAFCD07F3","4"
"record_balanced_original_rule","20260625","A2B31A48B1121D0B46B56867CFC3B0221C246A334309BB1FF56C0FB5627F9BF6","rbv01_021729FAD057771AC5A3F59730477FE06019418FF0104B829F6E153E2D91134D","3"
"record_balanced_original_rule","20260625","A31FBF14CC521381726B74331187B09728C8CC0AEC645E0B1C008CDB1D4C8B79","rbv01_0213C5737861DD256119EF44D45CD1CECAF08BA1B29FE2AD47F7CEE0237AF618","0"
"record_balanced_original_rule","20260625","A342A8C19B6289AA9968296E81CAC34E6ED57ED699CF975FBEFDB8FB873F8753","rbv01_011D932A057B34C28A553A7C900731E1D7B1E42FD9312A7495A3DF8ECA2AF3C9","4"
"record_balanced_original_rule","20260625","A3566D7A7D6571F5A149F069808E2FFD84C7089999AB5B5DBEA4B040AA498FF5","rbv01_046276E5E1EC434CD47FE2E1D4137204B7C79D59E90B81B5BFE9A77BC6C0BB54","2"
"record_balanced_original_rule","20260625","A3EE792239C7B445684568BBD26CD49449A433FCAF4629840B503FBB3FD657C3","rbv01_01C322D9FB99669376EAE9C000289E1B0BF73B04313F3AF1BFE6D03B29E89068","3"
"record_balanced_original_rule","20260625","A45A0D981DC15E411A8A730F065ED2A4450522B88986DE42076FA62913C55966","rbv01_01C322D9FB99669376EAE9C000289E1B0BF73B04313F3AF1BFE6D03B29E89068","3"
"record_balanced_original_rule","20260625","A4A1A30142167D3E63853575135270BEF4B6F64B8E30C918CB9C641B8F6D8DE5","rbv01_011B84DDF86961F6053ED2B20908582AF6425C6EFA13305F705F7C498093367C","1"
"record_balanced_original_rule","20260625","A5020B604A71D846CE9EB162E024A3492E94044EE2760F5C96377349FD8B3845","rbv01_021729FAD057771AC5A3F59730477FE06019418FF0104B829F6E153E2D91134D","3"
"record_balanced_original_rule","20260625","A50B0284D4DC64BCEADB9E38CA4DF3779C2198D54A2E9132F4A69FD7F589F1EE","rbv01_011B84DDF86961F6053ED2B20908582AF6425C6EFA13305F705F7C498093367C","1"
"record_balanced_original_rule","20260625","A53DD7CE4D97EC023635AF994A24FFFB169B08F9F7783227D507F55874B782FE","rbv01_0E9E0FC3E20BED0F32C5DF6A0164CCE77E206A06E5378ED855756B22A2C4F6E6","3"
"record_balanced_original_rule","20260625","A56DFE7845D180B57AD4C32B60E788C1B646B5543F489B4BAE30F3E52C7378A0","rbv01_021729FAD057771AC5A3F59730477FE06019418FF0104B829F6E153E2D91134D","3"
"record_balanced_original_rule","20260625","A5A6AC999BBB9C6393219762984D8A9B25C1CF2A2D4E3A2B48CCAD6CA26B5D94","rbv01_0213C5737861DD256119EF44D45CD1CECAF08BA1B29FE2AD47F7CEE0237AF618","0"
"record_balanced_original_rule","20260625","A5BA79BDB38526D47E7D3DB83BEEC1CB0341B5779614CC0C3EAE317012DD7CC1","rbv01_25A206590D1048D18147FD26B701861897281071258782AED6A00779FFF7210A","1"
"record_balanced_original_rule","20260625","A694B173CC51F90D9919DBD439565A2261557CE37752DA3AD45DE8F182C5A9C8","rbv01_2358EC0C12B602E4B7C5F9C580844910C6D49ACB512E9988307B46ECAFCD07F3","4"
"record_balanced_original_rule","20260625","A6A5FE04AD499E2F8A513C5F9C7F9F53454E611A0686C82B192DC3565E51E29D","rbv01_021729FAD057771AC5A3F59730477FE06019418FF0104B829F6E153E2D91134D","3"
"record_balanced_original_rule","20260625","A6B39E4CCCD266E14329E22E184B44C3B5E471F9336AB86F6B5063971253EF4F","rbv01_01C322D9FB99669376EAE9C000289E1B0BF73B04313F3AF1BFE6D03B29E89068","3"
"record_balanced_original_rule","20260625","A6D3F09F58CACD9A105956CDE5D46CAF31CA0671FD2B965FD4521A2EB05CE80B","rbv01_0E9E0FC3E20BED0F32C5DF6A0164CCE77E206A06E5378ED855756B22A2C4F6E6","3"
"record_balanced_original_rule","20260625","A6F6ADB62D7854164181E3F53C781C0596810450B6BBD2D78F3CBA2D3F4BD375","rbv01_011B84DDF86961F6053ED2B20908582AF6425C6EFA13305F705F7C498093367C","1"
"record_balanced_original_rule","20260625","A7242C71450DFE4C9F6516F79D3E00888AD68314435F9221E82E3BFFD7BFB941","rbv01_0E9E0FC3E20BED0F32C5DF6A0164CCE77E206A06E5378ED855756B22A2C4F6E6","3"
"record_balanced_original_rule","20260625","A75CBAF883526AD3EE84C3467D5958568225690F4519303FD58E18D53699E9C9","rbv01_011B84DDF86961F6053ED2B20908582AF6425C6EFA13305F705F7C498093367C","1"
"record_balanced_original_rule","20260625","A7AEDB9ADAEC5EFA654038B3B350AC8BB9ABCF5A84785FA1FE635B6E2A1DDEDB","rbv01_011B84DDF86961F6053ED2B20908582AF6425C6EFA13305F705F7C498093367C","1"
"record_balanced_original_rule","20260625","A8250C60F6976A49EEFC3BE2A8017C21CE7A8777B0FA994CB4DEAF4B51A4CAB3","rbv01_0213C5737861DD256119EF44D45CD1CECAF08BA1B29FE2AD47F7CEE0237AF618","0"
"record_balanced_original_rule","20260625","A857D6C962A1BB8A30AA42EF52223204FE49A5FD357CDF3D30CD0CCC159F7782","rbv01_0213C5737861DD256119EF44D45CD1CECAF08BA1B29FE2AD47F7CEE0237AF618","0"
"record_balanced_original_rule","20260625","A85985AFD9787B9471DE1718399A26426312CB22045B5875B628AC7B1755E6E2","rbv01_021729FAD057771AC5A3F59730477FE06019418FF0104B829F6E153E2D91134D","3"
"record_balanced_original_rule","20260625","A8FB89FCBB715862E336B4554EF21B1C2C40EFBE0889EC4AE5DDC6270BD84D84","rbv01_021729FAD057771AC5A3F59730477FE06019418FF0104B829F6E153E2D91134D","3"
"record_balanced_original_rule","20260625","A900525F615C6EA901B005920CBB90465784D92E2C6FA6123B30963A6EBC557C","rbv01_0E9E0FC3E20BED0F32C5DF6A0164CCE77E206A06E5378ED855756B22A2C4F6E6","3"
"record_balanced_original_rule","20260625","A9FE8E8891E83371DB9900D5341EF1E7DD8BAF2C77E6838FDBD874A1196E3839","rbv01_01C322D9FB99669376EAE9C000289E1B0BF73B04313F3AF1BFE6D03B29E89068","3"
"record_balanced_original_rule","20260625","AA2168DCA96C9A68C56FB8DEE1273CF3453B6EED916BA3843C1AD4BEBD07DF89","rbv01_011B84DDF86961F6053ED2B20908582AF6425C6EFA13305F705F7C498093367C","1"
"record_balanced_original_rule","20260625","AA34DC06B546A5EBB289CA8683E31E711E577F368184C87AFBABD4E096978F0E","rbv01_0213C5737861DD256119EF44D45CD1CECAF08BA1B29FE2AD47F7CEE0237AF618","0"
"record_balanced_original_rule","20260625","AA715982F79C850C8196EB84DD84E8347AA8321A82031E1016D45BA6D2DAA2A3","rbv01_01C322D9FB99669376EAE9C000289E1B0BF73B04313F3AF1BFE6D03B29E89068","3"
"record_balanced_original_rule","20260625","AA8584CE275124EC11DDF0DE314B6EA9723B689214A0C1F0B246ADDE992F590A","rbv01_021729FAD057771AC5A3F59730477FE06019418FF0104B829F6E153E2D91134D","3"
"record_balanced_original_rule","20260625","AAC2A801563F3D58E4290EFB2E9CF97DADD187949955C9C6EEAB72D43F7B1147","rbv01_0213C5737861DD256119EF44D45CD1CECAF08BA1B29FE2AD47F7CEE0237AF618","0"
"record_balanced_original_rule","20260625","AADAE32213B79CEC5C017C126403033CD07288D85FD723A98A29874B774A99C1","rbv01_011B84DDF86961F6053ED2B20908582AF6425C6EFA13305F705F7C498093367C","1"
"record_balanced_original_rule","20260625","AB339D8E020767FCFF4474FAE669B20D7067C901F503EB50DEFD2CF4E69B33E6","rbv01_0213C5737861DD256119EF44D45CD1CECAF08BA1B29FE2AD47F7CEE0237AF618","0"
"record_balanced_original_rule","20260625","AB41398641C12C9408E69857A4C231D30D2A92962FD29AAE008D43DC9CADDA0E","rbv01_08EC8F274B3390CA9A557C1810F52FE38EAF9404CF035F8A1D70A5AAAFA3EA60","2"
"record_balanced_original_rule","20260625","AB52920C056BC3D626F45523B472C65C44FCA9DC9A623EA5457683E94132C1BC","rbv01_0213C5737861DD256119EF44D45CD1CECAF08BA1B29FE2AD47F7CEE0237AF618","0"
"record_balanced_original_rule","20260625","AB9017B74EDBA5356EFD2EC657C83D9D19B7ADA73C33B879061587D492AF1944","rbv01_011B84DDF86961F6053ED2B20908582AF6425C6EFA13305F705F7C498093367C","1"
"record_balanced_original_rule","20260625","ABB876EB13648B1298D139D4922374C58C19A4BDF29FDCE7D987BD3D3368992B","rbv01_01C322D9FB99669376EAE9C000289E1B0BF73B04313F3AF1BFE6D03B29E89068","3"
"record_balanced_original_rule","20260625","AC6FE594DD7ECB18A1B6E73786A79CB0FFFA5A656955D4AC61673767B15F9B9E","rbv01_021729FAD057771AC5A3F59730477FE06019418FF0104B829F6E153E2D91134D","3"
"record_balanced_original_rule","20260625","AC74F5EDBB316F0065CBBD7BACBFC9BA5698CC5DE0C466E34D85E3DD672994C4","rbv01_0213C5737861DD256119EF44D45CD1CECAF08BA1B29FE2AD47F7CEE0237AF618","0"
"record_balanced_original_rule","20260625","AC7E8AC1FBFB912D1FFFD4F44CCCB54CA00E3286DEC1FC355EA9713F7AE1ABF0","rbv01_0213C5737861DD256119EF44D45CD1CECAF08BA1B29FE2AD47F7CEE0237AF618","0"
"record_balanced_original_rule","20260625","AC96EDC92C16AE974D029E7C3EC79830377200F2AD647CB0839E57426654CC9D","rbv01_0213C5737861DD256119EF44D45CD1CECAF08BA1B29FE2AD47F7CEE0237AF618","0"
"record_balanced_original_rule","20260625","ACAB98F0C12CC6F991436AEB48A300F67A86445A6510BFF2C8E8768AA9C33BC4","rbv01_0213C5737861DD256119EF44D45CD1CECAF08BA1B29FE2AD47F7CEE0237AF618","0"
"record_balanced_original_rule","20260625","ACEBCF22CAEF9C9C02F0786C289750F766EFD28E1BFFD1F02B61CE569FE2E580","rbv01_011B84DDF86961F6053ED2B20908582AF6425C6EFA13305F705F7C498093367C","1"
"record_balanced_original_rule","20260625","AD7CD4A46FC4EE7DE1D8AB6389CF8611CDCC6BEACDA38C4B07156D5345D23070","rbv01_011B84DDF86961F6053ED2B20908582AF6425C6EFA13305F705F7C498093367C","1"
"record_balanced_original_rule","20260625","ADF32FABCAC2700D763411EB6FA3EFE78D894E5EA5E2F441B74E7F3C399A302C","rbv01_011B84DDF86961F6053ED2B20908582AF6425C6EFA13305F705F7C498093367C","1"
"record_balanced_original_rule","20260625","AE060FBBAB2E247C0B79C1F9B6565EAB1F4C889FEAA03B7B0BDABEEFB7FAEADC","rbv01_0213C5737861DD256119EF44D45CD1CECAF08BA1B29FE2AD47F7CEE0237AF618","0"
"record_balanced_original_rule","20260625","AE06FDB7F5581A7D50CB291B4BC504907018DBF91EEBFD748519E5114196B99B","rbv01_0213C5737861DD256119EF44D45CD1CECAF08BA1B29FE2AD47F7CEE0237AF618","0"
"record_balanced_original_rule","20260625","AE457019834DE2438EADCFDB7A45B3BA5F9FE533B0667F6E368E1FC3002435FE","rbv01_0DA9CA625518CEB3C5B20C7295004FB7CDC5BC108FF93282C63467286DA188EB","4"
"record_balanced_original_rule","20260625","AF0D75317982A0E738A58779CB4D71BA4C5D3CC26F032C2E6EFE98B3DC8C3EDB","rbv01_021729FAD057771AC5A3F59730477FE06019418FF0104B829F6E153E2D91134D","3"
"record_balanced_original_rule","20260625","AF33E009B8494A61158C95F0369ED1017797A678F3EF0CBF663BDB55E3BBE70B","rbv01_0213C5737861DD256119EF44D45CD1CECAF08BA1B29FE2AD47F7CEE0237AF618","0"
"record_balanced_original_rule","20260625","AFE2243B4A6313F75EC08783353D54521F9F38D6D7BC9AE0D75B0701E04C5F24","rbv01_054201B2ED3ADADFBB0028C07B1A262219631DC717FDE4862C42583AB67D10C2","1"
"record_balanced_original_rule","20260625","B06E21958CD4549AACE77E83D22C28877440A8AD0AF72D91EFE3AB4CC613C029","rbv01_01C322D9FB99669376EAE9C000289E1B0BF73B04313F3AF1BFE6D03B29E89068","3"
"record_balanced_original_rule","20260625","B145D46C6B0610141563B3D6BF4900725422A6057E0042E247C6780ECF90D4D7","rbv01_0213C5737861DD256119EF44D45CD1CECAF08BA1B29FE2AD47F7CEE0237AF618","0"
"record_balanced_original_rule","20260625","B1838BAC87D0C258143D1BD324B696E54E470ECF260D0E94EEE6A4C3646A8506","rbv01_0213C5737861DD256119EF44D45CD1CECAF08BA1B29FE2AD47F7CEE0237AF618","0"
"record_balanced_original_rule","20260625","B1EE7DBE14997AD832D2E3B1D15CD7117CD0BD7441A20C2D734153ECF8F03AA4","rbv01_01C322D9FB99669376EAE9C000289E1B0BF73B04313F3AF1BFE6D03B29E89068","3"
"record_balanced_original_rule","20260625","B200D86B8772A6CDABAA7D4FC509BEF8CE48F162F95F720A2D1CC39AE8ABDEAB","rbv01_0E9E0FC3E20BED0F32C5DF6A0164CCE77E206A06E5378ED855756B22A2C4F6E6","3"
"record_balanced_original_rule","20260625","B29953F7D4F0FA8CF6F15E29AB86FE99E389F8361C845BFC072A8D925C96ED7D","rbv01_054201B2ED3ADADFBB0028C07B1A262219631DC717FDE4862C42583AB67D10C2","1"
"record_balanced_original_rule","20260625","B2A91EA5E1E20CDD45E2A6DBD5221F4C2BCF3CEBB9C561698EE5E95C5382BA47","rbv01_011B84DDF86961F6053ED2B20908582AF6425C6EFA13305F705F7C498093367C","1"
"record_balanced_original_rule","20260625","B2CD5F47D035F19D6E0133B9749EAC1E83AB88C02CE3862A36E707B74BC4904C","rbv01_011B84DDF86961F6053ED2B20908582AF6425C6EFA13305F705F7C498093367C","1"
"record_balanced_original_rule","20260625","B348C9E6BEE2B307688E043EB498EBA86B6279660BAA6972D34F1611A092DB08","rbv01_011D932A057B34C28A553A7C900731E1D7B1E42FD9312A7495A3DF8ECA2AF3C9","4"
"record_balanced_original_rule","20260625","B3759A0C61400E55ACF97C46DD8E1338BC2E1D1BAF23760B330329772F508D56","rbv01_0A5AC21E5BA740588E2CBBCCF2F521223BEEC9FB27076F153A79601562B5DA7C","3"
"record_balanced_original_rule","20260625","B37AE0189199B24FD4C49D8EAFA64FAAC75B65B904402B44678B8D937FCE973A","rbv01_021729FAD057771AC5A3F59730477FE06019418FF0104B829F6E153E2D91134D","3"
"record_balanced_original_rule","20260625","B39F4EC3413F813DE60B2E85C96D8B1911D848DC8C7736BB3A3CB27B6F27F92E","rbv01_054201B2ED3ADADFBB0028C07B1A262219631DC717FDE4862C42583AB67D10C2","1"
"record_balanced_original_rule","20260625","B3CA2613D5C3FE50D6A832EFB117A99A0448C3350EE0535E440154F6EF143A8B","rbv01_011B84DDF86961F6053ED2B20908582AF6425C6EFA13305F705F7C498093367C","1"
"record_balanced_original_rule","20260625","B519ECCDF65739257F48A201228250169491DB87668182427D58C9969E0FF76B","rbv01_046276E5E1EC434CD47FE2E1D4137204B7C79D59E90B81B5BFE9A77BC6C0BB54","2"
"record_balanced_original_rule","20260625","B5741EADFFB6C447500186972531336C960E3B33523732AE2514BFE0FE5801DD","rbv01_011B84DDF86961F6053ED2B20908582AF6425C6EFA13305F705F7C498093367C","1"
"record_balanced_original_rule","20260625","B5C8942EDA8C11D378B5423AD08DA153434FE3FA13BD75E891D599BE6D0EE1A9","rbv01_76BCAA01B24B5B79F90CBEA55222EB028CC0DA3AC4CAD5CF5008C6EE1291E4FC","4"
"record_balanced_original_rule","20260625","B5F2C01FB2A7D3B67FE58B77FAE8319DB2F4745B234630C40F8D2807F1EA6BFD","rbv01_0C68AE2824568C19A46D2947C2D1EB95DFE6E72AF600B3275A62492DFFF69BF3","3"
"record_balanced_original_rule","20260625","B6EEDBC7569A107C2A6A8061EAB3FBDBF15FDDF94B81CE3FDF4CA5EC83431154","rbv01_011B84DDF86961F6053ED2B20908582AF6425C6EFA13305F705F7C498093367C","1"
"record_balanced_original_rule","20260625","B7EBC5F16557717928BFAA68B4AE69586AAA0B2C26F157F2614161FAAC407C7F","rbv01_2358EC0C12B602E4B7C5F9C580844910C6D49ACB512E9988307B46ECAFCD07F3","4"
"record_balanced_original_rule","20260625","B8100B810C31F4477DBAA22FF74BD4FEB089626D057AD5A5B625ADEB3FC58842","rbv01_2358EC0C12B602E4B7C5F9C580844910C6D49ACB512E9988307B46ECAFCD07F3","4"
"record_balanced_original_rule","20260625","B86659A0E2D9B5BA88BA985BE047EF9A47252D224C31573B33CF1A23BC22A03B","rbv01_08EC8F274B3390CA9A557C1810F52FE38EAF9404CF035F8A1D70A5AAAFA3EA60","2"
"record_balanced_original_rule","20260625","B868B875CC1AA88D1796EDF1F4B51F7D67F8EE095EBAE40D3AE5129225D8DFDF","rbv01_011B84DDF86961F6053ED2B20908582AF6425C6EFA13305F705F7C498093367C","1"
"record_balanced_original_rule","20260625","B8F019C4D99BE1379301DB1F13A7F76D968564E34A078592DF03119F4B70438A","rbv01_0213C5737861DD256119EF44D45CD1CECAF08BA1B29FE2AD47F7CEE0237AF618","0"
"record_balanced_original_rule","20260625","B93A04708485D4EC46BB9191716C5BC32A292BF37BA4FBB35BFB3F1AA95CFE9A","rbv01_1A2E259AFB28A34C9C6E003C355FAC70F5755F63B27530053ACE4BA8A31F3C72","4"
"record_balanced_original_rule","20260625","B94154C8899CFBEC4230E47BA20C4D8424D8473764034D77FC9D0A1EDA884548","rbv01_011B84DDF86961F6053ED2B20908582AF6425C6EFA13305F705F7C498093367C","1"
"record_balanced_original_rule","20260625","B94D8856A497C9A6DB9B4C2779EC59EB2691D760CAA26895730BE0BE602B40A8","rbv01_011B84DDF86961F6053ED2B20908582AF6425C6EFA13305F705F7C498093367C","1"
"record_balanced_original_rule","20260625","B9BD7EB4F5BD12D41795C4CE132116A980B7E7733D8B7165B7C3B2642F076E18","rbv01_0213C5737861DD256119EF44D45CD1CECAF08BA1B29FE2AD47F7CEE0237AF618","0"
"record_balanced_original_rule","20260625","B9BD9565C71BA9B0497C0941CFBC60B2B14BD87260FB308D63D43B4C0D637EDF","rbv01_011B84DDF86961F6053ED2B20908582AF6425C6EFA13305F705F7C498093367C","1"
"record_balanced_original_rule","20260625","B9D724760C86604BBB0864C4AA14987C209A32E35A60D266151B006A2E5008AE","rbv01_0E9E0FC3E20BED0F32C5DF6A0164CCE77E206A06E5378ED855756B22A2C4F6E6","3"
"record_balanced_original_rule","20260625","B9D9A2E1C4B4CD247E864EBD7E2812FDA455003AC283FE1B222F923FD58B19FC","rbv01_0213C5737861DD256119EF44D45CD1CECAF08BA1B29FE2AD47F7CEE0237AF618","0"
"record_balanced_original_rule","20260625","BA4F1B10819A8F9E97119CC5D7076594BC81BCB8B817E983D5377B0B84C40D41","rbv01_046276E5E1EC434CD47FE2E1D4137204B7C79D59E90B81B5BFE9A77BC6C0BB54","2"
"record_balanced_original_rule","20260625","BAA06761F485A4ABA9AE803C1E5945748AFA196FA102FB05F99C3BF5E2038016","rbv01_08EC8F274B3390CA9A557C1810F52FE38EAF9404CF035F8A1D70A5AAAFA3EA60","2"
"record_balanced_original_rule","20260625","BB53F7CAC1B5EFF06D4D271BEB7D4376A80ACFB147C128F3032AE94D703C27E6","rbv01_011B84DDF86961F6053ED2B20908582AF6425C6EFA13305F705F7C498093367C","1"
"record_balanced_original_rule","20260625","BB540B24F63759F19B2A8272AC569D12A6AADE54ADB3A9E9D53897FBFD4941BB","rbv01_0E9E0FC3E20BED0F32C5DF6A0164CCE77E206A06E5378ED855756B22A2C4F6E6","3"
"record_balanced_original_rule","20260625","BB79574A85B67E96D8D51BFFCE53004FC56EA9E7419BC27D155E73DB77300407","rbv01_011B84DDF86961F6053ED2B20908582AF6425C6EFA13305F705F7C498093367C","1"
"record_balanced_original_rule","20260625","BB7E305C33C5A679AB9A6E999CDB56EAC15AE4B74DC7DDD941093AE731C4592B","rbv01_011D932A057B34C28A553A7C900731E1D7B1E42FD9312A7495A3DF8ECA2AF3C9","4"
"record_balanced_original_rule","20260625","BB861A32BF81583BC93DCF9202EC1749E18A6B3F55BF3A8736329AB89A38B6E7","rbv01_011B84DDF86961F6053ED2B20908582AF6425C6EFA13305F705F7C498093367C","1"
"record_balanced_original_rule","20260625","BB9CA604639983710E38AF2634203CD47193835B57165344FC8077DDDB5D4FC5","rbv01_2358EC0C12B602E4B7C5F9C580844910C6D49ACB512E9988307B46ECAFCD07F3","4"
"record_balanced_original_rule","20260625","BBA485F1B43AE7780C35E46FC658849FC877F626FF3B0C114C5A25BD83C36800","rbv01_01C322D9FB99669376EAE9C000289E1B0BF73B04313F3AF1BFE6D03B29E89068","3"
"record_balanced_original_rule","20260625","BBB218297BA7A0CA2DCEB9981A9878288D21364396EF071F5F0938E446211BEB","rbv01_021729FAD057771AC5A3F59730477FE06019418FF0104B829F6E153E2D91134D","3"
"record_balanced_original_rule","20260625","BBF3D6E7C1884A3AE2175E051614292C2F30A4B609072AF20182038BAEC747FE","rbv01_054201B2ED3ADADFBB0028C07B1A262219631DC717FDE4862C42583AB67D10C2","1"
"record_balanced_original_rule","20260625","BC108F1A9D8E57900D11637C16F7EB73251D901E7C21452F3569F9BDB00F1D5A","rbv01_021729FAD057771AC5A3F59730477FE06019418FF0104B829F6E153E2D91134D","3"
"record_balanced_original_rule","20260625","BC17A649667C68A0D97BA413FA5CD94AADA0571F0648298DC32E2D81DF818289","rbv01_0213C5737861DD256119EF44D45CD1CECAF08BA1B29FE2AD47F7CEE0237AF618","0"
"record_balanced_original_rule","20260625","BC59AB749AF1DCD339D13991C02EA8906D3AD95744F19773A9A9F7CF9F9E1C27","rbv01_011B84DDF86961F6053ED2B20908582AF6425C6EFA13305F705F7C498093367C","1"
"record_balanced_original_rule","20260625","BCC2CD5F0D3647BBF209E6EB9A41289EEAD47E5D2823FB7348E594E67D9FDDF2","rbv01_011B84DDF86961F6053ED2B20908582AF6425C6EFA13305F705F7C498093367C","1"
"record_balanced_original_rule","20260625","BD0215C009B94F443FBB7C13314D0698576F1E924DD98C10D1BF6EA4EE2A5B27","rbv01_0213C5737861DD256119EF44D45CD1CECAF08BA1B29FE2AD47F7CEE0237AF618","0"
"record_balanced_original_rule","20260625","BDDE832A1AB36BBB98D1729FFE9D170B71D1C7855D714105EE36F49DAA5130C6","rbv01_011B84DDF86961F6053ED2B20908582AF6425C6EFA13305F705F7C498093367C","1"
"record_balanced_original_rule","20260625","BDEC379DE72E119131CCD9A28E283FF0DEB5D4EE1C8A8327467A365F1A8DC98D","rbv01_021729FAD057771AC5A3F59730477FE06019418FF0104B829F6E153E2D91134D","3"
"record_balanced_original_rule","20260625","BE1142D58C43A688F6B2D06F3F208781610B34DC0FE9EC96C2C95A721F86252D","rbv01_011B84DDF86961F6053ED2B20908582AF6425C6EFA13305F705F7C498093367C","1"
"record_balanced_original_rule","20260625","BE3CBACB270E7D8402567193A0B8DFE5B222A18115E5E051661A41E4C7224047","rbv01_011B84DDF86961F6053ED2B20908582AF6425C6EFA13305F705F7C498093367C","1"
"record_balanced_original_rule","20260625","BF13459ED4C51FC764B8D32D8DC7E945F652AB995DED7EC5BF054B273AB00E8F","rbv01_0213C5737861DD256119EF44D45CD1CECAF08BA1B29FE2AD47F7CEE0237AF618","0"
"record_balanced_original_rule","20260625","C099836BC703D927F83DDE65F456933C8F1A94EB40993699CAFA1089989225B7","rbv01_0213C5737861DD256119EF44D45CD1CECAF08BA1B29FE2AD47F7CEE0237AF618","0"
"record_balanced_original_rule","20260625","C18EA628946D04F2EC112F1CF72E8344E0DF3EB19712BA76CC7E85737851D2ED","rbv01_2358EC0C12B602E4B7C5F9C580844910C6D49ACB512E9988307B46ECAFCD07F3","4"
"record_balanced_original_rule","20260625","C1C2010C013730168967BCC65E0D421A7D28D6DC093D274B3BA75B67BB461EC4","rbv01_0213C5737861DD256119EF44D45CD1CECAF08BA1B29FE2AD47F7CEE0237AF618","0"
"record_balanced_original_rule","20260625","C1FF16F877F184D1345F0716C0D36A443D54121CA683A5AD4D7CE9A4C9C1FCEC","rbv01_0D49377FA046416BEACFBB00B72B25CF04B27FCDD1DFA22E7E8C3ECE070E08F2","4"
"record_balanced_original_rule","20260625","C2E9A284B53A07C539ABE6167C643B459414F42D225BFD9C0F63896281626D91","rbv01_011B84DDF86961F6053ED2B20908582AF6425C6EFA13305F705F7C498093367C","1"
"record_balanced_original_rule","20260625","C32126F322122558C66377512853B4D6C0B06A49B4EB41A226ECE9FE5C842AD5","rbv01_4C51CFDB4AF8C1E97EE68AD316E14EE38D69EBF9BC08EA86615CC9553C187FB5","2"
"record_balanced_original_rule","20260625","C3876C0DA76BBFAB3CA30CBF0637C93F1955CFFB510209097FF630AA52F4DC3B","rbv01_2358EC0C12B602E4B7C5F9C580844910C6D49ACB512E9988307B46ECAFCD07F3","4"
"record_balanced_original_rule","20260625","C3D2C97E3DEC0BB5D8D8B6EC626E169FF6F7DA7C040B266616CFE0B2DB64044C","rbv01_01C322D9FB99669376EAE9C000289E1B0BF73B04313F3AF1BFE6D03B29E89068","3"
"record_balanced_original_rule","20260625","C3ECC9037D31BE4431B6E41933FCC564AD88C94968C0E087B6F9B3A85284C6CD","rbv01_046276E5E1EC434CD47FE2E1D4137204B7C79D59E90B81B5BFE9A77BC6C0BB54","2"
"record_balanced_original_rule","20260625","C3F7A6E5E0532194F9147B8BF2A22ADF5B185E9769050D0E0514582D36228137","rbv01_2358EC0C12B602E4B7C5F9C580844910C6D49ACB512E9988307B46ECAFCD07F3","4"
"record_balanced_original_rule","20260625","C4213A6EAEB15B5790B4360F2B6E218D019741654D0FA832E9B6476A24B3E85E","rbv01_01C322D9FB99669376EAE9C000289E1B0BF73B04313F3AF1BFE6D03B29E89068","3"
"record_balanced_original_rule","20260625","C46B125AA6FD16BB09E22BB23A8D872A46AC0D526525EECF48BF1BE79095577C","rbv01_011B84DDF86961F6053ED2B20908582AF6425C6EFA13305F705F7C498093367C","1"
"record_balanced_original_rule","20260625","C470F8B4B10DA4148C4CED620968FE4401AEF4244CF79E0642EA2E50861D4C97","rbv01_011B84DDF86961F6053ED2B20908582AF6425C6EFA13305F705F7C498093367C","1"
"record_balanced_original_rule","20260625","C47896C9D53550EDF40D1485D2ECF809FA4C7AAF81443C7CCFCC4FF77C902BB5","rbv01_021729FAD057771AC5A3F59730477FE06019418FF0104B829F6E153E2D91134D","3"
"record_balanced_original_rule","20260625","C4FDE08E990972AB90E02DEA79BC4406F9953968511881C7BDBDD65720740145","rbv01_011B84DDF86961F6053ED2B20908582AF6425C6EFA13305F705F7C498093367C","1"
"record_balanced_original_rule","20260625","C4FE16D78D333D24B6FB9C7EB3A8D7225EC1450F10F57F828F917B0E2615AB09","rbv01_011B84DDF86961F6053ED2B20908582AF6425C6EFA13305F705F7C498093367C","1"
"record_balanced_original_rule","20260625","C5871DAE82ABAFA71A24BAF08810AD7ED5C7C3B840159CC274C83347FA18E6A3","rbv01_011B84DDF86961F6053ED2B20908582AF6425C6EFA13305F705F7C498093367C","1"
"record_balanced_original_rule","20260625","C5F4F742403A2ACBAEBC7DE5C0689EC7635EDBEEA05A3DF0A29E8C3D50B61649","rbv01_0E9E0FC3E20BED0F32C5DF6A0164CCE77E206A06E5378ED855756B22A2C4F6E6","3"
"record_balanced_original_rule","20260625","C658CE0CFA0E8FE9D350C38887123C4659BCD299DBC1AE54BA68F164D1B8565E","rbv01_011B84DDF86961F6053ED2B20908582AF6425C6EFA13305F705F7C498093367C","1"
"record_balanced_original_rule","20260625","C675997CF2F823E3D603A0B58900E01C299127F834AF36A33AEE14BA27C9BEF4","rbv01_08EC8F274B3390CA9A557C1810F52FE38EAF9404CF035F8A1D70A5AAAFA3EA60","2"
"record_balanced_original_rule","20260625","C67620705F70632039C8225E8A46C21289DA592650AE2A36F5A407BF00821BC5","rbv01_011B84DDF86961F6053ED2B20908582AF6425C6EFA13305F705F7C498093367C","1"
"record_balanced_original_rule","20260625","C69B53FF41F92A205289CD2EB49FEB1D531505793EF182D5A729A5228B96DB90","rbv01_0213C5737861DD256119EF44D45CD1CECAF08BA1B29FE2AD47F7CEE0237AF618","0"
"record_balanced_original_rule","20260625","C6E29CBAFA5E735C159B8EFDB288D586C0E356BAB7D1D065A9E2A2E813DABE6B","rbv01_0D49377FA046416BEACFBB00B72B25CF04B27FCDD1DFA22E7E8C3ECE070E08F2","4"
"record_balanced_original_rule","20260625","C77AD87E7C3B4C46DA55DB10181B23030C10090C3DE757E8D9FAA123FAA0F97F","rbv01_011D932A057B34C28A553A7C900731E1D7B1E42FD9312A7495A3DF8ECA2AF3C9","4"
"record_balanced_original_rule","20260625","C7A781BF9A1C3FE7A3DAF10DD9D274D10FB50389FA3D4EBDF39E7A1D958DF3D0","rbv01_0E9E0FC3E20BED0F32C5DF6A0164CCE77E206A06E5378ED855756B22A2C4F6E6","3"
"record_balanced_original_rule","20260625","C7B54BDF60C92518872D1C57AEF2D3C8BDCCB3F712ACB6DE17BAC8F2D99C0A47","rbv01_011B84DDF86961F6053ED2B20908582AF6425C6EFA13305F705F7C498093367C","1"
"record_balanced_original_rule","20260625","C83EC75B022C34D3F55812FD730977C1F2AE511752744CE19605D2E51B954C1B","rbv01_0213C5737861DD256119EF44D45CD1CECAF08BA1B29FE2AD47F7CEE0237AF618","0"
"record_balanced_original_rule","20260625","C8A1B03EB686F7C8CAD3B14667DB5DFC9A4AC5430412C154D0BBE7F1CE2592E8","rbv01_011B84DDF86961F6053ED2B20908582AF6425C6EFA13305F705F7C498093367C","1"
"record_balanced_original_rule","20260625","C91589BD71C2809B016880159E0213C30A24A69C983785D5D0638F17F89CB9B6","rbv01_2358EC0C12B602E4B7C5F9C580844910C6D49ACB512E9988307B46ECAFCD07F3","4"
"record_balanced_original_rule","20260625","CA11F7BF23531F30358FC7BF01CFE7D5D2D3E1DC583FBAA509D220816FD2138C","rbv01_0213C5737861DD256119EF44D45CD1CECAF08BA1B29FE2AD47F7CEE0237AF618","0"
"record_balanced_original_rule","20260625","CA26DFBEFDE496F1EA153FE5E11E545A17F7BA36189F57C309392DFFFB1A362D","rbv01_021729FAD057771AC5A3F59730477FE06019418FF0104B829F6E153E2D91134D","3"
"record_balanced_original_rule","20260625","CAC25E66C72FAE2F2EE200CAFF349DC8202EFBAA843AEAC6D57755BF8EC5C5DD","rbv01_011B84DDF86961F6053ED2B20908582AF6425C6EFA13305F705F7C498093367C","1"
"record_balanced_original_rule","20260625","CAF19075880F62FAF8048157A1028994F27E9E95B9AE0BE97F801FB910EE227E","rbv01_0213C5737861DD256119EF44D45CD1CECAF08BA1B29FE2AD47F7CEE0237AF618","0"
"record_balanced_original_rule","20260625","CB344079F12CE6E7854BEB1B12CFCFC69D87B06F60759FBB602561B0B8F2C5A8","rbv01_046276E5E1EC434CD47FE2E1D4137204B7C79D59E90B81B5BFE9A77BC6C0BB54","2"
"record_balanced_original_rule","20260625","CBB306D563AF1475DD70483341742AD46B3DC3BB5E7397FBBEE3E7AD38F09981","rbv01_0A5AC21E5BA740588E2CBBCCF2F521223BEEC9FB27076F153A79601562B5DA7C","3"
"record_balanced_original_rule","20260625","CC1FE8BECBFA48728DF9831D4A48B906A91F0CD3C655DD332A8ABACA1DD5AE91","rbv01_25A206590D1048D18147FD26B701861897281071258782AED6A00779FFF7210A","1"
"record_balanced_original_rule","20260625","CC6B6023F88A67BD99E41B1981B0AC1D92E796BCDD5AA2CF1A0B70FA4895FD44","rbv01_0213C5737861DD256119EF44D45CD1CECAF08BA1B29FE2AD47F7CEE0237AF618","0"
"record_balanced_original_rule","20260625","CC9102A2732EF11FC0913FA7085F6FAA505F4CF73C976CBA72EE8C20AB9CADE4","rbv01_011B84DDF86961F6053ED2B20908582AF6425C6EFA13305F705F7C498093367C","1"
"record_balanced_original_rule","20260625","CCE05234A4781635373B610B3FEA0BE4C5CA371189DC43BA6576E4CC4A270BC3","rbv01_0213C5737861DD256119EF44D45CD1CECAF08BA1B29FE2AD47F7CEE0237AF618","0"
"record_balanced_original_rule","20260625","CCE1CB2CFC3C13ACA42B9D516F04CFDC1B24CF2B52E868812152B2345EBE9B4F","rbv01_0213C5737861DD256119EF44D45CD1CECAF08BA1B29FE2AD47F7CEE0237AF618","0"
"record_balanced_original_rule","20260625","CD1B62181F83E387D8E24FF67CCBD8A1E11BA5AD8970337517DB9317DE2E4874","rbv01_0213C5737861DD256119EF44D45CD1CECAF08BA1B29FE2AD47F7CEE0237AF618","0"
"record_balanced_original_rule","20260625","CD1F3C4B685E71AC58B0775AC907F7CDC0AD44EE4C9534126D696279E361F90A","rbv01_011B84DDF86961F6053ED2B20908582AF6425C6EFA13305F705F7C498093367C","1"
"record_balanced_original_rule","20260625","CD7B0849E1C2E9264C494CA00C61B16DBB847BF2CBC3464624D4D11B54F94CEB","rbv01_011B84DDF86961F6053ED2B20908582AF6425C6EFA13305F705F7C498093367C","1"
"record_balanced_original_rule","20260625","CE2557F4248198F5922C14D08246E384A04862FB5CA317E6700868FC2E2537D0","rbv01_0D49377FA046416BEACFBB00B72B25CF04B27FCDD1DFA22E7E8C3ECE070E08F2","4"
"record_balanced_original_rule","20260625","CEA55450F2602D6717293450C4FB0AB0EBEFF0210F59AFAD6885903EE9A7435E","rbv01_011B84DDF86961F6053ED2B20908582AF6425C6EFA13305F705F7C498093367C","1"
"record_balanced_original_rule","20260625","CEE3D488D361FABD5E13DA86AF2CD985FD52ABB6A62DFCF520752F25F7F008C9","rbv01_054201B2ED3ADADFBB0028C07B1A262219631DC717FDE4862C42583AB67D10C2","1"
"record_balanced_original_rule","20260625","CF4F92F197F7B829D1B13CA0A83C1D47AEE882369E3021042EDB08014733FD5C","rbv01_01C322D9FB99669376EAE9C000289E1B0BF73B04313F3AF1BFE6D03B29E89068","3"
"record_balanced_original_rule","20260625","D0110E69D722C5EFB0A0F40F12E6D49EC6A0E1F8EE6390C488F17ABEC1D35C57","rbv01_0213C5737861DD256119EF44D45CD1CECAF08BA1B29FE2AD47F7CEE0237AF618","0"
"record_balanced_original_rule","20260625","D024D5C16CC82A40BF9565D31A5E5A630A32509DDDC0A0A825D16D41D02CA37F","rbv01_011B84DDF86961F6053ED2B20908582AF6425C6EFA13305F705F7C498093367C","1"
"record_balanced_original_rule","20260625","D0E71F868DED2D54488E37688EA0490F320A02635C336ED210E91ABE86AF92AE","rbv01_08EC8F274B3390CA9A557C1810F52FE38EAF9404CF035F8A1D70A5AAAFA3EA60","2"
"record_balanced_original_rule","20260625","D0F24AA6C7D25A6C15735F248E293D5000E67C9862550D33B2EDFA1FA92FDB97","rbv01_0213C5737861DD256119EF44D45CD1CECAF08BA1B29FE2AD47F7CEE0237AF618","0"
"record_balanced_original_rule","20260625","D11954EE94AD1EAA891628A01E2A50576FE4E22655EE2F3A6882EC88EB10FF00","rbv01_0213C5737861DD256119EF44D45CD1CECAF08BA1B29FE2AD47F7CEE0237AF618","0"
"record_balanced_original_rule","20260625","D13E13989D9D572066EC50B21645248CD70EAAA6E186F74861D10A25D20A42EB","rbv01_011D932A057B34C28A553A7C900731E1D7B1E42FD9312A7495A3DF8ECA2AF3C9","4"
"record_balanced_original_rule","20260625","D14F54F5B9E0A5B5051AC7757C4A76128E9D1B38536B9FD1A4503515CE2F79B1","rbv01_011B84DDF86961F6053ED2B20908582AF6425C6EFA13305F705F7C498093367C","1"
"record_balanced_original_rule","20260625","D168C7B7A6E6EC373F71A4F1F106D40E3FDBA8C5EB600636FF7735B230443759","rbv01_011D932A057B34C28A553A7C900731E1D7B1E42FD9312A7495A3DF8ECA2AF3C9","4"
"record_balanced_original_rule","20260625","D181DD2B3B5D070839CFD1D0138DAF7E441F398AAF45E287897478354BFADA2C","rbv01_011B84DDF86961F6053ED2B20908582AF6425C6EFA13305F705F7C498093367C","1"
"record_balanced_original_rule","20260625","D26A263DD301869FCB7372BB31B02E1D37D663506189161262612EF0D95476C0","rbv01_0E9E0FC3E20BED0F32C5DF6A0164CCE77E206A06E5378ED855756B22A2C4F6E6","3"
"record_balanced_original_rule","20260625","D273CBA99AF3CF030A0DC964E6B80B7372948948414C816F0BCB074D9D53AB5E","rbv01_01C322D9FB99669376EAE9C000289E1B0BF73B04313F3AF1BFE6D03B29E89068","3"
"record_balanced_original_rule","20260625","D274464C683058BF2EE2D703BF4D13DE275A630E86C5DAF6A2EE91E402982AB9","rbv01_011B84DDF86961F6053ED2B20908582AF6425C6EFA13305F705F7C498093367C","1"
"record_balanced_original_rule","20260625","D2C4965D162FAC423C91E7418E8F0B1FD9AB929C562C6AAB168762CA4B40DE35","rbv01_2358EC0C12B602E4B7C5F9C580844910C6D49ACB512E9988307B46ECAFCD07F3","4"
"record_balanced_original_rule","20260625","D2C523D15169AF68191B44D5F1216EE245DE3E82702C3CFA27CAB8F3E43771B2","rbv01_01C322D9FB99669376EAE9C000289E1B0BF73B04313F3AF1BFE6D03B29E89068","3"
"record_balanced_original_rule","20260625","D39A17E5B7FDF333F16D26D1E33355CAC56400A2EA00120507B19B9EE0D1108A","rbv01_021729FAD057771AC5A3F59730477FE06019418FF0104B829F6E153E2D91134D","3"
"record_balanced_original_rule","20260625","D3E50F0CB1BE63063A607D3C03CDC227FAB5D696E3373CEEB165A3FFF3391083","rbv01_021729FAD057771AC5A3F59730477FE06019418FF0104B829F6E153E2D91134D","3"
"record_balanced_original_rule","20260625","D42DEB898D8B5EEB119EA3C7E184A675194B9BFC68FF6714839C111E14A0C5A3","rbv01_011B84DDF86961F6053ED2B20908582AF6425C6EFA13305F705F7C498093367C","1"
"record_balanced_original_rule","20260625","D4BF6F5B5355EADE55788320E767CAF2D3F00C82DAAB6C0474C7E6BFF6E91BE6","rbv01_046276E5E1EC434CD47FE2E1D4137204B7C79D59E90B81B5BFE9A77BC6C0BB54","2"
"record_balanced_original_rule","20260625","D5856478D52086FDDC34BE189FE45DC90DF02788C7B2899AA8124E06E22949B2","rbv01_0213C5737861DD256119EF44D45CD1CECAF08BA1B29FE2AD47F7CEE0237AF618","0"
"record_balanced_original_rule","20260625","D58D8B9680E06B6A9787187D15517C4D341652FC9C1B422893906677A266C98B","rbv01_0E9E0FC3E20BED0F32C5DF6A0164CCE77E206A06E5378ED855756B22A2C4F6E6","3"
"record_balanced_original_rule","20260625","D5A9A7EACFF32F00C11CFC6EA88250E5CFBD4357E2DA02C05BDFA7C9AAC75203","rbv01_0213C5737861DD256119EF44D45CD1CECAF08BA1B29FE2AD47F7CEE0237AF618","0"
"record_balanced_original_rule","20260625","D5F0160DDF8B7E1A062DC48C97B1A64F621535F24B90F32B3FE6810D98396424","rbv01_0E9E0FC3E20BED0F32C5DF6A0164CCE77E206A06E5378ED855756B22A2C4F6E6","3"
"record_balanced_original_rule","20260625","D6D53E83661C5EE51D894096A3F6BF030633B9D90587642284A361D3145284D9","rbv01_011B84DDF86961F6053ED2B20908582AF6425C6EFA13305F705F7C498093367C","1"
"record_balanced_original_rule","20260625","D6E3F6648F41498A302BAAEA11B7A2BC6C44FC8C1A8DFE77D9602735B7D84643","rbv01_011B84DDF86961F6053ED2B20908582AF6425C6EFA13305F705F7C498093367C","1"
"record_balanced_original_rule","20260625","D756EBF38F58013435F3227F56D8314A2EB2F231E4710B689C0C1331A89392A9","rbv01_0213C5737861DD256119EF44D45CD1CECAF08BA1B29FE2AD47F7CEE0237AF618","0"
"record_balanced_original_rule","20260625","D809BA101F51162F3BAABB24C38428E67BC5802BEC2627C3E03AB55C6CD2438D","rbv01_0213C5737861DD256119EF44D45CD1CECAF08BA1B29FE2AD47F7CEE0237AF618","0"
"record_balanced_original_rule","20260625","D816DE8FCD28544DE0EBA1B895B4E45AD75BDBB87E245CA97712F9170AD8675D","rbv01_01C322D9FB99669376EAE9C000289E1B0BF73B04313F3AF1BFE6D03B29E89068","3"
"record_balanced_original_rule","20260625","D829A5E8A5761584469072433FCFF2F4EDF34A8883EA0A033682C169380F8DFC","rbv01_08EC8F274B3390CA9A557C1810F52FE38EAF9404CF035F8A1D70A5AAAFA3EA60","2"
"record_balanced_original_rule","20260625","D8309C0B23A7624AB1BA0F233B34A7591A55DFBFD071444A7D6223B72CDC514F","rbv01_046276E5E1EC434CD47FE2E1D4137204B7C79D59E90B81B5BFE9A77BC6C0BB54","2"
"record_balanced_original_rule","20260625","D8634956B97FCABE2E58A3B3EBE21AC3A6A89CBF49E1FE063079730368A680C1","rbv01_011D932A057B34C28A553A7C900731E1D7B1E42FD9312A7495A3DF8ECA2AF3C9","4"
"record_balanced_original_rule","20260625","D8AC1F08FAACB5E65C7142B0486DE27DE1AE9EF36D9B54DF3E4162E8DCF6A3E4","rbv01_011B84DDF86961F6053ED2B20908582AF6425C6EFA13305F705F7C498093367C","1"
"record_balanced_original_rule","20260625","D92E50FC1E2ADAB1E5545B26196DD3C1FB39B2CB02C5C938EEE1B8EA91EB8971","rbv01_011D932A057B34C28A553A7C900731E1D7B1E42FD9312A7495A3DF8ECA2AF3C9","4"
"record_balanced_original_rule","20260625","D964937E6BE96D9353F4DEDBDB96AA7014F842165DE5BBA754A582AA18EE9AA3","rbv01_0213C5737861DD256119EF44D45CD1CECAF08BA1B29FE2AD47F7CEE0237AF618","0"
"record_balanced_original_rule","20260625","D97FD3F690E2192D58AD9C63FB8F836769BF8D63D8E3DB5490F483A225F851E3","rbv01_147C763D2DD7A735DC5DA68C31ECD7579510C8C8494E1BBB99D46B386B713D84","3"
"record_balanced_original_rule","20260625","D9CB92E7DD2B1A28EB350206ACAFD189EFC0A24BF995072C35C7A59AD8C6D4F4","rbv01_0213C5737861DD256119EF44D45CD1CECAF08BA1B29FE2AD47F7CEE0237AF618","0"
"record_balanced_original_rule","20260625","DA28F4487632C33CB00C52E8821A93E99738BF9EF2CF5F5FD2BD5DACE2B32E75","rbv01_011B84DDF86961F6053ED2B20908582AF6425C6EFA13305F705F7C498093367C","1"
"record_balanced_original_rule","20260625","DA87D1B20C84BDAA4FEB81B8451277C6AF990112C968DC5D74C384C37336C144","rbv01_0213C5737861DD256119EF44D45CD1CECAF08BA1B29FE2AD47F7CEE0237AF618","0"
"record_balanced_original_rule","20260625","DA8C1B25FDF1EE64F11D446274300BDF5592F7B139059ACB887CB48B22085C10","rbv01_0E9E0FC3E20BED0F32C5DF6A0164CCE77E206A06E5378ED855756B22A2C4F6E6","3"
"record_balanced_original_rule","20260625","DAB191A79F3937CEF80CB10C8EDAD30AB819D7B7A1EC945ED97DEA121B2146E2","rbv01_0E9E0FC3E20BED0F32C5DF6A0164CCE77E206A06E5378ED855756B22A2C4F6E6","3"
"record_balanced_original_rule","20260625","DAC13FF5AD273AD8D227FE070BB68E34F3E91243CAA730D1F76645444FFB63BF","rbv01_0213C5737861DD256119EF44D45CD1CECAF08BA1B29FE2AD47F7CEE0237AF618","0"
"record_balanced_original_rule","20260625","DAEEACE4EBBEB18110C37FB754679517B1A7FE241F31A8E5668E2D6390379906","rbv01_011B84DDF86961F6053ED2B20908582AF6425C6EFA13305F705F7C498093367C","1"
"record_balanced_original_rule","20260625","DB0FDB40CB323EB001B1D91D69E5B617D9AE7C9214B8AC8F5351693C50C53615","rbv01_0213C5737861DD256119EF44D45CD1CECAF08BA1B29FE2AD47F7CEE0237AF618","0"
"record_balanced_original_rule","20260625","DB5CAF2F10E70591652983B0A9A674D5E1E0A6CAFCB99BAEE295AB1492D059AE","rbv01_2358EC0C12B602E4B7C5F9C580844910C6D49ACB512E9988307B46ECAFCD07F3","4"
"record_balanced_original_rule","20260625","DB6023577266D822EE30F61EBDAAE903E90873B5C7E6B878BC88B989B3743FD1","rbv01_0213C5737861DD256119EF44D45CD1CECAF08BA1B29FE2AD47F7CEE0237AF618","0"
"record_balanced_original_rule","20260625","DBA2A9C9D31BBDEE4AE615AEF05DF801FFDE8D783038511D8418A5C2E4CC3D95","rbv01_2358EC0C12B602E4B7C5F9C580844910C6D49ACB512E9988307B46ECAFCD07F3","4"
"record_balanced_original_rule","20260625","DBB57993260E834EEB15A6981BC9455910A500A218B017DC99086C49926EFC0F","rbv01_0213C5737861DD256119EF44D45CD1CECAF08BA1B29FE2AD47F7CEE0237AF618","0"
"record_balanced_original_rule","20260625","DBD36E2A9E31A331706778808DC745B01B0DBC84928ED659EB39552DB66DA217","rbv01_011B84DDF86961F6053ED2B20908582AF6425C6EFA13305F705F7C498093367C","1"
"record_balanced_original_rule","20260625","DBFD188359B33E344DD3575A7FEF9ACF1FE1390ADC5DEB18F272F2F5BDAA24ED","rbv01_0213C5737861DD256119EF44D45CD1CECAF08BA1B29FE2AD47F7CEE0237AF618","0"
"record_balanced_original_rule","20260625","DD08863B15193FDE15029C5261CACE0781A9916CCB5F23922150C5D4FE02F260","rbv01_0213C5737861DD256119EF44D45CD1CECAF08BA1B29FE2AD47F7CEE0237AF618","0"
"record_balanced_original_rule","20260625","DD237E2522897A78EE430D05C0E17F80DAB09F45409397155B2F4D6F0180BD38","rbv01_0E9E0FC3E20BED0F32C5DF6A0164CCE77E206A06E5378ED855756B22A2C4F6E6","3"
"record_balanced_original_rule","20260625","DD2B23F31F967DE66B35A226C6484F84D8C8B41422EFD1B367744CB15F6994A2","rbv01_011B84DDF86961F6053ED2B20908582AF6425C6EFA13305F705F7C498093367C","1"
"record_balanced_original_rule","20260625","DD43E02D5CA778418A9767334CB836741E66B9EDA031AABEF626981151956467","rbv01_0E9E0FC3E20BED0F32C5DF6A0164CCE77E206A06E5378ED855756B22A2C4F6E6","3"
"record_balanced_original_rule","20260625","DD77BDEE41FF5C34708DFDFC7BF2008446A368436BAE00A79365E4C128EA8115","rbv01_24E94D68923D29AEF856F56175B9FAD71A2143AB1D61B0C7F522B1582143C11A","2"
"record_balanced_original_rule","20260625","DD9C57CC0BAB03835D7B5AC7D53B279083E442C737B89715F25C16F8CF8F1062","rbv01_046276E5E1EC434CD47FE2E1D4137204B7C79D59E90B81B5BFE9A77BC6C0BB54","2"
"record_balanced_original_rule","20260625","DD9F868A6C11AA8C89B38F17D42235636C77D51D167C7E6AFA3730C56D7C3EDC","rbv01_0213C5737861DD256119EF44D45CD1CECAF08BA1B29FE2AD47F7CEE0237AF618","0"
"record_balanced_original_rule","20260625","DE1D8D245C904B68CE8DB1516D102D16665289744931A79E20BB0A19C281B686","rbv01_011B84DDF86961F6053ED2B20908582AF6425C6EFA13305F705F7C498093367C","1"
"record_balanced_original_rule","20260625","DE3FF391F564658A93C91EFAB17A175894DB6BD3F0556331B9BD27487F2182C0","rbv01_0213C5737861DD256119EF44D45CD1CECAF08BA1B29FE2AD47F7CEE0237AF618","0"
"record_balanced_original_rule","20260625","DE7E5E6899137CAE9A7B199C673ADA5A612E1CECA597A88314B667187065F2EF","rbv01_0213C5737861DD256119EF44D45CD1CECAF08BA1B29FE2AD47F7CEE0237AF618","0"
"record_balanced_original_rule","20260625","DE98A651F2CEC87FC16A85CB4A8B80AE87F912EAE31F37D6A85779DB84F16BAB","rbv01_1A2E259AFB28A34C9C6E003C355FAC70F5755F63B27530053ACE4BA8A31F3C72","4"
"record_balanced_original_rule","20260625","DF31E0615B70C788DF08D4776C884DAF966C77010327E24F6E56F6C14028749B","rbv01_046276E5E1EC434CD47FE2E1D4137204B7C79D59E90B81B5BFE9A77BC6C0BB54","2"
"record_balanced_original_rule","20260625","DF47C97CA253340A9C8F0B691ABBEB76888CAA31AC1A5B6F06316E765E8C723C","rbv01_021729FAD057771AC5A3F59730477FE06019418FF0104B829F6E153E2D91134D","3"
"record_balanced_original_rule","20260625","E05B384AA51098E63B9810C8BD7D222243A0FB3A4150AE91000A4CD1C1FCDF91","rbv01_0213C5737861DD256119EF44D45CD1CECAF08BA1B29FE2AD47F7CEE0237AF618","0"
"record_balanced_original_rule","20260625","E09E57623295975B73F78759CA10BA593AAA8CCFFF9747860916DFD6ED4EEAF1","rbv01_0C68AE2824568C19A46D2947C2D1EB95DFE6E72AF600B3275A62492DFFF69BF3","3"
"record_balanced_original_rule","20260625","E0CD3670928525AE106B3A06A885DD15FFDEEB9E442A6018F1D73685A2B3691D","rbv01_0213C5737861DD256119EF44D45CD1CECAF08BA1B29FE2AD47F7CEE0237AF618","0"
"record_balanced_original_rule","20260625","E212D9F79128ABBB96EDDFE468D758EC2D427AE831F5B6BCD7B5704593191D39","rbv01_011B84DDF86961F6053ED2B20908582AF6425C6EFA13305F705F7C498093367C","1"
"record_balanced_original_rule","20260625","E22A0AD26EC5BA655AB29225AF2AFF772CFB634720145D73A5F019FA5C631AEB","rbv01_011B84DDF86961F6053ED2B20908582AF6425C6EFA13305F705F7C498093367C","1"
"record_balanced_original_rule","20260625","E246B7CEABA27350D6B2CA1E4F0576FF64672859ECF9744F48BBD0F5BF91A1A5","rbv01_08EC8F274B3390CA9A557C1810F52FE38EAF9404CF035F8A1D70A5AAAFA3EA60","2"
"record_balanced_original_rule","20260625","E25170032897207B1D57B8514E9D800005F4BB30800E0E35C3D0215346D1A7D7","rbv01_0E9E0FC3E20BED0F32C5DF6A0164CCE77E206A06E5378ED855756B22A2C4F6E6","3"
"record_balanced_original_rule","20260625","E2CA78A0D54B2D21E7AED63C7DBB74EBA59843F56C20E28B03BBF2123A9393AA","rbv01_011B84DDF86961F6053ED2B20908582AF6425C6EFA13305F705F7C498093367C","1"
"record_balanced_original_rule","20260625","E359383FC1A17609E2FA8EE2F11DACBE69125625A6D74F830BD6719073F2B818","rbv01_3944733A0CAA861AE1BF7F69E83315DFE9AC8D1B7B910FB105834A8D8DA25040","1"
"record_balanced_original_rule","20260625","E36F6BE8491D1F802A89DD02BDFF97453211E5A8D6E05D550249FDD5C731CE4F","rbv01_011B84DDF86961F6053ED2B20908582AF6425C6EFA13305F705F7C498093367C","1"
"record_balanced_original_rule","20260625","E41FAE599EE5F8E24A25B1C83349FE69114C135F269932E570B90FCB7E0C2067","rbv01_2358EC0C12B602E4B7C5F9C580844910C6D49ACB512E9988307B46ECAFCD07F3","4"
"record_balanced_original_rule","20260625","E42CAD3DF4347CF86E39E6ACB7DB9CEA77E4BDFAF49C1929FD4E269016E868E3","rbv01_0213C5737861DD256119EF44D45CD1CECAF08BA1B29FE2AD47F7CEE0237AF618","0"
"record_balanced_original_rule","20260625","E451F3923EC19618AAF9955AA563AAB2168BD9782BB49DCF90BFB2071402A6F8","rbv01_0213C5737861DD256119EF44D45CD1CECAF08BA1B29FE2AD47F7CEE0237AF618","0"
"record_balanced_original_rule","20260625","E46DD288B55473137F64F755EC58FC90D4A061519DBBB27F6035515B542CB2D8","rbv01_0213C5737861DD256119EF44D45CD1CECAF08BA1B29FE2AD47F7CEE0237AF618","0"
"record_balanced_original_rule","20260625","E49323691B55FCB332DDAB0DA6B6E5DE29C81416064B2F0BA210067FE0BAC637","rbv01_021729FAD057771AC5A3F59730477FE06019418FF0104B829F6E153E2D91134D","3"
"record_balanced_original_rule","20260625","E4B56AC396D6047F5BBD1565C8D6818F58334D941EC5EB060A454DD96A17C4CB","rbv01_011B84DDF86961F6053ED2B20908582AF6425C6EFA13305F705F7C498093367C","1"
"record_balanced_original_rule","20260625","E4DB8A3060E5F8D3D98602DCFA684F69561C0EFA5E4A0E072DAE34184F3D35A4","rbv01_0213C5737861DD256119EF44D45CD1CECAF08BA1B29FE2AD47F7CEE0237AF618","0"
"record_balanced_original_rule","20260625","E521C231C9D763DF15BA4FEFE0A7C20B41AF6AC72FEBB9C63218D37B3E0071C0","rbv01_08EC8F274B3390CA9A557C1810F52FE38EAF9404CF035F8A1D70A5AAAFA3EA60","2"
"record_balanced_original_rule","20260625","E59F36CD18A8FDEF11D6C01D78BE7CB10B8E1495BB0D296A840FB29A8E5763A4","rbv01_0E9E0FC3E20BED0F32C5DF6A0164CCE77E206A06E5378ED855756B22A2C4F6E6","3"
"record_balanced_original_rule","20260625","E5E3891D7FB2DC9C566D9093F6E554EA58C01D97636B7CDB94AFC78C059F2032","rbv01_054201B2ED3ADADFBB0028C07B1A262219631DC717FDE4862C42583AB67D10C2","1"
"record_balanced_original_rule","20260625","E67B8C903A50C6CF124FCA8E4B7FC3CB99181BDB0B8A1E0BC550A90BE0C0C45E","rbv01_011B84DDF86961F6053ED2B20908582AF6425C6EFA13305F705F7C498093367C","1"
"record_balanced_original_rule","20260625","E67EF7B4DD462A33D35355EF7A3B8B1413801E90CF90CABEFA677A0E0630A89B","rbv01_1A2E259AFB28A34C9C6E003C355FAC70F5755F63B27530053ACE4BA8A31F3C72","4"
"record_balanced_original_rule","20260625","E69D195B4230DAB213A806B90B115D0D7B3968D14B4BAD7EB4B49FB15D950D35","rbv01_0DA9CA625518CEB3C5B20C7295004FB7CDC5BC108FF93282C63467286DA188EB","4"
"record_balanced_original_rule","20260625","E6DBF5237E90E59E4E6CD74FAB6724E4A33E94B3A100AE58EFC87F2BE93BB6E4","rbv01_2358EC0C12B602E4B7C5F9C580844910C6D49ACB512E9988307B46ECAFCD07F3","4"
"record_balanced_original_rule","20260625","E6F94AE5F02D685DECBDDC51F6B172CB4983966F7071806E9C0360047EDABB66","rbv01_08EC8F274B3390CA9A557C1810F52FE38EAF9404CF035F8A1D70A5AAAFA3EA60","2"
"record_balanced_original_rule","20260625","E729E263CDF3C7F543B6A3494DFA83EF957EC307AE57986DDA986B57DB0D91BB","rbv01_2358EC0C12B602E4B7C5F9C580844910C6D49ACB512E9988307B46ECAFCD07F3","4"
"record_balanced_original_rule","20260625","E76BF31B3CE6ED8BC178BD526D9A95DCD2CC48FCBD9ECD1D90EE39541DFF27A7","rbv01_011B84DDF86961F6053ED2B20908582AF6425C6EFA13305F705F7C498093367C","1"
"record_balanced_original_rule","20260625","E799598E768E10ADAFD31DC1D715EEF99376FECD6F35911799BD3970EF21E2A9","rbv01_0C68AE2824568C19A46D2947C2D1EB95DFE6E72AF600B3275A62492DFFF69BF3","3"
"record_balanced_original_rule","20260625","E79B26F30D235E537051B7412C1787AB5A29BC05CD4FD561E3D12C0659247041","rbv01_011B84DDF86961F6053ED2B20908582AF6425C6EFA13305F705F7C498093367C","1"
"record_balanced_original_rule","20260625","E7B8602606CC99C6CC616DB2C94A77210052458B2D91A5DC1A809DAF369F01F1","rbv01_011B84DDF86961F6053ED2B20908582AF6425C6EFA13305F705F7C498093367C","1"
"record_balanced_original_rule","20260625","E847CA3AA584CF46562C4C10D0A89CF1C89A16A42896F4FC74BA1CA1C5B78344","rbv01_011D932A057B34C28A553A7C900731E1D7B1E42FD9312A7495A3DF8ECA2AF3C9","4"
"record_balanced_original_rule","20260625","E849CE78D91B1766FEFD3FD7C6D99088CB84710ED932C712463811303A85095E","rbv01_021729FAD057771AC5A3F59730477FE06019418FF0104B829F6E153E2D91134D","3"
"record_balanced_original_rule","20260625","E8592CB96C2B3DEC8133ADD6E91CA773892E79E1DA43CE38BAD57634C99EAB5F","rbv01_011B84DDF86961F6053ED2B20908582AF6425C6EFA13305F705F7C498093367C","1"
"record_balanced_original_rule","20260625","E8F835A38BA16A59A738591A2E589BA63BFD707AD4E62E659FB82FC98E1172D3","rbv01_2358EC0C12B602E4B7C5F9C580844910C6D49ACB512E9988307B46ECAFCD07F3","4"
"record_balanced_original_rule","20260625","E907D01B340E5320A6505866BABF1382F2B0EFCEFB644780748158FF4EE73A43","rbv01_25A206590D1048D18147FD26B701861897281071258782AED6A00779FFF7210A","1"
"record_balanced_original_rule","20260625","E95AD3BB879ECB09299C1F8976ADCB63A2137E77E02FF300135252641AF0B52A","rbv01_0DA9CA625518CEB3C5B20C7295004FB7CDC5BC108FF93282C63467286DA188EB","4"
"record_balanced_original_rule","20260625","EACC6C6EFC26ADDCDB4F96FA097950C4623D9F2C764D217A0A52EB0AF77C11F6","rbv01_021729FAD057771AC5A3F59730477FE06019418FF0104B829F6E153E2D91134D","3"
"record_balanced_original_rule","20260625","EAD9C9CB1D434C72D4A78ED36BEA28F0724C014AD887E51E501DC55B5E096606","rbv01_021729FAD057771AC5A3F59730477FE06019418FF0104B829F6E153E2D91134D","3"
"record_balanced_original_rule","20260625","EAED8AB4DD40DD10F50904618EB7150748A849D2A3C166B92D3A9C25EA18E4E6","rbv01_011B84DDF86961F6053ED2B20908582AF6425C6EFA13305F705F7C498093367C","1"
"record_balanced_original_rule","20260625","EB3B7F5B9E7CC8B3E7467913F998E6CDEC3A0553C95B8A9A0D7517C7FCF2435F","rbv01_0213C5737861DD256119EF44D45CD1CECAF08BA1B29FE2AD47F7CEE0237AF618","0"
"record_balanced_original_rule","20260625","EB5E7CB4EF87D291D7C1438CAC1D5AEAE3596577CF3AD6BE61F08AC99D5C324A","rbv01_0213C5737861DD256119EF44D45CD1CECAF08BA1B29FE2AD47F7CEE0237AF618","0"
"record_balanced_original_rule","20260625","EBD1208A158A14AA0CA7A21B7118FFB8711F3F04724EBFC43831EABAD2BD13C5","rbv01_0213C5737861DD256119EF44D45CD1CECAF08BA1B29FE2AD47F7CEE0237AF618","0"
"record_balanced_original_rule","20260625","EBD5D6705380112DC6346FF9BDEDE4A025EED3D14B81AFB5EF6A2A1842B037DD","rbv01_2358EC0C12B602E4B7C5F9C580844910C6D49ACB512E9988307B46ECAFCD07F3","4"
"record_balanced_original_rule","20260625","EC79577A9CED78FB22E68C932AEF96309581B5A8E273078603682FFA65BD7145","rbv01_2358EC0C12B602E4B7C5F9C580844910C6D49ACB512E9988307B46ECAFCD07F3","4"
"record_balanced_original_rule","20260625","EC93F9802477F1BEDACB39C6F85AA5B33C4F62697E1ADEBDC3D827D38C8F7121","rbv01_0213C5737861DD256119EF44D45CD1CECAF08BA1B29FE2AD47F7CEE0237AF618","0"
"record_balanced_original_rule","20260625","ED66BFD0BB747981271D06AAE546808BE69333C8F415A36265D48FFAD84384AE","rbv01_011B84DDF86961F6053ED2B20908582AF6425C6EFA13305F705F7C498093367C","1"
"record_balanced_original_rule","20260625","EE7A338842F10D2231287B6A699031F5493F4CEB5065979861CF8ADEDD808AB0","rbv01_011B84DDF86961F6053ED2B20908582AF6425C6EFA13305F705F7C498093367C","1"
"record_balanced_original_rule","20260625","EEAB11C775E2BD0A870D095471D87325125D88852F5EC45FEE87D1A3930721D9","rbv01_0213C5737861DD256119EF44D45CD1CECAF08BA1B29FE2AD47F7CEE0237AF618","0"
"record_balanced_original_rule","20260625","EF88F779209314CEC12600A1072E25EF52D938EBEBE9EE2506B6A8D5C421FB5E","rbv01_011B84DDF86961F6053ED2B20908582AF6425C6EFA13305F705F7C498093367C","1"
"record_balanced_original_rule","20260625","F01685EE0EB19C0DD9646956D33BE38F229C81AA2E15FDBB91E8CC16F58FB720","rbv01_25865A5FDDFF4A9F27EC5C10E5442A5D79D45CFAD482750F086BB81DD1C607F9","1"
"record_balanced_original_rule","20260625","F03B193C3BE69EA6F64919BF1E7FB76EFCE302A4EB30F8C248A1832AD3B8C668","rbv01_08EC8F274B3390CA9A557C1810F52FE38EAF9404CF035F8A1D70A5AAAFA3EA60","2"
"record_balanced_original_rule","20260625","F0B2B002D6A8D0BBB0F782A25E86170FBB4170670B6C445AB43EABA2B635D550","rbv01_01C322D9FB99669376EAE9C000289E1B0BF73B04313F3AF1BFE6D03B29E89068","3"
"record_balanced_original_rule","20260625","F0CAC88291CEAE0BB01D0CF7A1DA85A0648AB4997C7B375BDE06A457EC53B2EA","rbv01_2358EC0C12B602E4B7C5F9C580844910C6D49ACB512E9988307B46ECAFCD07F3","4"
"record_balanced_original_rule","20260625","F0CAD1D19912CDF05DD3B7A440D109EFDBAB59229E8E18AB5CC3303C71A471CA","rbv01_011B84DDF86961F6053ED2B20908582AF6425C6EFA13305F705F7C498093367C","1"
"record_balanced_original_rule","20260625","F0DC85694294ACEBD7428FEA7C0261ECAA2539C511BA650A203BCDBBEF7FB4DC","rbv01_2358EC0C12B602E4B7C5F9C580844910C6D49ACB512E9988307B46ECAFCD07F3","4"
"record_balanced_original_rule","20260625","F11400F7F4FA7E0DED93B856E7450804ABBE797955B86343FA298EE405CF7204","rbv01_011D932A057B34C28A553A7C900731E1D7B1E42FD9312A7495A3DF8ECA2AF3C9","4"
"record_balanced_original_rule","20260625","F14CC222548E3305375C273EE2B72C2FCDEEA8A809C4CCEE2A399E0EB795B6EB","rbv01_011B84DDF86961F6053ED2B20908582AF6425C6EFA13305F705F7C498093367C","1"
"record_balanced_original_rule","20260625","F16C18FFAE8C822002C99716227E855DBAAD773A0A513CC851D39C5E481E473D","rbv01_2358EC0C12B602E4B7C5F9C580844910C6D49ACB512E9988307B46ECAFCD07F3","4"
"record_balanced_original_rule","20260625","F187AF7A43C17C67D1C7793135299E6DB0CDFCF1E647667C56F864D73C0BB201","rbv01_0213C5737861DD256119EF44D45CD1CECAF08BA1B29FE2AD47F7CEE0237AF618","0"
"record_balanced_original_rule","20260625","F295A4F51A74A27B6635093B8289BFF8675FE24FE25DBFA1A4A560E788F703C5","rbv01_0213C5737861DD256119EF44D45CD1CECAF08BA1B29FE2AD47F7CEE0237AF618","0"
"record_balanced_original_rule","20260625","F30EF3CB2921DBFA99702A66F2DEE1A3FA5A523754A66C3D77DD7FE92AD303B9","rbv01_011B84DDF86961F6053ED2B20908582AF6425C6EFA13305F705F7C498093367C","1"
"record_balanced_original_rule","20260625","F31311258B667003D4EDCE890972EF97DF4DFFD48319476991DE54DBB24C3ABF","rbv01_011B84DDF86961F6053ED2B20908582AF6425C6EFA13305F705F7C498093367C","1"
"record_balanced_original_rule","20260625","F377EFC88EA706578710A7532DCEEBCAD32E16B8273943E4064581AA68B3956A","rbv01_054201B2ED3ADADFBB0028C07B1A262219631DC717FDE4862C42583AB67D10C2","1"
"record_balanced_original_rule","20260625","F380C1D0F0BE41FB387A3673C899E3B17B7F7E14F60A5A00678C6D82E9890145","rbv01_2358EC0C12B602E4B7C5F9C580844910C6D49ACB512E9988307B46ECAFCD07F3","4"
"record_balanced_original_rule","20260625","F3E239B26E6C4E9B55AC237285042F1781DE27FACDFE22E9C5D457BE0ED720E1","rbv01_2358EC0C12B602E4B7C5F9C580844910C6D49ACB512E9988307B46ECAFCD07F3","4"
"record_balanced_original_rule","20260625","F430F9F661D17E82BB0DC3E1E046F632C96995394E004BC6187A2946A3CA4F65","rbv01_011B84DDF86961F6053ED2B20908582AF6425C6EFA13305F705F7C498093367C","1"
"record_balanced_original_rule","20260625","F44077F1BA2E3DEEFCB7542F47FE9A209E706C5D003B4FA060D51C7A2E6EA2A3","rbv01_021729FAD057771AC5A3F59730477FE06019418FF0104B829F6E153E2D91134D","3"
"record_balanced_original_rule","20260625","F457BAE664D63AC3B68FEC9CA67CC37D2FB49128FDA5966941E6A887C4BB41EE","rbv01_0213C5737861DD256119EF44D45CD1CECAF08BA1B29FE2AD47F7CEE0237AF618","0"
"record_balanced_original_rule","20260625","F49E9EB02EED5396F102904E0C01153B37693A90E749C404D5C9846200910D35","rbv01_021729FAD057771AC5A3F59730477FE06019418FF0104B829F6E153E2D91134D","3"
"record_balanced_original_rule","20260625","F4B0E02CEC2C0953AEF12ABC39DBBA3703D2903B55B1858787CA50AE75602F98","rbv01_0213C5737861DD256119EF44D45CD1CECAF08BA1B29FE2AD47F7CEE0237AF618","0"
"record_balanced_original_rule","20260625","F4BBD6ED0CE5EC5CEE9F8E3FEFA1D0D9FF86C85895F90BAEFD121A691F77495F","rbv01_021729FAD057771AC5A3F59730477FE06019418FF0104B829F6E153E2D91134D","3"
"record_balanced_original_rule","20260625","F4DA62C2584B1AD9DE0D1E0D6EBC0F71ABC8E47C7AB09FDC5FA4AF9E08D8B630","rbv01_011B84DDF86961F6053ED2B20908582AF6425C6EFA13305F705F7C498093367C","1"
"record_balanced_original_rule","20260625","F585779509DCFE6DBB066EE4E95A6A9E896DA92C286171D603A0ADDD6A39FAA9","rbv01_08EC8F274B3390CA9A557C1810F52FE38EAF9404CF035F8A1D70A5AAAFA3EA60","2"
"record_balanced_original_rule","20260625","F58A8AE9CB7DB7D22742C331C0FD6DA354EAD7072546F39B52C60A459CA03986","rbv01_0E9E0FC3E20BED0F32C5DF6A0164CCE77E206A06E5378ED855756B22A2C4F6E6","3"
"record_balanced_original_rule","20260625","F5A014D4F687B1729446CE99069C929ECCAFB33B445AD84188CB70E6A04E70D3","rbv01_2358EC0C12B602E4B7C5F9C580844910C6D49ACB512E9988307B46ECAFCD07F3","4"
"record_balanced_original_rule","20260625","F6F5619534ACCD143842C5D6D0954030D10BBAA372DCCDB686C1BCD6BE991AD0","rbv01_25865A5FDDFF4A9F27EC5C10E5442A5D79D45CFAD482750F086BB81DD1C607F9","1"
"record_balanced_original_rule","20260625","F709BCA568A8B479D1087066441C6C5E49BDE0FBAFAB4E4B85015284AA52F5A0","rbv01_011B84DDF86961F6053ED2B20908582AF6425C6EFA13305F705F7C498093367C","1"
"record_balanced_original_rule","20260625","F70E24E2CB23AC54AD78A5AEAE85811520F847B43A980259BF9F5ECF47CC6F1B","rbv01_2358EC0C12B602E4B7C5F9C580844910C6D49ACB512E9988307B46ECAFCD07F3","4"
"record_balanced_original_rule","20260625","F740D0B53A6EC0ABAE92AF2B982DFC66B74AE55745D1F842889E7BA0149D8456","rbv01_0213C5737861DD256119EF44D45CD1CECAF08BA1B29FE2AD47F7CEE0237AF618","0"
"record_balanced_original_rule","20260625","F74B8BBB48804FE6A03FDB4A8565A5D73A3E2F636CEB8BC92988F3BEE90FEFE5","rbv01_046276E5E1EC434CD47FE2E1D4137204B7C79D59E90B81B5BFE9A77BC6C0BB54","2"
"record_balanced_original_rule","20260625","F78D4892F33EA3D77BF3C44AE98AB5A6B46F842FF55F130B07FE40788BBC7FC8","rbv01_0213C5737861DD256119EF44D45CD1CECAF08BA1B29FE2AD47F7CEE0237AF618","0"
"record_balanced_original_rule","20260625","F7B5DA08731CF10F7D2792354A55B0DE6F6A339192ADFC0A154C3B2956391A55","rbv01_054201B2ED3ADADFBB0028C07B1A262219631DC717FDE4862C42583AB67D10C2","1"
"record_balanced_original_rule","20260625","F84EEB82887882FC4BA964AEEAC0BACFDD8513433A8B7A7299E24ED61C232891","rbv01_2358EC0C12B602E4B7C5F9C580844910C6D49ACB512E9988307B46ECAFCD07F3","4"
"record_balanced_original_rule","20260625","F88640F5DCBD5D3A26A26BF6EEC6585F9D3A1993E4930A0DB40108959A0C82A2","rbv01_011B84DDF86961F6053ED2B20908582AF6425C6EFA13305F705F7C498093367C","1"
"record_balanced_original_rule","20260625","F8FAEB030F071884D0A649C8B108B8D3A23562183B65542520CFBA7AF197ACAC","rbv01_0E9E0FC3E20BED0F32C5DF6A0164CCE77E206A06E5378ED855756B22A2C4F6E6","3"
"record_balanced_original_rule","20260625","F9167BA4685385948265C3731DF67DF9467583BB00A7CE933D762D797333E176","rbv01_046276E5E1EC434CD47FE2E1D4137204B7C79D59E90B81B5BFE9A77BC6C0BB54","2"
"record_balanced_original_rule","20260625","F91EF2F1BD8F6CDAD0CF2E8D9DB599DBE47CE4BEB456463390D50C3A4FBD0B4B","rbv01_021729FAD057771AC5A3F59730477FE06019418FF0104B829F6E153E2D91134D","3"
"record_balanced_original_rule","20260625","F97E52A1E4556D07496985B3751E448187EEFD8F0453F65F30D7FAABEE2BAC3F","rbv01_011B84DDF86961F6053ED2B20908582AF6425C6EFA13305F705F7C498093367C","1"
"record_balanced_original_rule","20260625","F9C035AA109B2016912A10547344C6DFD1DC126587947383C4DA9DC73869B667","rbv01_0213C5737861DD256119EF44D45CD1CECAF08BA1B29FE2AD47F7CEE0237AF618","0"
"record_balanced_original_rule","20260625","FA1CC46F67C819BE723E7F223F7690E4209B11AFCD15729CDC71001ADE61CF33","rbv01_011B84DDF86961F6053ED2B20908582AF6425C6EFA13305F705F7C498093367C","1"
"record_balanced_original_rule","20260625","FB6339F8EA2586473CC51D79E47812F268DF7A1AC07C811FB102F341C8B8D43F","rbv01_0213C5737861DD256119EF44D45CD1CECAF08BA1B29FE2AD47F7CEE0237AF618","0"
"record_balanced_original_rule","20260625","FBF06F11A5D12FFD9C385CE277EAB6552559F0601AAA95FC5FD32F236FE74AB1","rbv01_0213C5737861DD256119EF44D45CD1CECAF08BA1B29FE2AD47F7CEE0237AF618","0"
"record_balanced_original_rule","20260625","FC3F636B8D198EA4C66A891839DED57390277B3F380DDFB5EA77560EFBB1BD12","rbv01_011B84DDF86961F6053ED2B20908582AF6425C6EFA13305F705F7C498093367C","1"
"record_balanced_original_rule","20260625","FCA6CA0763A713AEAA8D64BD0FDF68D64278BE9768B70DDD85DEA98CB882DA3A","rbv01_011B84DDF86961F6053ED2B20908582AF6425C6EFA13305F705F7C498093367C","1"
"record_balanced_original_rule","20260625","FD02C6E1A151E899A82BD383E68F0C57535147BBAD1BD003B076FC91C6DE2F1D","rbv01_0213C5737861DD256119EF44D45CD1CECAF08BA1B29FE2AD47F7CEE0237AF618","0"
"record_balanced_original_rule","20260625","FD2A67DB5DBFCE1119ED6DA8AAA7080AEC87BA71DD667D34900C9EA1F8717A94","rbv01_011B84DDF86961F6053ED2B20908582AF6425C6EFA13305F705F7C498093367C","1"
"record_balanced_original_rule","20260625","FDC4A1724EF8C8310B38F1DDEA1830C32D52BBDCA16ED19B3DFD7B886D426393","rbv01_011B84DDF86961F6053ED2B20908582AF6425C6EFA13305F705F7C498093367C","1"
"record_balanced_original_rule","20260625","FE7E457D1FA1B92F5EB71CE3093E1AFEB7F05966F0A10FC4A6117935D0D38277","rbv01_2358EC0C12B602E4B7C5F9C580844910C6D49ACB512E9988307B46ECAFCD07F3","4"
"record_balanced_original_rule","20260625","FF46ACB35DE2EBD6070C33FD19C74B0C1C7DFCE72F99C941F8CBA4014383507C","rbv01_2358EC0C12B602E4B7C5F9C580844910C6D49ACB512E9988307B46ECAFCD07F3","4"
"record_balanced_original_rule","20260625","FF7F0D5F0DF2E16DD4F9E8664948BC0DAB0D56755C6CFEC5B9E8ADC917E519EC","rbv01_0213C5737861DD256119EF44D45CD1CECAF08BA1B29FE2AD47F7CEE0237AF618","0"
"record_balanced_original_rule","20260625","FF9369ACF81A4151507DE6E6C19F1FFBAE2DD4A1B7E4814C1510605772392A03","rbv01_0213C5737861DD256119EF44D45CD1CECAF08BA1B29FE2AD47F7CEE0237AF618","0"
"record_balanced_original_rule","20260625","FFCBAA39118035145336D605EDCD6D8C0473CF8322314073B3C1237AC0DBC040","rbv01_054201B2ED3ADADFBB0028C07B1A262219631DC717FDE4862C42583AB67D10C2","1"
"record_balanced_original_rule","20260625","FFE63753BF3015A508A3F98FBE19E5EB31E85A995E234A9C4E4F36D7C522CA6F","rbv01_011B84DDF86961F6053ED2B20908582AF6425C6EFA13305F705F7C498093367C","1"
"record_balanced_original_rule","20260626","0061FDD63A9589E0F8DE63C14158AE0D7C2EFEA3B015661DFE818A0E19A9B3BA","rbv01_021729FAD057771AC5A3F59730477FE06019418FF0104B829F6E153E2D91134D","3"
"record_balanced_original_rule","20260626","0080E6935843F863371E22F1CED37652FDA5B361294A300C303F6F705AA482B4","rbv01_054201B2ED3ADADFBB0028C07B1A262219631DC717FDE4862C42583AB67D10C2","1"
"record_balanced_original_rule","20260626","01173CA8D64B41CA73353EABAA22D6075C16661C4227663F22DD9506467B1F95","rbv01_08EC8F274B3390CA9A557C1810F52FE38EAF9404CF035F8A1D70A5AAAFA3EA60","2"
"record_balanced_original_rule","20260626","015160EA6BB4FCD3BB38609CAD7C88EE690FF803C17973E56817138E36218C8B","rbv01_4A6CDC7218F267E114B083B225FC435EA4AECE9A8307DC39925FE5F442FDB97A","4"
"record_balanced_original_rule","20260626","01732DDCA3B8093BB6CE8F49ECEED5DECEEFFAA9A4A41C13D60DF0A753765CC7","rbv01_0213C5737861DD256119EF44D45CD1CECAF08BA1B29FE2AD47F7CEE0237AF618","0"
"record_balanced_original_rule","20260626","01B62D200C27D3EC84F62AAEC723BD902A8BBD3E6E87C93AAB51CEE8969C529F","rbv01_0213C5737861DD256119EF44D45CD1CECAF08BA1B29FE2AD47F7CEE0237AF618","0"
"record_balanced_original_rule","20260626","01D427590EE36074DCC8FCB945C46BD0191C8A1B7F383BEB6FA7D98BF5206463","rbv01_0213C5737861DD256119EF44D45CD1CECAF08BA1B29FE2AD47F7CEE0237AF618","0"
"record_balanced_original_rule","20260626","0224624C74589B7009210AB854F93613FBED5F4AC0208DEB5E6B4BEBC86DA932","rbv01_0213C5737861DD256119EF44D45CD1CECAF08BA1B29FE2AD47F7CEE0237AF618","0"
"record_balanced_original_rule","20260626","022F25D57529CF917A393BB2086AF70DA919073F900F4C6110D0FD616DDC1712","rbv01_08EC8F274B3390CA9A557C1810F52FE38EAF9404CF035F8A1D70A5AAAFA3EA60","2"
"record_balanced_original_rule","20260626","02B6DB525CB4AE3736D1536DC884F9D70D6C680F4F6D892EA7B8533A29FD0CA7","rbv01_0E9E0FC3E20BED0F32C5DF6A0164CCE77E206A06E5378ED855756B22A2C4F6E6","3"
"record_balanced_original_rule","20260626","02C713D01C5A665E383BD56BABA3CFC71A046A7666C95067906781F03470DC70","rbv01_011B84DDF86961F6053ED2B20908582AF6425C6EFA13305F705F7C498093367C","1"
"record_balanced_original_rule","20260626","02C825DDCFAB00225FFF41D33B28B73D12DB6961A655473C157555F7555FD637","rbv01_011B84DDF86961F6053ED2B20908582AF6425C6EFA13305F705F7C498093367C","1"
"record_balanced_original_rule","20260626","02CA4F8686BFB39493A0D903E1F41376CCCD09E06FAA21EEE8EAE01A6ED7E8EB","rbv01_0213C5737861DD256119EF44D45CD1CECAF08BA1B29FE2AD47F7CEE0237AF618","0"
"record_balanced_original_rule","20260626","02E1A4918E4B7ACF5DB0D5D0425AD147327344CB0367E980423E8D7374778A80","rbv01_0213C5737861DD256119EF44D45CD1CECAF08BA1B29FE2AD47F7CEE0237AF618","0"
"record_balanced_original_rule","20260626","04201813CB5EB8C43055740E1BC8C61D5BDA8DF6B16DA79A004D1A430F22119E","rbv01_046276E5E1EC434CD47FE2E1D4137204B7C79D59E90B81B5BFE9A77BC6C0BB54","2"
"record_balanced_original_rule","20260626","04931D25C1F44AB449179B7B97D5C80EA07F9438A95F6042D248E6EC0543AAA5","rbv01_0213C5737861DD256119EF44D45CD1CECAF08BA1B29FE2AD47F7CEE0237AF618","0"
"record_balanced_original_rule","20260626","04E6F7AFFB70291035C0698755DAE72AF8E7F2BBD25CB3117EBB6720069B212A","rbv01_054201B2ED3ADADFBB0028C07B1A262219631DC717FDE4862C42583AB67D10C2","1"
"record_balanced_original_rule","20260626","05468E4407395D15B86B9118FC2220FEE75CE3D6644C2E8FA84BAFF7AAC9ABCC","rbv01_046276E5E1EC434CD47FE2E1D4137204B7C79D59E90B81B5BFE9A77BC6C0BB54","2"
"record_balanced_original_rule","20260626","056447EAE83F22AEDB8B0E70EAC23727D3F402A7C366B66179822FBA94ECB519","rbv01_25A206590D1048D18147FD26B701861897281071258782AED6A00779FFF7210A","1"
"record_balanced_original_rule","20260626","05D102CFE0A022959182E3697C6FDBF4B37F7484322D1EA1176266C07C283D80","rbv01_011B84DDF86961F6053ED2B20908582AF6425C6EFA13305F705F7C498093367C","1"
"record_balanced_original_rule","20260626","05FEAE50B99BB6C53EBDD01604C3ACD41F0E0CAC9C82C968B701399113482864","rbv01_0213C5737861DD256119EF44D45CD1CECAF08BA1B29FE2AD47F7CEE0237AF618","0"
"record_balanced_original_rule","20260626","062C0B673690BF10490C581B0E6D60D44DA32B58E9EEA8F9E9BFC908D240C50C","rbv01_011B84DDF86961F6053ED2B20908582AF6425C6EFA13305F705F7C498093367C","1"
"record_balanced_original_rule","20260626","06AD68D1F58A1F9A422A033615D43879250C8F791DB0044B4B6F93E934B8D78A","rbv01_0A5AC21E5BA740588E2CBBCCF2F521223BEEC9FB27076F153A79601562B5DA7C","2"
"record_balanced_original_rule","20260626","0714EEE54C60B77E1C5F77EF006913ED2AA6140C698EEFF6A3F9B2430E2F98D5","rbv01_2358EC0C12B602E4B7C5F9C580844910C6D49ACB512E9988307B46ECAFCD07F3","4"
"record_balanced_original_rule","20260626","07D9F2B8743D65E2F6CA53F411B44C777D6DCBD6BA2B422D1AF5CF9A6957548D","rbv01_011B84DDF86961F6053ED2B20908582AF6425C6EFA13305F705F7C498093367C","1"
"record_balanced_original_rule","20260626","0819A80095FC07750FDAB70005323B69F9A3D5E6E409E7799432EB36F861CF18","rbv01_021729FAD057771AC5A3F59730477FE06019418FF0104B829F6E153E2D91134D","3"
"record_balanced_original_rule","20260626","08EB3F7B1EB1462E0CF9408933A5A5BE353E25FFE10DE7E129600A4ECDB8897F","rbv01_0213C5737861DD256119EF44D45CD1CECAF08BA1B29FE2AD47F7CEE0237AF618","0"
"record_balanced_original_rule","20260626","090FD6127F49544702933BCDD1372A4A75D44F60166DAACD9A38C82AE9C55B5C","rbv01_011B84DDF86961F6053ED2B20908582AF6425C6EFA13305F705F7C498093367C","1"
"record_balanced_original_rule","20260626","09A9D5AF92B12CA7837DB8B0E7908602292F6BB5F1DF590D1A2F67804882F3B2","rbv01_147C763D2DD7A735DC5DA68C31ECD7579510C8C8494E1BBB99D46B386B713D84","3"
"record_balanced_original_rule","20260626","0A63D723E907E4CCC98B812AA979CE73F104DCE8A42593682368DB168708E790","rbv01_0213C5737861DD256119EF44D45CD1CECAF08BA1B29FE2AD47F7CEE0237AF618","0"
"record_balanced_original_rule","20260626","0A66FD35432B3AC8C144F906DC2DF169F8DE2B1BBDFA5FB7C68BA571FC315EFA","rbv01_011B84DDF86961F6053ED2B20908582AF6425C6EFA13305F705F7C498093367C","1"
"record_balanced_original_rule","20260626","0A6A3B9DF47CC0D7F144ACC201811B1B4F630DF24952B02D1F7C7C97C89E482C","rbv01_011B84DDF86961F6053ED2B20908582AF6425C6EFA13305F705F7C498093367C","1"
"record_balanced_original_rule","20260626","0AC0C2BA7EC6F63B9029A78A263020D48A9AC21B2045F772008B896030BAFD8B","rbv01_0213C5737861DD256119EF44D45CD1CECAF08BA1B29FE2AD47F7CEE0237AF618","0"
"record_balanced_original_rule","20260626","0AD6A6F712BEF991034FD0EFA0A9FA8B16771CFE2434F42CB8F21B9D5B62CFCD","rbv01_0213C5737861DD256119EF44D45CD1CECAF08BA1B29FE2AD47F7CEE0237AF618","0"
"record_balanced_original_rule","20260626","0B0BE09EDE55A9B7EDAF27D24BB8801F04E4B730E81C443A9C62F47568950556","rbv01_0213C5737861DD256119EF44D45CD1CECAF08BA1B29FE2AD47F7CEE0237AF618","0"
"record_balanced_original_rule","20260626","0B2710EEFB0AEC9086720EAF19889112AB4CA3AC4D214E588555896F9D8DA6E9","rbv01_0213C5737861DD256119EF44D45CD1CECAF08BA1B29FE2AD47F7CEE0237AF618","0"
"record_balanced_original_rule","20260626","0B619E42C58E8800FA3F72CFE0F9A7038FEEA8ECBA4F3368C19810B77810EE8F","rbv01_0213C5737861DD256119EF44D45CD1CECAF08BA1B29FE2AD47F7CEE0237AF618","0"
"record_balanced_original_rule","20260626","0BEAB251B21B2F18803E2FBE3B2A1D288CE897FF912456D7BDEDB3749D6E9CFF","rbv01_0213C5737861DD256119EF44D45CD1CECAF08BA1B29FE2AD47F7CEE0237AF618","0"
"record_balanced_original_rule","20260626","0C14522EA93737DE24B293D2AA8E87339EB2F7AF5ABF547B3B56383EB5F5FCDD","rbv01_0213C5737861DD256119EF44D45CD1CECAF08BA1B29FE2AD47F7CEE0237AF618","0"
"record_balanced_original_rule","20260626","0C66AF5E40E6CE895652A7CD8C9284B65F2E397DC44D0928BF1004DF4B9E035F","rbv01_0213C5737861DD256119EF44D45CD1CECAF08BA1B29FE2AD47F7CEE0237AF618","0"
"record_balanced_original_rule","20260626","0C7CF3DF946AD4342F127AF7D191006E5B360903329F960639B9944B267906F1","rbv01_0213C5737861DD256119EF44D45CD1CECAF08BA1B29FE2AD47F7CEE0237AF618","0"
"record_balanced_original_rule","20260626","0CAC64E3E0BE70E1A5156C24FE14C5B23C51F2365A93A57E72C91EA7C7E4226D","rbv01_147C763D2DD7A735DC5DA68C31ECD7579510C8C8494E1BBB99D46B386B713D84","3"
"record_balanced_original_rule","20260626","0CFAE359EAED8EF244CD77956D2072CE44EDB70DFE9CE147B9DD148A8F57E1E5","rbv01_011B84DDF86961F6053ED2B20908582AF6425C6EFA13305F705F7C498093367C","1"
"record_balanced_original_rule","20260626","0CFE81AB6FCD84E3B8A6D0DA25E64957E294A3B9F76569D17DEBE5A59079BF6E","rbv01_011B84DDF86961F6053ED2B20908582AF6425C6EFA13305F705F7C498093367C","1"
"record_balanced_original_rule","20260626","0D5A2B84CEB02895537AFA84D02B08F710DF7A01663C27226B426D4EAE944AF3","rbv01_0213C5737861DD256119EF44D45CD1CECAF08BA1B29FE2AD47F7CEE0237AF618","0"
"record_balanced_original_rule","20260626","0D67D5C42CB946C4A87DBE760DE0B5437E00DE21F8615056D9D8AA56472A876A","rbv01_0213C5737861DD256119EF44D45CD1CECAF08BA1B29FE2AD47F7CEE0237AF618","0"
"record_balanced_original_rule","20260626","0D93443DF310A9AE80A43C8AAA91E394CDE962B7C2D5CF9FCEDB145440AF25FD","rbv01_011B84DDF86961F6053ED2B20908582AF6425C6EFA13305F705F7C498093367C","1"
"record_balanced_original_rule","20260626","0E5E28FFD9434148C037DCCA9C6877C954984743A4233827C9C832E3E5FF8282","rbv01_2358EC0C12B602E4B7C5F9C580844910C6D49ACB512E9988307B46ECAFCD07F3","4"
"record_balanced_original_rule","20260626","0E81E63321C6654EB47112AB8183C3A6B26BFA621C72D4D2DC976093DA5098F2","rbv01_0213C5737861DD256119EF44D45CD1CECAF08BA1B29FE2AD47F7CEE0237AF618","0"
"record_balanced_original_rule","20260626","0EA2AEC3AD3F8A1EC1F6526878889864C8754B9F1BCE951794217960BF6A7CD4","rbv01_2358EC0C12B602E4B7C5F9C580844910C6D49ACB512E9988307B46ECAFCD07F3","4"
"record_balanced_original_rule","20260626","0EA65BF3B5524C7169D8E41D492FEBEDC1BA9944501015BC9F104D0F31BBD011","rbv01_2358EC0C12B602E4B7C5F9C580844910C6D49ACB512E9988307B46ECAFCD07F3","4"
"record_balanced_original_rule","20260626","0EDC8181C2F56D60DCEC9E4E7B5CE87A78B2FFE93B3FC3AFB734876895B877CA","rbv01_054201B2ED3ADADFBB0028C07B1A262219631DC717FDE4862C42583AB67D10C2","1"
"record_balanced_original_rule","20260626","0F375B0A05F0699CF150CC1AFA659D834292624FEEFE5E51A88BB9BF479C302B","rbv01_2358EC0C12B602E4B7C5F9C580844910C6D49ACB512E9988307B46ECAFCD07F3","4"
"record_balanced_original_rule","20260626","104B294F723B91F803E4D1E14AF7BB5CC2E06DEF0EF94FE1E2D35B604C334885","rbv01_011B84DDF86961F6053ED2B20908582AF6425C6EFA13305F705F7C498093367C","1"
"record_balanced_original_rule","20260626","1086711E2DE32294F5474F7EA5DF50FDF8F4B822AF0E444D546D7E93EBA698BC","rbv01_011B84DDF86961F6053ED2B20908582AF6425C6EFA13305F705F7C498093367C","1"
"record_balanced_original_rule","20260626","10B762A0564C2BAB9355996BE431C752FDE3FC687DCEDD14DB258BA9C376C937","rbv01_25A206590D1048D18147FD26B701861897281071258782AED6A00779FFF7210A","1"
"record_balanced_original_rule","20260626","10BE3A136C58AF9A893FDA05FC433CE090C472A5275312F7B7C54A80B4FEB174","rbv01_2358EC0C12B602E4B7C5F9C580844910C6D49ACB512E9988307B46ECAFCD07F3","4"
"record_balanced_original_rule","20260626","10BEBB4C92A70B6B3A97CE3CEE1678819FFC9D4E106D5677E502481B5296383F","rbv01_021729FAD057771AC5A3F59730477FE06019418FF0104B829F6E153E2D91134D","3"
"record_balanced_original_rule","20260626","11097F5414AE795EA34851779E38F065A2A4D9D2F59D152415B19D7D7750F0BA","rbv01_25865A5FDDFF4A9F27EC5C10E5442A5D79D45CFAD482750F086BB81DD1C607F9","2"
"record_balanced_original_rule","20260626","11D7D89D367DC6E79264E387E41EDC13C9490061151B8C911726783D711F25BF","rbv01_25865A5FDDFF4A9F27EC5C10E5442A5D79D45CFAD482750F086BB81DD1C607F9","2"
"record_balanced_original_rule","20260626","1211B3E0D0BE400704C75BDF116B565CAEC2908BC6D659E3321553A72C3B9D8D","rbv01_2358EC0C12B602E4B7C5F9C580844910C6D49ACB512E9988307B46ECAFCD07F3","4"
"record_balanced_original_rule","20260626","121FBE2738689090C2C5A423A1B56F1D932DDFD3CFA4F8C8381CE8C39A17E490","rbv01_0213C5737861DD256119EF44D45CD1CECAF08BA1B29FE2AD47F7CEE0237AF618","0"
"record_balanced_original_rule","20260626","12A227F629593FC75D60CD7469FB1E74F6128D9192651E15B88EEBB96B3C716F","rbv01_0213C5737861DD256119EF44D45CD1CECAF08BA1B29FE2AD47F7CEE0237AF618","0"
"record_balanced_original_rule","20260626","135267A36F5C18F87A7B50679606ECAD17C77397F4B076D6899388B5F98F6321","rbv01_0213C5737861DD256119EF44D45CD1CECAF08BA1B29FE2AD47F7CEE0237AF618","0"
"record_balanced_original_rule","20260626","13C4BED3EF820252B9BD637DB0DF092E86DDC91DE16ABDE52862FF88A64E80F2","rbv01_0E9E0FC3E20BED0F32C5DF6A0164CCE77E206A06E5378ED855756B22A2C4F6E6","3"
"record_balanced_original_rule","20260626","13D9FAFB657D1E488B95EC0431B82EB8CFF6E14C836E5D5DCF2E761B67076A58","rbv01_0213C5737861DD256119EF44D45CD1CECAF08BA1B29FE2AD47F7CEE0237AF618","0"
"record_balanced_original_rule","20260626","13EBE38A37173BDB874B66567B47A0F0B0505C47A94B002AA7AF76B44CEABDCC","rbv01_0213C5737861DD256119EF44D45CD1CECAF08BA1B29FE2AD47F7CEE0237AF618","0"
"record_balanced_original_rule","20260626","14107958CC8EE0CB8870AF8FFEDC8B84CC531E5A22B9580AAC5653DA479D26AB","rbv01_0213C5737861DD256119EF44D45CD1CECAF08BA1B29FE2AD47F7CEE0237AF618","0"
"record_balanced_original_rule","20260626","14510BFD9E89704C9B62221B58504B5488D8F9567BC921BAA965BB284388F3F9","rbv01_0213C5737861DD256119EF44D45CD1CECAF08BA1B29FE2AD47F7CEE0237AF618","0"
"record_balanced_original_rule","20260626","145458613E22192B3C01C5612DB9EC32B58E1552A7B251F4EFF2918336FF3971","rbv01_021729FAD057771AC5A3F59730477FE06019418FF0104B829F6E153E2D91134D","3"
"record_balanced_original_rule","20260626","14762653E8B0658BCF5EEB03C39DEB000472206F0FD28EB087A988ABB9582515","rbv01_2358EC0C12B602E4B7C5F9C580844910C6D49ACB512E9988307B46ECAFCD07F3","4"
"record_balanced_original_rule","20260626","14CDC0F9F361F7B1C1E0688396800A63539D6CE6F34FB2A20A4035AD42127968","rbv01_021729FAD057771AC5A3F59730477FE06019418FF0104B829F6E153E2D91134D","3"
"record_balanced_original_rule","20260626","15156F1F14A29FB4B8182915819BF148763A4C6756D55AA17D3576DA737EBAA3","rbv01_0213C5737861DD256119EF44D45CD1CECAF08BA1B29FE2AD47F7CEE0237AF618","0"
"record_balanced_original_rule","20260626","1539A8D8F7C0EA6B3ECB3A77E1F6054BD3221914A776464307F3327967A93783","rbv01_0213C5737861DD256119EF44D45CD1CECAF08BA1B29FE2AD47F7CEE0237AF618","0"
"record_balanced_original_rule","20260626","1557BD690CF5FECBDAEACF96A0A1173C93FE013672F8FEA7C9E72FCE1F1ABF11","rbv01_2358EC0C12B602E4B7C5F9C580844910C6D49ACB512E9988307B46ECAFCD07F3","4"
"record_balanced_original_rule","20260626","158D4CEE96602BA3ED443396C4EB98F6655D2078CAE0861AF1F6310B1BD4498C","rbv01_24E94D68923D29AEF856F56175B9FAD71A2143AB1D61B0C7F522B1582143C11A","2"
"record_balanced_original_rule","20260626","15CC2CA183383CDF946FE4A6E9CACE8BD8C05BC0E9F0F792B15DE85B576C9DB2","rbv01_01C322D9FB99669376EAE9C000289E1B0BF73B04313F3AF1BFE6D03B29E89068","3"
"record_balanced_original_rule","20260626","1603F0C4B201480278F89305E3E0758CCF963E177F5C2AD8C1304A28B7CB7AB2","rbv01_011B84DDF86961F6053ED2B20908582AF6425C6EFA13305F705F7C498093367C","1"
"record_balanced_original_rule","20260626","1649FE8E6EC020D128EFC643107BFBBE8CE2FF33FCDBDC92F9E0B122FE272A5E","rbv01_0213C5737861DD256119EF44D45CD1CECAF08BA1B29FE2AD47F7CEE0237AF618","0"
"record_balanced_original_rule","20260626","16CAFCC7A3C6348D29C7AA92352595FA36039949A484E0D90C9956F92E989965","rbv01_011B84DDF86961F6053ED2B20908582AF6425C6EFA13305F705F7C498093367C","1"
"record_balanced_original_rule","20260626","172FBE8CF49DDA0C1D9FDD5DDD57A0A360F83F536C4D01BD525BDAD3863A8F0F","rbv01_0213C5737861DD256119EF44D45CD1CECAF08BA1B29FE2AD47F7CEE0237AF618","0"
"record_balanced_original_rule","20260626","1755D7D6BC5D42A054066C4A1DE0B723FF4EA22B2815DB03078DA196832A6CC9","rbv01_011B84DDF86961F6053ED2B20908582AF6425C6EFA13305F705F7C498093367C","1"
"record_balanced_original_rule","20260626","1763459D6B852BF113CF318B77FE5E4BB451B7D92C169F01B1E618CB1091ABC6","rbv01_011B84DDF86961F6053ED2B20908582AF6425C6EFA13305F705F7C498093367C","1"
"record_balanced_original_rule","20260626","1771AE3A77D9D0A4910D29AFD3A4098C4D0F149F606924A25B089906F60EA84E","rbv01_011B84DDF86961F6053ED2B20908582AF6425C6EFA13305F705F7C498093367C","1"
"record_balanced_original_rule","20260626","17A1AEB2A5F710C788EF3E9A0475D1BC7092C6E613D80A7513B48429C52602F4","rbv01_011B84DDF86961F6053ED2B20908582AF6425C6EFA13305F705F7C498093367C","1"
"record_balanced_original_rule","20260626","17B30E9F88AEEBEA9925DA277072FB7B33BB9146936E70DC8E2CD9E156556261","rbv01_0213C5737861DD256119EF44D45CD1CECAF08BA1B29FE2AD47F7CEE0237AF618","0"
"record_balanced_original_rule","20260626","17D8907F39252519E58B3C3E65868669BD63EA05B895E056DB84B3B48254FAF3","rbv01_011B84DDF86961F6053ED2B20908582AF6425C6EFA13305F705F7C498093367C","1"
"record_balanced_original_rule","20260626","180F413E1F6B76B513401034F79C54FE675C36AB7D193F0E179AC59CB942B8FF","rbv01_021729FAD057771AC5A3F59730477FE06019418FF0104B829F6E153E2D91134D","3"
"record_balanced_original_rule","20260626","185E20472CE97C113E4BDF526FF162DFF9C96CFA577E71AAAAF98E9B71290ABA","rbv01_0213C5737861DD256119EF44D45CD1CECAF08BA1B29FE2AD47F7CEE0237AF618","0"
"record_balanced_original_rule","20260626","18C8AB47928DE0A8D3B9107EACDE28ABEE577F46F877305B8EB8B0BD0B8384C5","rbv01_011B84DDF86961F6053ED2B20908582AF6425C6EFA13305F705F7C498093367C","1"
"record_balanced_original_rule","20260626","196D7F26DC3081DB45714D44086A8DED5F0B567C14E1681A6B5CAB061051612F","rbv01_011B84DDF86961F6053ED2B20908582AF6425C6EFA13305F705F7C498093367C","1"
"record_balanced_original_rule","20260626","19DCBD07BA366C033AEC897C2D39A19CCBFA9C8DFAE6478F1AF59699C54376F3","rbv01_011B84DDF86961F6053ED2B20908582AF6425C6EFA13305F705F7C498093367C","1"
"record_balanced_original_rule","20260626","1A3188418D7B380B137AB627D88FF0F38B638F8C317B55D6DB323E8DC60B24E3","rbv01_0213C5737861DD256119EF44D45CD1CECAF08BA1B29FE2AD47F7CEE0237AF618","0"
"record_balanced_original_rule","20260626","1ACDE71EA41832326F07927468F81189C4B8B34A65D5D1AC9773B57076AD9097","rbv01_0DA9CA625518CEB3C5B20C7295004FB7CDC5BC108FF93282C63467286DA188EB","4"
"record_balanced_original_rule","20260626","1AD0EFDC9F2B70EF262FD46D1261CE9A8C73B8AA936F6649D359260E377D1A55","rbv01_054201B2ED3ADADFBB0028C07B1A262219631DC717FDE4862C42583AB67D10C2","1"
"record_balanced_original_rule","20260626","1B4B5CF7B2022042C7BC0025E8EAD3748D1675FB5C5720F9FD9FBCE9950913EC","rbv01_011B84DDF86961F6053ED2B20908582AF6425C6EFA13305F705F7C498093367C","1"
"record_balanced_original_rule","20260626","1C088158C95AF597E26B84C14CFC2E8553A5E9517604F9F16CC076DAAE7E7F7F","rbv01_046276E5E1EC434CD47FE2E1D4137204B7C79D59E90B81B5BFE9A77BC6C0BB54","2"
"record_balanced_original_rule","20260626","1C2299C8C9948910B3D3DF40866CC386C33E93B89111ED702407536080175FF0","rbv01_0E9E0FC3E20BED0F32C5DF6A0164CCE77E206A06E5378ED855756B22A2C4F6E6","3"
"record_balanced_original_rule","20260626","1CF1B864E835A9004D673AA1720C6AD1415BAE9C722FB67279700838C9C3487A","rbv01_0213C5737861DD256119EF44D45CD1CECAF08BA1B29FE2AD47F7CEE0237AF618","0"
"record_balanced_original_rule","20260626","1CF9BA47AD4AA6308C9D12FB7FCC9CCDBB59125657CFB239BD8860DDC1551D49","rbv01_0E9E0FC3E20BED0F32C5DF6A0164CCE77E206A06E5378ED855756B22A2C4F6E6","3"
"record_balanced_original_rule","20260626","1D0924DF69D3C67C9A986DAA8A73741D00E1ABFCC439D7D0A51DB649D8CD4E83","rbv01_0E9E0FC3E20BED0F32C5DF6A0164CCE77E206A06E5378ED855756B22A2C4F6E6","3"
"record_balanced_original_rule","20260626","1D6FADC5D8F915F1F7AC7173F349953F70E2BCB0F9A2D98F6046D0014C526CC6","rbv01_011B84DDF86961F6053ED2B20908582AF6425C6EFA13305F705F7C498093367C","1"
"record_balanced_original_rule","20260626","1DA2AAB4B0498493978340D3C341D05DF95F393F15BC6408A75CA14BA2B8F1E0","rbv01_011B84DDF86961F6053ED2B20908582AF6425C6EFA13305F705F7C498093367C","1"
"record_balanced_original_rule","20260626","1DDB4C28798047DA321A1C0390FCA1C86E751C2E3B63EBC2A9C5A3C4B78BD587","rbv01_4A6CDC7218F267E114B083B225FC435EA4AECE9A8307DC39925FE5F442FDB97A","4"
"record_balanced_original_rule","20260626","1E8F3779AFE6A1724A8E2C2C1513A6C2C8E0570256C3A963C3EA2C5F5864233C","rbv01_25A206590D1048D18147FD26B701861897281071258782AED6A00779FFF7210A","1"
"record_balanced_original_rule","20260626","1EE07A934FA5BD37C0A121B42BB8415F90EF2139338DE4B14EAFCBB6B8D4D57B","rbv01_08EC8F274B3390CA9A557C1810F52FE38EAF9404CF035F8A1D70A5AAAFA3EA60","2"
"record_balanced_original_rule","20260626","1F07BFA1CE45FD7C13F6C859683760935281C8C734BE0D441E38A4E330304AC5","rbv01_0213C5737861DD256119EF44D45CD1CECAF08BA1B29FE2AD47F7CEE0237AF618","0"
"record_balanced_original_rule","20260626","1F1640A2D5AE2DF3F381CACF5EF08572B96B8B2E5EE094B033BDCC99450657A1","rbv01_011B84DDF86961F6053ED2B20908582AF6425C6EFA13305F705F7C498093367C","1"
"record_balanced_original_rule","20260626","1F182901D5C1EA146CEA453BD8BA0448B9CDB57A6743FDDE7AF78F52BAB97E6F","rbv01_0213C5737861DD256119EF44D45CD1CECAF08BA1B29FE2AD47F7CEE0237AF618","0"
"record_balanced_original_rule","20260626","1FE0AE0F18997E9BD1C29F0D69870A648840D7AE2E9AAAEAFEBD00ECA46C6994","rbv01_011B84DDF86961F6053ED2B20908582AF6425C6EFA13305F705F7C498093367C","1"
"record_balanced_original_rule","20260626","2007C0BA73575F31109A870090F7CD26FB7709CBB6E005924AF64F083BEABCD9","rbv01_0213C5737861DD256119EF44D45CD1CECAF08BA1B29FE2AD47F7CEE0237AF618","0"
"record_balanced_original_rule","20260626","209209F20AC434479572094FDBB32BA2040378ECCC6E33B9F5EA9D3345FFB4D7","rbv01_0213C5737861DD256119EF44D45CD1CECAF08BA1B29FE2AD47F7CEE0237AF618","0"
"record_balanced_original_rule","20260626","212B345E12389622A8064239EBBBE79226C8E7C312B3D214B1751F936B79FC34","rbv01_011B84DDF86961F6053ED2B20908582AF6425C6EFA13305F705F7C498093367C","1"
"record_balanced_original_rule","20260626","215043ADEA4E445C92E205CCBF16004443AD6133ABCE7E0FEF11A304E63EFB1E","rbv01_0E9E0FC3E20BED0F32C5DF6A0164CCE77E206A06E5378ED855756B22A2C4F6E6","3"
"record_balanced_original_rule","20260626","217E621A5766D830A97CECA75EF6B39ADAFD60DA1FE525AB2C695F857C898661","rbv01_2358EC0C12B602E4B7C5F9C580844910C6D49ACB512E9988307B46ECAFCD07F3","4"
"record_balanced_original_rule","20260626","21A335CA45A0EA62A090D44935F95ED648113C57C40808D1EEC14A944DD5BD0B","rbv01_0DA9CA625518CEB3C5B20C7295004FB7CDC5BC108FF93282C63467286DA188EB","4"
"record_balanced_original_rule","20260626","21B94893E6F67CB58EED24EA9FB7551B3B3EACB05B9C6522BFE6728601CDAF4D","rbv01_0213C5737861DD256119EF44D45CD1CECAF08BA1B29FE2AD47F7CEE0237AF618","0"
"record_balanced_original_rule","20260626","21EEB3C004CA72988FF541415E65FCF7327BCBFCAC99CB082124394786D772AD","rbv01_0213C5737861DD256119EF44D45CD1CECAF08BA1B29FE2AD47F7CEE0237AF618","0"
"record_balanced_original_rule","20260626","22A676E21C562FD4106E8004B1EB9D927C4D01A3D57A27251DC20A46433BF304","rbv01_011B84DDF86961F6053ED2B20908582AF6425C6EFA13305F705F7C498093367C","1"
"record_balanced_original_rule","20260626","22FECE9911F6004919B5D189AE36CC98017485DFEB753FA75C34AC3A191C1AA0","rbv01_08EC8F274B3390CA9A557C1810F52FE38EAF9404CF035F8A1D70A5AAAFA3EA60","2"
"record_balanced_original_rule","20260626","23AEA2F6C60A66DE8439B80B8271EBBCFE5CEAEDA06EE67C6B83A4DD0FC2CEB2","rbv01_011B84DDF86961F6053ED2B20908582AF6425C6EFA13305F705F7C498093367C","1"
"record_balanced_original_rule","20260626","2404D3928D13EB6C40502B8496F074D4CADB2A9A3C9D182158C19F50CC36A92C","rbv01_2358EC0C12B602E4B7C5F9C580844910C6D49ACB512E9988307B46ECAFCD07F3","4"
"record_balanced_original_rule","20260626","2417795D0029761FB6FE730EF4E88FC82CAAB16AA04506C2E78D45D2CD0C306D","rbv01_011B84DDF86961F6053ED2B20908582AF6425C6EFA13305F705F7C498093367C","1"
"record_balanced_original_rule","20260626","248461479D30C5AA840E52255981ACD395A5FC1ADA1DDB6C659BAFF54958963F","rbv01_011B84DDF86961F6053ED2B20908582AF6425C6EFA13305F705F7C498093367C","1"
"record_balanced_original_rule","20260626","2504B7DCF62BFE5651ECE820E3CEF352F95A48239E781520DEF52207CD87802C","rbv01_011B84DDF86961F6053ED2B20908582AF6425C6EFA13305F705F7C498093367C","1"
"record_balanced_original_rule","20260626","25861067F360B460B60F372A2142F7C30AD00FAD9F5D462FA2E7DD7095835EB0","rbv01_0213C5737861DD256119EF44D45CD1CECAF08BA1B29FE2AD47F7CEE0237AF618","0"
"record_balanced_original_rule","20260626","262FEC4884236BD19453E3CE33883A8857AECD801E5E16333D68037161ADE7C7","rbv01_25865A5FDDFF4A9F27EC5C10E5442A5D79D45CFAD482750F086BB81DD1C607F9","2"
"record_balanced_original_rule","20260626","26BE3FBE9AF053F4CD2091D711FB64AB60ED10BB69E94A8AFBED43FE94882646","rbv01_0FAB0DD3DEC2E0DA5B1841B2949196B7B1E5F846FFA0C8F4AF1461F9D3B66BCE","4"
"record_balanced_original_rule","20260626","26E57FCAAEFBE05A017FC03EDFEBA1E9D643B98B14128F7373F262F0E4487D92","rbv01_021729FAD057771AC5A3F59730477FE06019418FF0104B829F6E153E2D91134D","3"
"record_balanced_original_rule","20260626","26F46E5DB25FD9B384A9CBD10463667022AB1A8BDDBE88E11B6863D8D719FFD6","rbv01_011B84DDF86961F6053ED2B20908582AF6425C6EFA13305F705F7C498093367C","1"
"record_balanced_original_rule","20260626","279CDE0CA2EC4B1480494FC50C1473CFB0FDB9E4D4A4F354BCE8B982D90B6949","rbv01_046276E5E1EC434CD47FE2E1D4137204B7C79D59E90B81B5BFE9A77BC6C0BB54","2"
"record_balanced_original_rule","20260626","27B436226898B2B5F9AE6FC6E2730C08951A94A37F9FCA3ED9ED502C53D2A350","rbv01_054201B2ED3ADADFBB0028C07B1A262219631DC717FDE4862C42583AB67D10C2","1"
"record_balanced_original_rule","20260626","286CC1089CA3330B1CE534E6E7B3C1781EDC612498718653FC121B750B96ADA1","rbv01_005F079B50FDBB32836E42ECC5D1471B77218ED9CD5DA1F07A102A406EF90B43","0"
"record_balanced_original_rule","20260626","286E7D2D800A8610F558E327EF09000571A84DA41D35185C6EA10346EFD63027","rbv01_0213C5737861DD256119EF44D45CD1CECAF08BA1B29FE2AD47F7CEE0237AF618","0"
"record_balanced_original_rule","20260626","29D4023E711BE23CCC1B9E36698527A7C5F7229BE1E48F62824805448D08F19A","rbv01_011B84DDF86961F6053ED2B20908582AF6425C6EFA13305F705F7C498093367C","1"
"record_balanced_original_rule","20260626","2A34AB9F644C49E47AA2A9C05837B0FC0FF797B3166D7ED6717B26B08872FDB2","rbv01_021729FAD057771AC5A3F59730477FE06019418FF0104B829F6E153E2D91134D","3"
"record_balanced_original_rule","20260626","2ADF9AB36E78E1EEB3FC7732E721C3044A2E4AF4E9D9DA5BA66A5DA921FD5915","rbv01_011D932A057B34C28A553A7C900731E1D7B1E42FD9312A7495A3DF8ECA2AF3C9","4"
"record_balanced_original_rule","20260626","2B17EC3433BAA444548573A4B3B68481E0AA1C0DD768B34D6C266B4EE5E6A8EF","rbv01_011B84DDF86961F6053ED2B20908582AF6425C6EFA13305F705F7C498093367C","1"
"record_balanced_original_rule","20260626","2B32243911A0F3F49601F6C61417FA320B0C389E90D7866F100F5BC1246A74D3","rbv01_01C322D9FB99669376EAE9C000289E1B0BF73B04313F3AF1BFE6D03B29E89068","3"
"record_balanced_original_rule","20260626","2B3C8A8DDCEC4DB83196A7C0FADDE612332EE8D0D4A1A66B11A9E783FC03BFB9","rbv01_011D932A057B34C28A553A7C900731E1D7B1E42FD9312A7495A3DF8ECA2AF3C9","4"
"record_balanced_original_rule","20260626","2B83280E75D81C2FA4B12A8ECE3DD16AAF203488D205EB28B8CDBDF0413BF2BE","rbv01_011B84DDF86961F6053ED2B20908582AF6425C6EFA13305F705F7C498093367C","1"
"record_balanced_original_rule","20260626","2B9036E6585F008A4243AAA2430684F5E8C1CE896D171B2014EE337234EC5A4C","rbv01_01C322D9FB99669376EAE9C000289E1B0BF73B04313F3AF1BFE6D03B29E89068","3"
"record_balanced_original_rule","20260626","2BA9973474F5A482C5FA095F0ABBC4C9A67BDD76287D497359B4C89D384FA036","rbv01_054201B2ED3ADADFBB0028C07B1A262219631DC717FDE4862C42583AB67D10C2","1"
"record_balanced_original_rule","20260626","2C9D8CC2F5D868349847B6B81F5A2713EEBB1BB3E1C0E1EB0F7B1A051CD86E0B","rbv01_0E9E0FC3E20BED0F32C5DF6A0164CCE77E206A06E5378ED855756B22A2C4F6E6","3"
"record_balanced_original_rule","20260626","2CBB48E5F04E9C8BF14D86EA171FB4AC3CB6A127AFFBD1C4E4C92DDF65AC3AAA","rbv01_011B84DDF86961F6053ED2B20908582AF6425C6EFA13305F705F7C498093367C","1"
"record_balanced_original_rule","20260626","2D27A90202C1C28D84DB448BCC029E2F9B956D6920C981E625AE54C75A49DF61","rbv01_25865A5FDDFF4A9F27EC5C10E5442A5D79D45CFAD482750F086BB81DD1C607F9","2"
"record_balanced_original_rule","20260626","2E08EC2466CEED6AD70280884A1982C16EBD6EC61FCF5D8A8FBCB4E46A3F2236","rbv01_0213C5737861DD256119EF44D45CD1CECAF08BA1B29FE2AD47F7CEE0237AF618","0"
"record_balanced_original_rule","20260626","2E173299389098A161FC0A11A61DB6DFDE01E92B963AB131D94F7A1EF12C0733","rbv01_011B84DDF86961F6053ED2B20908582AF6425C6EFA13305F705F7C498093367C","1"
"record_balanced_original_rule","20260626","2E2A33CA561CEE7F4F0C19B6469324557ECFD2EB8F608F487D1AD2C308336658","rbv01_011B84DDF86961F6053ED2B20908582AF6425C6EFA13305F705F7C498093367C","1"
"record_balanced_original_rule","20260626","2E53D7DEE3148A01619AABCD9ABF3F49B9264E10E3A92F861DC5C323F5EF3A87","rbv01_2E07CE0B7A1B55DF7DB4D4392437AF0F59B5B306F82BBC43DD35B9CBA85F5BB7","0"
"record_balanced_original_rule","20260626","2EC7984A751507A357A3BAEA20249F516B806544B76BDCE5AEE75D02362AAC3A","rbv01_011B84DDF86961F6053ED2B20908582AF6425C6EFA13305F705F7C498093367C","1"
"record_balanced_original_rule","20260626","2F285D30F38FAC9D87E1E64A212D02ED68A77BDADC5D0DE08BF4210D3A7BDD0C","rbv01_011B84DDF86961F6053ED2B20908582AF6425C6EFA13305F705F7C498093367C","1"
"record_balanced_original_rule","20260626","2F4A968A82FD2CCAE56DB1C865A1B51876D0EB28943DCA5B06842D93873C4BBA","rbv01_0213C5737861DD256119EF44D45CD1CECAF08BA1B29FE2AD47F7CEE0237AF618","0"
"record_balanced_original_rule","20260626","300A029A3D25112F36324F2EC4E449B643BBFC705F3B9573AE5A768808A1BDEF","rbv01_0213C5737861DD256119EF44D45CD1CECAF08BA1B29FE2AD47F7CEE0237AF618","0"
"record_balanced_original_rule","20260626","30801BDDFFA634AFE46BF910E7E8E3F98D6032444C1979EEB4418DBF1FECAB2B","rbv01_2358EC0C12B602E4B7C5F9C580844910C6D49ACB512E9988307B46ECAFCD07F3","4"
"record_balanced_original_rule","20260626","30B506CC8E8C3BE689244371C9BCBADBE172980C8440C94CEB3021EFF4FB18C4","rbv01_01C322D9FB99669376EAE9C000289E1B0BF73B04313F3AF1BFE6D03B29E89068","3"
"record_balanced_original_rule","20260626","30B7FB29BC99F96B386A6298CDD9C286E325A94285073102F95E685CC9DF916B","rbv01_011B84DDF86961F6053ED2B20908582AF6425C6EFA13305F705F7C498093367C","1"
"record_balanced_original_rule","20260626","30E775E5191879D075A09457EA9BE4DB3D31C4BF2504E1387A38CCECB62C715C","rbv01_011B84DDF86961F6053ED2B20908582AF6425C6EFA13305F705F7C498093367C","1"
"record_balanced_original_rule","20260626","30EA0B0ADE76E984610F5A757C985DAFD34AE0563EEE6F056F2BAE813EF50B6A","rbv01_0E9E0FC3E20BED0F32C5DF6A0164CCE77E206A06E5378ED855756B22A2C4F6E6","3"
"record_balanced_original_rule","20260626","30FCBFFDEE010FBAA0ED8EC5003F073E331083E2F4851EB9309157D7E924DB38","rbv01_0213C5737861DD256119EF44D45CD1CECAF08BA1B29FE2AD47F7CEE0237AF618","0"
"record_balanced_original_rule","20260626","315CE1227E8B6DB9639041344644459D98CF048ACFAA502CB0893C4A4DA3335C","rbv01_0213C5737861DD256119EF44D45CD1CECAF08BA1B29FE2AD47F7CEE0237AF618","0"
"record_balanced_original_rule","20260626","3220A0EA36F8B0458998AD47F780F7E4196C537BD97E473DF9AB8C6CD7F22BCD","rbv01_011B84DDF86961F6053ED2B20908582AF6425C6EFA13305F705F7C498093367C","1"
"record_balanced_original_rule","20260626","322779B2C3ECE1588AEEE91D8764A912FD46406F10D61A499EC8870FC0483586","rbv01_0213C5737861DD256119EF44D45CD1CECAF08BA1B29FE2AD47F7CEE0237AF618","0"
"record_balanced_original_rule","20260626","3252B3DEEDBDBB58CCA4E63B95499C5D93F75B18D741503DC52FB125CE56F609","rbv01_0213C5737861DD256119EF44D45CD1CECAF08BA1B29FE2AD47F7CEE0237AF618","0"
"record_balanced_original_rule","20260626","330F0B6E295423F5426B5513189EB92BAA6B9B7F027921D26ADCF3841E36C242","rbv01_2358EC0C12B602E4B7C5F9C580844910C6D49ACB512E9988307B46ECAFCD07F3","4"
"record_balanced_original_rule","20260626","332C7B44F9A1A2FA7D0D6CCDF363DA194F6524170B3BF05EE4F10F272D1BEEB4","rbv01_01C322D9FB99669376EAE9C000289E1B0BF73B04313F3AF1BFE6D03B29E89068","3"
"record_balanced_original_rule","20260626","33A5B15450766412B0D8944713D7AC044646D09785DDF57BA6BB70488733F3EE","rbv01_011B84DDF86961F6053ED2B20908582AF6425C6EFA13305F705F7C498093367C","1"
"record_balanced_original_rule","20260626","33A7845F61E88CD3E4710F65729156E589779329988051760FD13D9836B3A78F","rbv01_011B84DDF86961F6053ED2B20908582AF6425C6EFA13305F705F7C498093367C","1"
"record_balanced_original_rule","20260626","33B5727DBA04F869F4BA5F93CC410E14312B9E91CFAAA78BE9366728DDA87B3A","rbv01_046276E5E1EC434CD47FE2E1D4137204B7C79D59E90B81B5BFE9A77BC6C0BB54","2"
"record_balanced_original_rule","20260626","35752366550717723B2814E1947950C8177B64271292B774B87F1DCF8D995FDD","rbv01_011B84DDF86961F6053ED2B20908582AF6425C6EFA13305F705F7C498093367C","1"
"record_balanced_original_rule","20260626","35A40F5F5BC17A70D6D4355BE0C685016287B3CE79B6E90113ADA9FD274ABFB5","rbv01_0FAB0DD3DEC2E0DA5B1841B2949196B7B1E5F846FFA0C8F4AF1461F9D3B66BCE","4"
"record_balanced_original_rule","20260626","361D2ECA150B3E052060C0F713FD4B0F71A11BC20D971597A0025F059CAB9B53","rbv01_021729FAD057771AC5A3F59730477FE06019418FF0104B829F6E153E2D91134D","3"
"record_balanced_original_rule","20260626","363C47C5088C06548CEC49140818FE644BD10D4089193EE8515853DAED0CD1CA","rbv01_046276E5E1EC434CD47FE2E1D4137204B7C79D59E90B81B5BFE9A77BC6C0BB54","2"
"record_balanced_original_rule","20260626","36BCDAA5646ABB478FACA1371D25EC0C4E350F69251D69EF8961460064582975","rbv01_029BDA298EE9F6CF5E11C8E41A870100C0DF57502218FA6619B580755530C213","2"
"record_balanced_original_rule","20260626","36DEDB5A8B03CE33F4752AAFD36590633EDCC246896562D58928F754554E95BB","rbv01_021729FAD057771AC5A3F59730477FE06019418FF0104B829F6E153E2D91134D","3"
"record_balanced_original_rule","20260626","36E0F2D90ADD8227E00C140A3E40427BA45EFBBB78FA3F267D4E9B59036FEE9C","rbv01_011B84DDF86961F6053ED2B20908582AF6425C6EFA13305F705F7C498093367C","1"
"record_balanced_original_rule","20260626","375C0D4DDAC1D50CA9B5224FED330A536C52B8906BD30BBA518F3B263B78645E","rbv01_011B84DDF86961F6053ED2B20908582AF6425C6EFA13305F705F7C498093367C","1"
"record_balanced_original_rule","20260626","37AAE119705A6BFA65F2469495F41DF9DECB6C6A373F1371043131E078F6950F","rbv01_011B84DDF86961F6053ED2B20908582AF6425C6EFA13305F705F7C498093367C","1"
"record_balanced_original_rule","20260626","3811D3AA153202D4DB8E9BC731B5E3EED836FDB3EDB8DF2F4A19BDB1B51304AA","rbv01_0213C5737861DD256119EF44D45CD1CECAF08BA1B29FE2AD47F7CEE0237AF618","0"
"record_balanced_original_rule","20260626","3872938929DFA0CFACE67F47D7B822EC7053855F730946775E4DE9387F7820BF","rbv01_7BC45EEADFA2E8B5EE674938E2D208271131724BDC4F7DA3BE784328B1C274E8","2"
"record_balanced_original_rule","20260626","38EBDBDE59BAADA46BF8B18F5F3719C8B694E4D35D5E345C6049E8158FC3833C","rbv01_08EC8F274B3390CA9A557C1810F52FE38EAF9404CF035F8A1D70A5AAAFA3EA60","2"
"record_balanced_original_rule","20260626","390DCED3232CF34A26F7982567E3E69824095D7A3E1E6DAA2E5D19428F146CF5","rbv01_2358EC0C12B602E4B7C5F9C580844910C6D49ACB512E9988307B46ECAFCD07F3","4"
"record_balanced_original_rule","20260626","39BB04F6BF20A4A7C8B5DB8BF0D1D89A0DE4220E35A78EE1B9870614EBD846A5","rbv01_011B84DDF86961F6053ED2B20908582AF6425C6EFA13305F705F7C498093367C","1"
"record_balanced_original_rule","20260626","39C376AA357CF218B68A892301DED466CC0526372B9AB5B34A92F1CA40154BDA","rbv01_0213C5737861DD256119EF44D45CD1CECAF08BA1B29FE2AD47F7CEE0237AF618","0"
"record_balanced_original_rule","20260626","3A01835E9586E8A691A26F26744C7E97C6AECD6B2BE5AD94955F19568B4D0880","rbv01_011B84DDF86961F6053ED2B20908582AF6425C6EFA13305F705F7C498093367C","1"
"record_balanced_original_rule","20260626","3A142A21E3C9CB0CC81767C4973F18B1936A84C94A7D4E8FE56C27C297D5072E","rbv01_01C322D9FB99669376EAE9C000289E1B0BF73B04313F3AF1BFE6D03B29E89068","3"
"record_balanced_original_rule","20260626","3A6D9F32231CE5325C5FC7580AFACA6611151AEB4D7C4C91521A79E7F135FCF5","rbv01_0213C5737861DD256119EF44D45CD1CECAF08BA1B29FE2AD47F7CEE0237AF618","0"
"record_balanced_original_rule","20260626","3B1984C07FB20EE0C930F76946868EE768896CDEE529081B011A800C61915401","rbv01_2358EC0C12B602E4B7C5F9C580844910C6D49ACB512E9988307B46ECAFCD07F3","4"
"record_balanced_original_rule","20260626","3B47746FD436BBBB62B047882377AC7CF649B27302DF5F6A06078B7849D60D77","rbv01_01C322D9FB99669376EAE9C000289E1B0BF73B04313F3AF1BFE6D03B29E89068","3"
"record_balanced_original_rule","20260626","3B4AB5C3B2239FD46C3023ED557DAFE375B1147A9E5BBB10E5A9FE2EEE2D2CA7","rbv01_011B84DDF86961F6053ED2B20908582AF6425C6EFA13305F705F7C498093367C","1"
"record_balanced_original_rule","20260626","3BFEF649A9326E5027F4A18F5B13DD00F4506697AE513AE1789B0F6A300744FD","rbv01_0E9E0FC3E20BED0F32C5DF6A0164CCE77E206A06E5378ED855756B22A2C4F6E6","3"
"record_balanced_original_rule","20260626","3C6AAD89F633AB0F253C92C52E84A0E7A893F10178FA1A2C2379D26D288B36BA","rbv01_0213C5737861DD256119EF44D45CD1CECAF08BA1B29FE2AD47F7CEE0237AF618","0"
"record_balanced_original_rule","20260626","3C88785426C2DE97489FB4EEED6FFEA6BB4060174FB131A809538413CA9213C0","rbv01_0213C5737861DD256119EF44D45CD1CECAF08BA1B29FE2AD47F7CEE0237AF618","0"
"record_balanced_original_rule","20260626","3D0952C0BA5EB3DFC3644E584AB4D800F77A6B59D87BE8B4CDBCFE9AEB48D0B5","rbv01_011D932A057B34C28A553A7C900731E1D7B1E42FD9312A7495A3DF8ECA2AF3C9","4"
"record_balanced_original_rule","20260626","3D27E92ABF9674592BA8265E12514A48080EDD6C5078D728BAC3D87232AFA057","rbv01_011B84DDF86961F6053ED2B20908582AF6425C6EFA13305F705F7C498093367C","1"
"record_balanced_original_rule","20260626","3D3D1EA7BC63F4282CEB379FDDC40D6EB94EA9A2633796E72CE776EDD59E0A3D","rbv01_08EC8F274B3390CA9A557C1810F52FE38EAF9404CF035F8A1D70A5AAAFA3EA60","2"
"record_balanced_original_rule","20260626","3D703A7076E80067DEF89951650DA8A4205192EFC8780FA170E7C277FAF207EE","rbv01_01C322D9FB99669376EAE9C000289E1B0BF73B04313F3AF1BFE6D03B29E89068","3"
"record_balanced_original_rule","20260626","3D73D6D8B251B7A02D7769F0E78F21F83411348C48EF316FF1A95EA14882BADC","rbv01_0213C5737861DD256119EF44D45CD1CECAF08BA1B29FE2AD47F7CEE0237AF618","0"
"record_balanced_original_rule","20260626","3DB7BB56C531A0A11631DFD873DB74943ABBFFEA7098C6DA658DADE99E3AD030","rbv01_2358EC0C12B602E4B7C5F9C580844910C6D49ACB512E9988307B46ECAFCD07F3","4"
"record_balanced_original_rule","20260626","3DC258512CE77905DB48E9DB298CF78E082382DAE0AB49AD316E804C48DEB406","rbv01_011B84DDF86961F6053ED2B20908582AF6425C6EFA13305F705F7C498093367C","1"
"record_balanced_original_rule","20260626","3DC4455A71B55FE23ABD0FCCCBDEE60DF06B991DF73D0E0322FF0F63C81B750F","rbv01_0213C5737861DD256119EF44D45CD1CECAF08BA1B29FE2AD47F7CEE0237AF618","0"
"record_balanced_original_rule","20260626","3E1484B6D5248889C735861DCD0EE0E9B1010915D40E27C45CB07D0944393B7E","rbv01_2358EC0C12B602E4B7C5F9C580844910C6D49ACB512E9988307B46ECAFCD07F3","4"
"record_balanced_original_rule","20260626","3E20B70260DFC2E4BAEE515B168C9794F529814931C9E8E66AD854AC3A65DD90","rbv01_08EC8F274B3390CA9A557C1810F52FE38EAF9404CF035F8A1D70A5AAAFA3EA60","2"
"record_balanced_original_rule","20260626","3E25F1A4479F36D455F30178B05AF9DB6B53BBC20C7EACDE0F5C601CBD907C3B","rbv01_011B84DDF86961F6053ED2B20908582AF6425C6EFA13305F705F7C498093367C","1"
"record_balanced_original_rule","20260626","3E6F08C879E7074289FE997D854B2869477A556E0DFB11D9A0CE75F40CA0E399","rbv01_011D932A057B34C28A553A7C900731E1D7B1E42FD9312A7495A3DF8ECA2AF3C9","4"
"record_balanced_original_rule","20260626","3EA2110023C72D1B39795451665A20003198977DE7D9012578F5B35F13CD6CCA","rbv01_08EC8F274B3390CA9A557C1810F52FE38EAF9404CF035F8A1D70A5AAAFA3EA60","2"
"record_balanced_original_rule","20260626","3F67FE77A359B4B0EDD7229A24D63A131521EA531D68742549C85D03DC50E8EC","rbv01_01C322D9FB99669376EAE9C000289E1B0BF73B04313F3AF1BFE6D03B29E89068","3"
"record_balanced_original_rule","20260626","3FCC33AAF5C590D56CAC8DC6D6508458DD300A0473E63FFB62697B939E911CDE","rbv01_011B84DDF86961F6053ED2B20908582AF6425C6EFA13305F705F7C498093367C","1"
"record_balanced_original_rule","20260626","3FE0C4FE0A0816FE8942C8AACA5AD02EC4A8E9E040F0A152FD248E52ADB860F8","rbv01_011B84DDF86961F6053ED2B20908582AF6425C6EFA13305F705F7C498093367C","1"
"record_balanced_original_rule","20260626","3FECBBA923111BE13CD5D85A19322EF6D618969D4B34E1A065F86A176FFC171B","rbv01_011B84DDF86961F6053ED2B20908582AF6425C6EFA13305F705F7C498093367C","1"
"record_balanced_original_rule","20260626","408751F952862DF07FBC2F487B24B044FA569ED9516888478954E338D1BFBCA6","rbv01_046276E5E1EC434CD47FE2E1D4137204B7C79D59E90B81B5BFE9A77BC6C0BB54","2"
"record_balanced_original_rule","20260626","4099F39B3AAE4DDA1FB9529596D868F8F5C18AAAA729A9E5C4AD1A31648A9310","rbv01_011B84DDF86961F6053ED2B20908582AF6425C6EFA13305F705F7C498093367C","1"
"record_balanced_original_rule","20260626","40AD1CF8497BF8C8A34AC837C4A6DC1C6CB9E583938D7F292824BB10E34F0450","rbv01_2358EC0C12B602E4B7C5F9C580844910C6D49ACB512E9988307B46ECAFCD07F3","4"
"record_balanced_original_rule","20260626","40E95BCB2DA6C11487E1FB1F163EB2B0AFF150B7DB779588D09B11C627F67AA0","rbv01_0E9E0FC3E20BED0F32C5DF6A0164CCE77E206A06E5378ED855756B22A2C4F6E6","3"
"record_balanced_original_rule","20260626","41250789DDCF07FCF7353DA31AE01894EDC9FC6C7BAEB1E1B0148F706FE7B413","rbv01_0213C5737861DD256119EF44D45CD1CECAF08BA1B29FE2AD47F7CEE0237AF618","0"
"record_balanced_original_rule","20260626","4159A8EDFF2E94149BC780537B7BAEAB819F30108890E1D0334296C04EAEFD92","rbv01_021729FAD057771AC5A3F59730477FE06019418FF0104B829F6E153E2D91134D","3"
"record_balanced_original_rule","20260626","41A388817BDBCB2BA14BCE922EAA7E3F86663995A5B4DECE51FCC7118D33A228","rbv01_0FAB0DD3DEC2E0DA5B1841B2949196B7B1E5F846FFA0C8F4AF1461F9D3B66BCE","4"
"record_balanced_original_rule","20260626","41BE6CCE837C044E6AA95123E47B75CE3DD12587D7D6267EFC49A37DA9A7985B","rbv01_0213C5737861DD256119EF44D45CD1CECAF08BA1B29FE2AD47F7CEE0237AF618","0"
"record_balanced_original_rule","20260626","41D14E9CDC1075976AF61AD0FAF8209A1F4D980C4B8A0A40CC5382084F3E367D","rbv01_0213C5737861DD256119EF44D45CD1CECAF08BA1B29FE2AD47F7CEE0237AF618","0"
"record_balanced_original_rule","20260626","434125391825E9858C112A0BFFDDC348E360A6CEBDBCBD4A01D217752BAF8A93","rbv01_0213C5737861DD256119EF44D45CD1CECAF08BA1B29FE2AD47F7CEE0237AF618","0"
"record_balanced_original_rule","20260626","437DC9A7927A255442ACD1FA3D279579C7230A19DE4B6ECA3F46CBC7898EF707","rbv01_0E9E0FC3E20BED0F32C5DF6A0164CCE77E206A06E5378ED855756B22A2C4F6E6","3"
"record_balanced_original_rule","20260626","4381D377E0C2F48D9D0E2AFDBA401F5DBD2AEC82329C9D84F6AA89AF9D5F5B58","rbv01_011B84DDF86961F6053ED2B20908582AF6425C6EFA13305F705F7C498093367C","1"
"record_balanced_original_rule","20260626","439AF85824202428A54E9FC3B53BBBA5CF98FADA0216CC4F00AB3E07B8806E71","rbv01_011B84DDF86961F6053ED2B20908582AF6425C6EFA13305F705F7C498093367C","1"
"record_balanced_original_rule","20260626","43B2A50B115B67670E49A3A65AAFC81104F3786411F346A1EBE53FBEDCDEDED3","rbv01_011D932A057B34C28A553A7C900731E1D7B1E42FD9312A7495A3DF8ECA2AF3C9","4"
"record_balanced_original_rule","20260626","444D4AA3E2C186829DEDEE418B76E60719C024ED0B4B4537CFBD9A9B6F994EAA","rbv01_0213C5737861DD256119EF44D45CD1CECAF08BA1B29FE2AD47F7CEE0237AF618","0"
"record_balanced_original_rule","20260626","4450A047AC605EDA7B22DC8E088CC1C0E70C606057FA0CFCC0C2F0C3C30598A6","rbv01_011B84DDF86961F6053ED2B20908582AF6425C6EFA13305F705F7C498093367C","1"
"record_balanced_original_rule","20260626","445AE34132D5480345F0DBD582722270DAC2610A406E62840904EBE7DE495300","rbv01_011B84DDF86961F6053ED2B20908582AF6425C6EFA13305F705F7C498093367C","1"
"record_balanced_original_rule","20260626","450AAD2453983EA51D2D22C1C2A5225DF27B7B6FB645EC6255F57795D7A926B4","rbv01_0213C5737861DD256119EF44D45CD1CECAF08BA1B29FE2AD47F7CEE0237AF618","0"
"record_balanced_original_rule","20260626","452F34470F7B3DBDA99E41C833456F21153CBED06C673E2ED411B7F13D45D41A","rbv01_0E9E0FC3E20BED0F32C5DF6A0164CCE77E206A06E5378ED855756B22A2C4F6E6","3"
"record_balanced_original_rule","20260626","45733AC66C7524952635B5DA1FC3CA44E7464A94B06E48E669231B4D1C5582CA","rbv01_01C322D9FB99669376EAE9C000289E1B0BF73B04313F3AF1BFE6D03B29E89068","3"
"record_balanced_original_rule","20260626","45B79E955E92D757256C95752B33706F24439DB877F9ED0A206537C4E244BDD0","rbv01_0E9E0FC3E20BED0F32C5DF6A0164CCE77E206A06E5378ED855756B22A2C4F6E6","3"
"record_balanced_original_rule","20260626","45E1399C5049E03BDC43FAAD1A8B53BFB45FE2E828E7422104DE2889224577CA","rbv01_2358EC0C12B602E4B7C5F9C580844910C6D49ACB512E9988307B46ECAFCD07F3","4"
"record_balanced_original_rule","20260626","45F4960707D3325A0221C800B06B053788735F04B027B37411436ACDA4A89945","rbv01_0E9E0FC3E20BED0F32C5DF6A0164CCE77E206A06E5378ED855756B22A2C4F6E6","3"
"record_balanced_original_rule","20260626","461060C1C35F2CBE4A854DFE570AE437C8620E9BA90995DE613263AC403265DA","rbv01_011B84DDF86961F6053ED2B20908582AF6425C6EFA13305F705F7C498093367C","1"
"record_balanced_original_rule","20260626","461C36B36801F07722EDEAC1A5C6775D51B0DD34D6AAA476D7ADDD954EE45055","rbv01_054201B2ED3ADADFBB0028C07B1A262219631DC717FDE4862C42583AB67D10C2","1"
"record_balanced_original_rule","20260626","46DFFAB21CBA603E14CA71915309CE3A5AEFCEADCF54CEEB30A2B2C59C5187CF","rbv01_0213C5737861DD256119EF44D45CD1CECAF08BA1B29FE2AD47F7CEE0237AF618","0"
"record_balanced_original_rule","20260626","46FAD474DFE35A28F6049743424BA37546CD9812A2E9A22BAC96B8CF73A9F896","rbv01_2358EC0C12B602E4B7C5F9C580844910C6D49ACB512E9988307B46ECAFCD07F3","4"
"record_balanced_original_rule","20260626","46FBD697929159320AA7AD07FB3E55E29EDD03EE6F84DACBED9549F2E292CF17","rbv01_0213C5737861DD256119EF44D45CD1CECAF08BA1B29FE2AD47F7CEE0237AF618","0"
"record_balanced_original_rule","20260626","472AD0311B0636C90907D2D626C33B145D9831EA75FC62458CE599EE0AD08037","rbv01_011D932A057B34C28A553A7C900731E1D7B1E42FD9312A7495A3DF8ECA2AF3C9","4"
"record_balanced_original_rule","20260626","4773159EB39C8FEB1CB224A5320ADEA45CC752FE853DFDC8A7C6D601953495BC","rbv01_2358EC0C12B602E4B7C5F9C580844910C6D49ACB512E9988307B46ECAFCD07F3","4"
"record_balanced_original_rule","20260626","4867D9A5079B8B7B4077A29F94B6A8984A401767FA420676EF4004A3700163A6","rbv01_011B84DDF86961F6053ED2B20908582AF6425C6EFA13305F705F7C498093367C","1"
"record_balanced_original_rule","20260626","488EB2C85A677C03C0D8B5DE4F707EBF083815A08DA663A752E3E375CD05E51E","rbv01_011D932A057B34C28A553A7C900731E1D7B1E42FD9312A7495A3DF8ECA2AF3C9","4"
"record_balanced_original_rule","20260626","48FB23675E5C58C68AD2247A9B305EA3D0051BEC04724870F482A7CE3CEC4303","rbv01_0213C5737861DD256119EF44D45CD1CECAF08BA1B29FE2AD47F7CEE0237AF618","0"
"record_balanced_original_rule","20260626","49065CC7700D9EA14D3519EAFF894FC51D125E62E600505A69AEB925B58711F6","rbv01_021729FAD057771AC5A3F59730477FE06019418FF0104B829F6E153E2D91134D","3"
"record_balanced_original_rule","20260626","49812D40CD7C70D514291ED79A8154C7B34332DB8AEB92FBF9B100D3EC514716","rbv01_021729FAD057771AC5A3F59730477FE06019418FF0104B829F6E153E2D91134D","3"
"record_balanced_original_rule","20260626","49C5CAE21AC63BA801406B5D4231E8F58B9435966F1504366E2A69A6F8BEA76C","rbv01_01C322D9FB99669376EAE9C000289E1B0BF73B04313F3AF1BFE6D03B29E89068","3"
"record_balanced_original_rule","20260626","49E9C31B508C70478AACF4DB26DC0A53CF5DF5D19D94AF056CE805E486430A11","rbv01_0D49377FA046416BEACFBB00B72B25CF04B27FCDD1DFA22E7E8C3ECE070E08F2","2"
"record_balanced_original_rule","20260626","4A903B93E71C80DBBCFE041008B4AC0BB2B1B011BFFCEC11C6FBEEA1E61B140D","rbv01_011B84DDF86961F6053ED2B20908582AF6425C6EFA13305F705F7C498093367C","1"
"record_balanced_original_rule","20260626","4AD7BBD2A5FD57BF17D7B5EDCA121A6BDD18D030099C3DBA947ABD384EC89F78","rbv01_011B84DDF86961F6053ED2B20908582AF6425C6EFA13305F705F7C498093367C","1"
"record_balanced_original_rule","20260626","4AEA0854328F63BA8B6BD31CD3120210060AD06B96DD5A48C43B12E030EDB99C","rbv01_0213C5737861DD256119EF44D45CD1CECAF08BA1B29FE2AD47F7CEE0237AF618","0"
"record_balanced_original_rule","20260626","4B0F92D31B501D4F13A76543BD15876C281FB8FDFF994489A14D668E86F8F30B","rbv01_021729FAD057771AC5A3F59730477FE06019418FF0104B829F6E153E2D91134D","3"
"record_balanced_original_rule","20260626","4BA8932F890B72F225D3E4A59A28704CA7F69CB81ABDF8BFF9991A2B46A146EB","rbv01_0213C5737861DD256119EF44D45CD1CECAF08BA1B29FE2AD47F7CEE0237AF618","0"
"record_balanced_original_rule","20260626","4BB905050347B836AB901BA55DF415E433120FBA51A8E3A20F2BDAD110B61702","rbv01_08EC8F274B3390CA9A557C1810F52FE38EAF9404CF035F8A1D70A5AAAFA3EA60","2"
"record_balanced_original_rule","20260626","4BF70BED02886DBB1B4BBDC99C922AFFFBF05DBA462F541F030050DC546DDEE9","rbv01_0213C5737861DD256119EF44D45CD1CECAF08BA1B29FE2AD47F7CEE0237AF618","0"
"record_balanced_original_rule","20260626","4C17B0B8C9855F210E5E0686AB5C138B8900568C770055EADC8ED6583965AEFD","rbv01_011B84DDF86961F6053ED2B20908582AF6425C6EFA13305F705F7C498093367C","1"
"record_balanced_original_rule","20260626","4C246C49379D39671B1C1E73C076C00560D36F82BAD1B1C850A84C9931ADFFAD","rbv01_011B84DDF86961F6053ED2B20908582AF6425C6EFA13305F705F7C498093367C","1"
"record_balanced_original_rule","20260626","4D309BEA4507777F3A4248A6C711912DFB50A2F9445EAA470AA25DDB2E25D43D","rbv01_2358EC0C12B602E4B7C5F9C580844910C6D49ACB512E9988307B46ECAFCD07F3","4"
"record_balanced_original_rule","20260626","4D6EE8DA84AF6D99212327D362FFAD481C666DA081AA72CB3F7E29E423B4A2F8","rbv01_0213C5737861DD256119EF44D45CD1CECAF08BA1B29FE2AD47F7CEE0237AF618","0"
"record_balanced_original_rule","20260626","4DDDC216782D2960AEAEF9370B334BFB65C8D314C1BAB9BBA18455370DB3342F","rbv01_011B84DDF86961F6053ED2B20908582AF6425C6EFA13305F705F7C498093367C","1"
"record_balanced_original_rule","20260626","4DEFC47228E4B12BDC04646BB8BB24245A7FD2A635F65D64CEC8DEDF620DD6C4","rbv01_01C322D9FB99669376EAE9C000289E1B0BF73B04313F3AF1BFE6D03B29E89068","3"
"record_balanced_original_rule","20260626","4E2DE2EDF2A6245DDD07BAE533336D7C3EAD221EAAD4864C9787E47FD828B7E7","rbv01_01C322D9FB99669376EAE9C000289E1B0BF73B04313F3AF1BFE6D03B29E89068","3"
"record_balanced_original_rule","20260626","4EB2767698EC813807F2FBC0AF44794BD389BBD3A39519B4912202E199CB91CF","rbv01_054201B2ED3ADADFBB0028C07B1A262219631DC717FDE4862C42583AB67D10C2","1"
"record_balanced_original_rule","20260626","4F2B583FE4E7764C42D005CE39EFBBFC2106F3E1E70AA23761211B98F5A7B319","rbv01_0DA9CA625518CEB3C5B20C7295004FB7CDC5BC108FF93282C63467286DA188EB","4"
"record_balanced_original_rule","20260626","4F616FF5D7F89A5D8CD2F80944E68D5D9016AD33F3CCB7CE44165A7E4D48582A","rbv01_0DA9CA625518CEB3C5B20C7295004FB7CDC5BC108FF93282C63467286DA188EB","4"
"record_balanced_original_rule","20260626","5045C2C6959EA40470DFEECDBFF501C04B7FB52D432E3636366EE63391BB26DF","rbv01_011B84DDF86961F6053ED2B20908582AF6425C6EFA13305F705F7C498093367C","1"
"record_balanced_original_rule","20260626","511219158301CB59D03A8430389179F1DF8B9F3EAD0B65457F7DC5C860B65143","rbv01_2358EC0C12B602E4B7C5F9C580844910C6D49ACB512E9988307B46ECAFCD07F3","4"
"record_balanced_original_rule","20260626","51AED83FEBEBBBDF81BF76A9DEBDC2496EDF80BE005F5E74BDF6EC48025D254E","rbv01_011B84DDF86961F6053ED2B20908582AF6425C6EFA13305F705F7C498093367C","1"
"record_balanced_original_rule","20260626","5224D6BB74AF0B9DFAE3AEB255D416B041D9B1D98CB4B32636FE77B29EB7EF80","rbv01_011B84DDF86961F6053ED2B20908582AF6425C6EFA13305F705F7C498093367C","1"
"record_balanced_original_rule","20260626","526CB10D1926DF75FFE3294A10036820F5E9B397E289C7619F9BFBDF7E001D5F","rbv01_011B84DDF86961F6053ED2B20908582AF6425C6EFA13305F705F7C498093367C","1"
"record_balanced_original_rule","20260626","527FAB735F1124C4763E261857868A75747E78A9E2AE1E6A8FDB0768F3C7F876","rbv01_76BCAA01B24B5B79F90CBEA55222EB028CC0DA3AC4CAD5CF5008C6EE1291E4FC","0"
"record_balanced_original_rule","20260626","529420CA06A50691BF6BF36D9CD498662A360E73D696F422A144A9DBFA524461","rbv01_021729FAD057771AC5A3F59730477FE06019418FF0104B829F6E153E2D91134D","3"
"record_balanced_original_rule","20260626","534F9F6A382D86CD0AC2FD148D9647C8F4DABAED9725DE3F2EDCD815DE3A6744","rbv01_2358EC0C12B602E4B7C5F9C580844910C6D49ACB512E9988307B46ECAFCD07F3","4"
"record_balanced_original_rule","20260626","53B57017738A840DE09247C52226912C224E73007DEC7D366B81EF86BCF0C802","rbv01_2358EC0C12B602E4B7C5F9C580844910C6D49ACB512E9988307B46ECAFCD07F3","4"
"record_balanced_original_rule","20260626","53BB7B0BA4D65E00579D7CB4D5801C992D8D730035DC3644B14DF19167B40B46","rbv01_054201B2ED3ADADFBB0028C07B1A262219631DC717FDE4862C42583AB67D10C2","1"
"record_balanced_original_rule","20260626","53BFDBB9B8E0218E1494423F87B6DE59EB63C3014CDEC30C4BC068AFD5B6B835","rbv01_0E9E0FC3E20BED0F32C5DF6A0164CCE77E206A06E5378ED855756B22A2C4F6E6","3"
"record_balanced_original_rule","20260626","53E3752651A5631B1DBB70D27EAE92E6E60AD4A741291A8BC14F4925FDC95823","rbv01_0E9E0FC3E20BED0F32C5DF6A0164CCE77E206A06E5378ED855756B22A2C4F6E6","3"
"record_balanced_original_rule","20260626","540640EFFF86AE4AEDB91DC09CBE8EA2B29C46299239AA9BE2F56CE7D83DF037","rbv01_0213C5737861DD256119EF44D45CD1CECAF08BA1B29FE2AD47F7CEE0237AF618","0"
"record_balanced_original_rule","20260626","545D8357071AE6D64E54617785D37552C9DAF6E20F4553C56E64730AE30DA43A","rbv01_0E9E0FC3E20BED0F32C5DF6A0164CCE77E206A06E5378ED855756B22A2C4F6E6","3"
"record_balanced_original_rule","20260626","5468D9B9D12EA6F793E3D6F744C9DAF90D2E455EB7906DACF0516BBDA253EBA9","rbv01_046276E5E1EC434CD47FE2E1D4137204B7C79D59E90B81B5BFE9A77BC6C0BB54","2"
"record_balanced_original_rule","20260626","547A7ECB082E1396DC5BF15010A4A42C46C061C8725A118FA7824033BB0BC50A","rbv01_0E9E0FC3E20BED0F32C5DF6A0164CCE77E206A06E5378ED855756B22A2C4F6E6","3"
"record_balanced_original_rule","20260626","55014121E5C882552CF9155F776E0CF47718145447C7BC4EABB2DAC2C0E7DE25","rbv01_0E9E0FC3E20BED0F32C5DF6A0164CCE77E206A06E5378ED855756B22A2C4F6E6","3"
"record_balanced_original_rule","20260626","553FAFC31B25E52B6C086339C65A6235181C325B0F590ED23612B07B731756F2","rbv01_011B84DDF86961F6053ED2B20908582AF6425C6EFA13305F705F7C498093367C","1"
"record_balanced_original_rule","20260626","55634C205CFA0E4C6E0C00A73AEF26E144B5B00B101D11A5570063A4858C7B84","rbv01_011B84DDF86961F6053ED2B20908582AF6425C6EFA13305F705F7C498093367C","1"
"record_balanced_original_rule","20260626","558F416E7B0A01D9A2560B557EC90ACEDD265ADDF96D27310D9CDBB7EC5BEC9C","rbv01_01C322D9FB99669376EAE9C000289E1B0BF73B04313F3AF1BFE6D03B29E89068","3"
"record_balanced_original_rule","20260626","55AF0F4A3B9E4E6C2857380D9C27D5A3CFCB006691BFBF934300C26D8927901E","rbv01_2358EC0C12B602E4B7C5F9C580844910C6D49ACB512E9988307B46ECAFCD07F3","4"
"record_balanced_original_rule","20260626","560D72B3593A990815FE48B1155EBBE88C3C0435ABE07CE239CE9C7307C15D56","rbv01_0213C5737861DD256119EF44D45CD1CECAF08BA1B29FE2AD47F7CEE0237AF618","0"
"record_balanced_original_rule","20260626","5639318B014A2C944CC5285A00F41B8E74052DF50863E0EFD87BAD21ADBCACE6","rbv01_011B84DDF86961F6053ED2B20908582AF6425C6EFA13305F705F7C498093367C","1"
"record_balanced_original_rule","20260626","56C214C3F046023DA6B0771E67FAB270EFF584ABF9D9F973757415ADCE1A99F3","rbv01_011B84DDF86961F6053ED2B20908582AF6425C6EFA13305F705F7C498093367C","1"
"record_balanced_original_rule","20260626","57050E6A8DEDDE7DB4CAFFBF7AEEACB012030BC6576ECD99999F3C8A7976C375","rbv01_0213C5737861DD256119EF44D45CD1CECAF08BA1B29FE2AD47F7CEE0237AF618","0"
"record_balanced_original_rule","20260626","57E45F7478676079B8B072E89DE3BFA39F6A00778BA8222E21BED5B3D48BB3D2","rbv01_011B84DDF86961F6053ED2B20908582AF6425C6EFA13305F705F7C498093367C","1"
"record_balanced_original_rule","20260626","57E97D0A553803661F82EB973E74A82B4A4FF3B4FA5A6B09EBA7B2C3BB32A2A7","rbv01_011B84DDF86961F6053ED2B20908582AF6425C6EFA13305F705F7C498093367C","1"
"record_balanced_original_rule","20260626","585604A3364E953D27D7E96337FD9B2AB42645B7A86BD54240E68C8622CAE86E","rbv01_0213C5737861DD256119EF44D45CD1CECAF08BA1B29FE2AD47F7CEE0237AF618","0"
"record_balanced_original_rule","20260626","5859EC6E9C64004E87D38D7D86AA4D3F2773AAA7C2DC56D6F71CF8A9F7001727","rbv01_0213C5737861DD256119EF44D45CD1CECAF08BA1B29FE2AD47F7CEE0237AF618","0"
"record_balanced_original_rule","20260626","5873A6B1ABADDBD30A3EC32573C3936AE36D498CCD6A333EAF7CB4A2944E3005","rbv01_2358EC0C12B602E4B7C5F9C580844910C6D49ACB512E9988307B46ECAFCD07F3","4"
"record_balanced_original_rule","20260626","587F949A84CB56FE11AB6B6D62E7790A37AEA7DB27CB595C3498FDACF036FDC5","rbv01_0E9E0FC3E20BED0F32C5DF6A0164CCE77E206A06E5378ED855756B22A2C4F6E6","3"
"record_balanced_original_rule","20260626","589909DA400CDA359FA0E7A50DF7A5251AC809128D4617304628995B9E71301E","rbv01_01C322D9FB99669376EAE9C000289E1B0BF73B04313F3AF1BFE6D03B29E89068","3"
"record_balanced_original_rule","20260626","593386B6291210BC5B8FF118B6B2A17D08B338381A28602C61E99B0FDA6867B9","rbv01_0213C5737861DD256119EF44D45CD1CECAF08BA1B29FE2AD47F7CEE0237AF618","0"
"record_balanced_original_rule","20260626","59C2FE5686A10BA06EC84AC544A92FA2E677E6A490A1F44AC5FAAF3E4AE4C03C","rbv01_0E9E0FC3E20BED0F32C5DF6A0164CCE77E206A06E5378ED855756B22A2C4F6E6","3"
"record_balanced_original_rule","20260626","5A34B647354A5293524F20A0436591EFC8C26D9AFEFD91527FA94AE94D4592E7","rbv01_011B84DDF86961F6053ED2B20908582AF6425C6EFA13305F705F7C498093367C","1"
"record_balanced_original_rule","20260626","5A5F363DDF5138B82CC8A2D2E16B99326EFA2D7C66A6BA0AE7936C640E48DB3C","rbv01_011B84DDF86961F6053ED2B20908582AF6425C6EFA13305F705F7C498093367C","1"
"record_balanced_original_rule","20260626","5AF732DB4071EF1AE930CD7722F2971A337C01ACA23BE39B063C81B442EDFA30","rbv01_0213C5737861DD256119EF44D45CD1CECAF08BA1B29FE2AD47F7CEE0237AF618","0"
"record_balanced_original_rule","20260626","5B0920E92A70337286CFAD56B29C6D9D1DAB06EF6E218462A5F0C0BC751D8FFE","rbv01_0D49377FA046416BEACFBB00B72B25CF04B27FCDD1DFA22E7E8C3ECE070E08F2","2"
"record_balanced_original_rule","20260626","5C405999428C131305A40C881E8D00DAE368C9E29F30FBC763519E5AA36FDB74","rbv01_011B84DDF86961F6053ED2B20908582AF6425C6EFA13305F705F7C498093367C","1"
"record_balanced_original_rule","20260626","5C4A573C9E11E22CD4CA466DAFB46D88B772EF6130F2B9E61FA62DB4B7D13E64","rbv01_011B84DDF86961F6053ED2B20908582AF6425C6EFA13305F705F7C498093367C","1"
"record_balanced_original_rule","20260626","5CB46307AFB5C3CEC13FA622A8F81A5E448DF596917242D1B61C4A778D9E9D7D","rbv01_0213C5737861DD256119EF44D45CD1CECAF08BA1B29FE2AD47F7CEE0237AF618","0"
"record_balanced_original_rule","20260626","5CD6C75FBE29FA80E3BB7F5775589164AC3B2E3D1A5C2EE8E8C433BB6BF43510","rbv01_011B84DDF86961F6053ED2B20908582AF6425C6EFA13305F705F7C498093367C","1"
"record_balanced_original_rule","20260626","5CE0FA3E17A2E4B395186D7EBB7CD22DF86A5C57EA7FDC72CC741F891C3C6757","rbv01_0E9E0FC3E20BED0F32C5DF6A0164CCE77E206A06E5378ED855756B22A2C4F6E6","3"
"record_balanced_original_rule","20260626","5D63FAD27555B9DB68AD10175AEB6A60FD59F0AFD0FE146695953486FAAE45FB","rbv01_08EC8F274B3390CA9A557C1810F52FE38EAF9404CF035F8A1D70A5AAAFA3EA60","2"
"record_balanced_original_rule","20260626","5E0071CD5CB55992A750BCE258ADDBC8B0C9CF1D50FD77C5A24D6DFC814011CC","rbv01_147C763D2DD7A735DC5DA68C31ECD7579510C8C8494E1BBB99D46B386B713D84","3"
"record_balanced_original_rule","20260626","5E0281654E30919D5D82F901F17AED34F85BF0A1AB24DE74043602CB526809F0","rbv01_011B84DDF86961F6053ED2B20908582AF6425C6EFA13305F705F7C498093367C","1"
"record_balanced_original_rule","20260626","5E06FD7724DAA44666253EBCB056D98D636326C24480117CBCD8FAD871EB876C","rbv01_0C68AE2824568C19A46D2947C2D1EB95DFE6E72AF600B3275A62492DFFF69BF3","3"
"record_balanced_original_rule","20260626","5F36CCB2F2766F08143AA3B93A9252C8E51E6B0904375C2353C376C92E2E57EE","rbv01_147C763D2DD7A735DC5DA68C31ECD7579510C8C8494E1BBB99D46B386B713D84","3"
"record_balanced_original_rule","20260626","5FC7F592B55D903EF47A4A3A0B2DF59F146AFCCD6B6EEC56595A34392212186A","rbv01_011B84DDF86961F6053ED2B20908582AF6425C6EFA13305F705F7C498093367C","1"
"record_balanced_original_rule","20260626","5FC9599CDCDE496EC24CFCBB80224C8DDADDA4DACD78E4FB274073A1FB81DD78","rbv01_011B84DDF86961F6053ED2B20908582AF6425C6EFA13305F705F7C498093367C","1"
"record_balanced_original_rule","20260626","607F64DDB025C3F5C3B87DDE0E830EE58D66385CD5CADB63CAF0BC1C1BE9E25A","rbv01_01C322D9FB99669376EAE9C000289E1B0BF73B04313F3AF1BFE6D03B29E89068","3"
"record_balanced_original_rule","20260626","6092B66F178B3C7E0D960FEF9575ADD9A60E346D4ECDBBF528DEE179E4F71DA7","rbv01_046276E5E1EC434CD47FE2E1D4137204B7C79D59E90B81B5BFE9A77BC6C0BB54","2"
"record_balanced_original_rule","20260626","609749579572B2FA6E14FA1EEB1F875B07B2F9FF9C72A3E3939FB6EDD90DBEEB","rbv01_0213C5737861DD256119EF44D45CD1CECAF08BA1B29FE2AD47F7CEE0237AF618","0"
"record_balanced_original_rule","20260626","60FE2F0C145E2CFD68F826BE3443271BEC5594C868617B24A4CEBD34586C265D","rbv01_01C322D9FB99669376EAE9C000289E1B0BF73B04313F3AF1BFE6D03B29E89068","3"
"record_balanced_original_rule","20260626","61016099D502283DA40D4EE4B9F7C0ED7DF6F7D964401D6A2D8CF3EB6248FCF1","rbv01_0E9E0FC3E20BED0F32C5DF6A0164CCE77E206A06E5378ED855756B22A2C4F6E6","3"
"record_balanced_original_rule","20260626","6112398A5A27A1DDBAE7D6EEB8F1D68BD7CF7787D3B91DF1A831D7E5CADC9093","rbv01_054201B2ED3ADADFBB0028C07B1A262219631DC717FDE4862C42583AB67D10C2","1"
"record_balanced_original_rule","20260626","6142EE048B1B633FA5249772D940196675EC543F3226DDDC2433B4DBB15E3B25","rbv01_01C322D9FB99669376EAE9C000289E1B0BF73B04313F3AF1BFE6D03B29E89068","3"
"record_balanced_original_rule","20260626","6174FF925532C926AAA32B79CA43300752AD193CF23A92B8659393C437840F13","rbv01_0213C5737861DD256119EF44D45CD1CECAF08BA1B29FE2AD47F7CEE0237AF618","0"
"record_balanced_original_rule","20260626","61A09FA5B6C964AC5A1B5CF9C6D57743E0A6CDC9A9F8052EFE320510632BBCBF","rbv01_011B84DDF86961F6053ED2B20908582AF6425C6EFA13305F705F7C498093367C","1"
"record_balanced_original_rule","20260626","6216459473676649F75F11A9C627388BF00109948ECF84C5364ECC7519473562","rbv01_011B84DDF86961F6053ED2B20908582AF6425C6EFA13305F705F7C498093367C","1"
"record_balanced_original_rule","20260626","62A5E1A05A38F7781B623E66C3C9663D8D191152A46CFCA583EE0FFCA699D18E","rbv01_2358EC0C12B602E4B7C5F9C580844910C6D49ACB512E9988307B46ECAFCD07F3","4"
"record_balanced_original_rule","20260626","62FBDE22D30C21640013F7960847A31F801A567F17DD3466485C84E68C2F4A76","rbv01_0213C5737861DD256119EF44D45CD1CECAF08BA1B29FE2AD47F7CEE0237AF618","0"
"record_balanced_original_rule","20260626","63CB23ECC2CBBC2F66E3FA210899309DE3B993E414146D1BA55D2766A60D1D3C","rbv01_011B84DDF86961F6053ED2B20908582AF6425C6EFA13305F705F7C498093367C","1"
"record_balanced_original_rule","20260626","63DF561656502F71DB9CF94570A0BAEC8C6EB0A93198BD12C45E1B5323792361","rbv01_0E9E0FC3E20BED0F32C5DF6A0164CCE77E206A06E5378ED855756B22A2C4F6E6","3"
"record_balanced_original_rule","20260626","640ADC9C9E5B52E8423895DF788D46B5B2B7ECBBB00F7AC4C1EE8102766842AB","rbv01_0E9E0FC3E20BED0F32C5DF6A0164CCE77E206A06E5378ED855756B22A2C4F6E6","3"
"record_balanced_original_rule","20260626","6486B0B00B6A64D5FF711049D18835756EC3243B4AE0B146640B61E3DBBF3B1B","rbv01_2358EC0C12B602E4B7C5F9C580844910C6D49ACB512E9988307B46ECAFCD07F3","4"
"record_balanced_original_rule","20260626","64BCED7CD45A062E0D93E9DA6A459E08E7DE3EE75334CEC74B37EC8FF0D387FB","rbv01_25A206590D1048D18147FD26B701861897281071258782AED6A00779FFF7210A","1"
"record_balanced_original_rule","20260626","64C619A75D94EA4475D6BBF73AB84509C81BE1871176F2040555FB74C94DF678","rbv01_054201B2ED3ADADFBB0028C07B1A262219631DC717FDE4862C42583AB67D10C2","1"
"record_balanced_original_rule","20260626","64D37F8EC94157972501866F2C0409596E19184285BE6BB17F05CD21384C6C66","rbv01_011B84DDF86961F6053ED2B20908582AF6425C6EFA13305F705F7C498093367C","1"
"record_balanced_original_rule","20260626","64FB82376477A79AB45C3F7EA5AAFB49EE7423DF9CEE856D7DC34E22794A133C","rbv01_0DA9CA625518CEB3C5B20C7295004FB7CDC5BC108FF93282C63467286DA188EB","4"
"record_balanced_original_rule","20260626","6547A33CB61AB244D15ECF247ABF262D96D6472DC78D3F5CAE326622A202F9FB","rbv01_0E9E0FC3E20BED0F32C5DF6A0164CCE77E206A06E5378ED855756B22A2C4F6E6","3"
"record_balanced_original_rule","20260626","656390EED1FD9897918FE16673DD9919DA443EEF28949541135699DE80A4846F","rbv01_0DA9CA625518CEB3C5B20C7295004FB7CDC5BC108FF93282C63467286DA188EB","4"
"record_balanced_original_rule","20260626","657EEF51C5520A0224536CE12861644354A6A9B5C07D2B3879D62C05ABEDDD32","rbv01_0213C5737861DD256119EF44D45CD1CECAF08BA1B29FE2AD47F7CEE0237AF618","0"
"record_balanced_original_rule","20260626","661FC0C39FF5A85F97A0C6688C297F8B7E98C764E4A11420E164B018D9E7226C","rbv01_4C51CFDB4AF8C1E97EE68AD316E14EE38D69EBF9BC08EA86615CC9553C187FB5","4"
"record_balanced_original_rule","20260626","6627CE031858FF0E6CF28EBB1CB041EBA4FE95AB467047BDD1561249CCF925A1","rbv01_011D932A057B34C28A553A7C900731E1D7B1E42FD9312A7495A3DF8ECA2AF3C9","4"
"record_balanced_original_rule","20260626","66353004E46A7D2DEA8AAFE7F83594C8F92144747DA49A5CF301F31E84591F1D","rbv01_2358EC0C12B602E4B7C5F9C580844910C6D49ACB512E9988307B46ECAFCD07F3","4"
"record_balanced_original_rule","20260626","66A1BE2CD6F6FF08C11A2C3357EF8EC0C032A86D5D87B13B11945FBD45127931","rbv01_0213C5737861DD256119EF44D45CD1CECAF08BA1B29FE2AD47F7CEE0237AF618","0"
"record_balanced_original_rule","20260626","66BAC981C1C4701485BEE46F46AF3026FED8EBB0BCF9929C549C58791E83067E","rbv01_011B84DDF86961F6053ED2B20908582AF6425C6EFA13305F705F7C498093367C","1"
"record_balanced_original_rule","20260626","6704B9633DCEBC2BA01FDECDFD5EA4A5370D106858137FFEAAAC036EFB3FD757","rbv01_0213C5737861DD256119EF44D45CD1CECAF08BA1B29FE2AD47F7CEE0237AF618","0"
"record_balanced_original_rule","20260626","6835116907D67386298A9EF5227E3B49C83D7F220C27D7E8DD2D87BF3A43EF25","rbv01_0213C5737861DD256119EF44D45CD1CECAF08BA1B29FE2AD47F7CEE0237AF618","0"
"record_balanced_original_rule","20260626","6871BE6DDBAEC27287050ECFCAB5CFC294576AA669561D671D6FB888E6328DFD","rbv01_0213C5737861DD256119EF44D45CD1CECAF08BA1B29FE2AD47F7CEE0237AF618","0"
"record_balanced_original_rule","20260626","68F263FF68635FB84AD0D3374FC9B9E01894B2311A0B168682615C327AD57C9D","rbv01_011B84DDF86961F6053ED2B20908582AF6425C6EFA13305F705F7C498093367C","1"
"record_balanced_original_rule","20260626","6941EF9147030F468EE2273E4A1E92FDB438B995704E775A9791FFD169DA606E","rbv01_046276E5E1EC434CD47FE2E1D4137204B7C79D59E90B81B5BFE9A77BC6C0BB54","2"
"record_balanced_original_rule","20260626","69F9E99C1BC30717A040E1750774FFC9D8C8D5C2512C4E4A212E94803FFE0AE6","rbv01_0213C5737861DD256119EF44D45CD1CECAF08BA1B29FE2AD47F7CEE0237AF618","0"
"record_balanced_original_rule","20260626","6A8E5EF237A69BFE6D5A70FB5C1488D0FAEC6E1B92FA28AC8D95C05C357B5E63","rbv01_0213C5737861DD256119EF44D45CD1CECAF08BA1B29FE2AD47F7CEE0237AF618","0"
"record_balanced_original_rule","20260626","6AA1B00D7021262502B6FC95332455EE8A2AF272251C8E28591E30E64E069844","rbv01_011B84DDF86961F6053ED2B20908582AF6425C6EFA13305F705F7C498093367C","1"
"record_balanced_original_rule","20260626","6B62116FD3F14E23A9BB0F458049B58C6EAC702097C8DB30EEA0A6299A978491","rbv01_011B84DDF86961F6053ED2B20908582AF6425C6EFA13305F705F7C498093367C","1"
"record_balanced_original_rule","20260626","6B76A22D19B1D56262EEF9CAFD58D3BFA5B9643F2632351328F814F15539D869","rbv01_02F3E19E40F367B65842ED87339C30DC3CDDB63BF424A5DC683F489D6C8C8311","4"
"record_balanced_original_rule","20260626","6BDF067CFC053B069E3183683DC72BBE0A12C15DC196EE8D3F4953977C271993","rbv01_0213C5737861DD256119EF44D45CD1CECAF08BA1B29FE2AD47F7CEE0237AF618","0"
"record_balanced_original_rule","20260626","6C922E08B80DE2068FBBC9A2442520E7645A9213FBFA99AD3C6BD159413E6984","rbv01_054201B2ED3ADADFBB0028C07B1A262219631DC717FDE4862C42583AB67D10C2","1"
"record_balanced_original_rule","20260626","6CEDF7B181B79ABE208B9B3629075DE29BC2DE50AA954EA2D9B290AD89289D3E","rbv01_0213C5737861DD256119EF44D45CD1CECAF08BA1B29FE2AD47F7CEE0237AF618","0"
"record_balanced_original_rule","20260626","6DC61C5079EAE1BF435C0CAF99FA1F723762BF4F36B7217EAC665DEBB7019D22","rbv01_0213C5737861DD256119EF44D45CD1CECAF08BA1B29FE2AD47F7CEE0237AF618","0"
"record_balanced_original_rule","20260626","6DDCAE134AB83721AD746E97F4EB54587BD68D18364D0DC55F8549DF5F0BFCAC","rbv01_0213C5737861DD256119EF44D45CD1CECAF08BA1B29FE2AD47F7CEE0237AF618","0"
"record_balanced_original_rule","20260626","6DFCD6D1DE431CD3BF5FB02128D7E6FDA2A67CB8ECCE454753A3C0AD25F0D5E7","rbv01_021729FAD057771AC5A3F59730477FE06019418FF0104B829F6E153E2D91134D","3"
"record_balanced_original_rule","20260626","6E16D5A3B7D6E582F57D49E897AAC0B8AE660A58B9052725EB1E58296FA6DD9E","rbv01_08EC8F274B3390CA9A557C1810F52FE38EAF9404CF035F8A1D70A5AAAFA3EA60","2"
"record_balanced_original_rule","20260626","6E187297C1AE74CB8901ED1168D5875901332BEB5D5995CE7800BD4F6E63F598","rbv01_0D49377FA046416BEACFBB00B72B25CF04B27FCDD1DFA22E7E8C3ECE070E08F2","2"
"record_balanced_original_rule","20260626","6E2CE6662A3F7CED5954DFCF2748D1100486272089328053160D35570DEF9176","rbv01_2358EC0C12B602E4B7C5F9C580844910C6D49ACB512E9988307B46ECAFCD07F3","4"
"record_balanced_original_rule","20260626","6E3D7AFFC6CFBC1997F093BFC1EE37CE65F804210E91FA782BC18EB91E20276D","rbv01_0E9E0FC3E20BED0F32C5DF6A0164CCE77E206A06E5378ED855756B22A2C4F6E6","3"
"record_balanced_original_rule","20260626","6E7EC6A2B99FF56CD1CC1524A3946C806CD9E95632811B0148C8616EE45158CB","rbv01_2358EC0C12B602E4B7C5F9C580844910C6D49ACB512E9988307B46ECAFCD07F3","4"
"record_balanced_original_rule","20260626","6F1A04651BA12124A63D7EE5D8B2AEBD48FFB9DBA0EF9D2AD18DD998806DAB84","rbv01_046276E5E1EC434CD47FE2E1D4137204B7C79D59E90B81B5BFE9A77BC6C0BB54","2"
"record_balanced_original_rule","20260626","6FC81B17E3416F9C59041B8CB05B9B1EBBAF63CC8CD0EE6E4EF0468633802282","rbv01_01C322D9FB99669376EAE9C000289E1B0BF73B04313F3AF1BFE6D03B29E89068","3"
"record_balanced_original_rule","20260626","6FD342A5B3945B082CBD550209195D135DC89542AEC23F7418667340E5A199BC","rbv01_046276E5E1EC434CD47FE2E1D4137204B7C79D59E90B81B5BFE9A77BC6C0BB54","2"
"record_balanced_original_rule","20260626","7001E110B0B28C6032141C04E13BB35E17AD7F565ED72191757F0E919841569B","rbv01_011B84DDF86961F6053ED2B20908582AF6425C6EFA13305F705F7C498093367C","1"
"record_balanced_original_rule","20260626","7029B557234AC6051E24A16C9B339519D5E3579E6FDB8C49B4A0260D580494F3","rbv01_0213C5737861DD256119EF44D45CD1CECAF08BA1B29FE2AD47F7CEE0237AF618","0"
"record_balanced_original_rule","20260626","703BE4FB6B5EAE49BA8409E3AEF0A1DA144EE1C72AA5E90D707BDA8CB02F33C3","rbv01_011B84DDF86961F6053ED2B20908582AF6425C6EFA13305F705F7C498093367C","1"
"record_balanced_original_rule","20260626","705A52AFC96DD8F8A0680986F37753D0F1F6A2CBDEBC3F72280B466B6CDB50ED","rbv01_011D932A057B34C28A553A7C900731E1D7B1E42FD9312A7495A3DF8ECA2AF3C9","4"
"record_balanced_original_rule","20260626","707DA448FC2DFE79C4960A7D1DE4CFCF3451C22AA827CF0D09DCCDD2CD3C1F39","rbv01_011B84DDF86961F6053ED2B20908582AF6425C6EFA13305F705F7C498093367C","1"
"record_balanced_original_rule","20260626","70BC49653619BB7835874DFD94FF64268AF6A2C06E47D4DFBFEF7ADD4D1F1120","rbv01_0213C5737861DD256119EF44D45CD1CECAF08BA1B29FE2AD47F7CEE0237AF618","0"
"record_balanced_original_rule","20260626","713CAE6D9C810853CAA85719BEF1E7ADBAD4FFA2E92902EB2D5D5738BEAB0C65","rbv01_011B84DDF86961F6053ED2B20908582AF6425C6EFA13305F705F7C498093367C","1"
"record_balanced_original_rule","20260626","71AD8BB01A72E70509B0F9639C592D7E0C41AE9A4A27D999B262303039764CF7","rbv01_0213C5737861DD256119EF44D45CD1CECAF08BA1B29FE2AD47F7CEE0237AF618","0"
"record_balanced_original_rule","20260626","71E0A6FD60241D170159AE8A16A1FEB4273E2FE09D3E12702BEE6F21EE5DA4F1","rbv01_08EC8F274B3390CA9A557C1810F52FE38EAF9404CF035F8A1D70A5AAAFA3EA60","2"
"record_balanced_original_rule","20260626","7211B9B2889F483AE44A9727A4849CEA1E6240D7C4422DC4FC04D4E49FC55A24","rbv01_011B84DDF86961F6053ED2B20908582AF6425C6EFA13305F705F7C498093367C","1"
"record_balanced_original_rule","20260626","722AC44069039667B277FA0C2B5B7C392E00983D059A534B7D52658A01D8CFDE","rbv01_021729FAD057771AC5A3F59730477FE06019418FF0104B829F6E153E2D91134D","3"
"record_balanced_original_rule","20260626","726B528E61491529A6A0C94B16217808470BB9A473127CE62C8FB518C955BAB7","rbv01_0213C5737861DD256119EF44D45CD1CECAF08BA1B29FE2AD47F7CEE0237AF618","0"
"record_balanced_original_rule","20260626","736FC34A836F960541AEE1FC818367DCF83048C32817BCEA8C3FEFEBDCCD1098","rbv01_011B84DDF86961F6053ED2B20908582AF6425C6EFA13305F705F7C498093367C","1"
"record_balanced_original_rule","20260626","73E3BE3DD8F7297499AA3A3DD96CAAFDED3AFC7AFD0167112401F6A2429286B4","rbv01_0213C5737861DD256119EF44D45CD1CECAF08BA1B29FE2AD47F7CEE0237AF618","0"
"record_balanced_original_rule","20260626","7433126F697E3274B8BC3154977B87D7B8DBC4095ACA33FB8802E00598ED7120","rbv01_011B84DDF86961F6053ED2B20908582AF6425C6EFA13305F705F7C498093367C","1"
"record_balanced_original_rule","20260626","74DFB4FD1256FB7CC67CF7F5582D490405547298B3EE387029E625D6972B640F","rbv01_011B84DDF86961F6053ED2B20908582AF6425C6EFA13305F705F7C498093367C","1"
"record_balanced_original_rule","20260626","759E52C2C2F43D99896050CE86E6DFDE11FE522EF9DD394DDA978524F101D953","rbv01_01C322D9FB99669376EAE9C000289E1B0BF73B04313F3AF1BFE6D03B29E89068","3"
"record_balanced_original_rule","20260626","75FDA890D0520C0094B6D2D70B20226FB88197ED9B4A868EDEBA787FE2F4CD8B","rbv01_4C51CFDB4AF8C1E97EE68AD316E14EE38D69EBF9BC08EA86615CC9553C187FB5","4"
"record_balanced_original_rule","20260626","760038AE4D83E69D3950F813FB2CFDE096FC0F7A3CB3ECB9EC4D0E8CD8AE532B","rbv01_2358EC0C12B602E4B7C5F9C580844910C6D49ACB512E9988307B46ECAFCD07F3","4"
"record_balanced_original_rule","20260626","761E7106DC5BA4CE7DD1B9546304F5C8E39644F7AC483FC299C9CE6D755A7850","rbv01_25865A5FDDFF4A9F27EC5C10E5442A5D79D45CFAD482750F086BB81DD1C607F9","2"
"record_balanced_original_rule","20260626","766764B56BDD951FF8381162FD8A526722A910553545374D4178BB647F115D96","rbv01_0C68AE2824568C19A46D2947C2D1EB95DFE6E72AF600B3275A62492DFFF69BF3","3"
"record_balanced_original_rule","20260626","7716CF6F67DD130F321CFBA976FA00D3EF30329E1E96A42F15118BBCD05CCECC","rbv01_011B84DDF86961F6053ED2B20908582AF6425C6EFA13305F705F7C498093367C","1"
"record_balanced_original_rule","20260626","7742DD4BE001F0334BE658E868FDCBEC91A607C85C16B862D62F2664E532B332","rbv01_1A2E259AFB28A34C9C6E003C355FAC70F5755F63B27530053ACE4BA8A31F3C72","4"
"record_balanced_original_rule","20260626","77604112D3B238868D7D3E5B8DF4426A8F37887D6442866A33C3DDF0523A0EF3","rbv01_2358EC0C12B602E4B7C5F9C580844910C6D49ACB512E9988307B46ECAFCD07F3","4"
"record_balanced_original_rule","20260626","77708406F2F043B41D0AA0DA15FB80202871940C693837D9FEEBAA3C13AFEA2C","rbv01_0213C5737861DD256119EF44D45CD1CECAF08BA1B29FE2AD47F7CEE0237AF618","0"
"record_balanced_original_rule","20260626","7790E8A56AF1E00E7437AA2E1E7A1DA1BE4B23C1FBA7699A17122CAEDCBD16FD","rbv01_0213C5737861DD256119EF44D45CD1CECAF08BA1B29FE2AD47F7CEE0237AF618","0"
"record_balanced_original_rule","20260626","787A570CB42F97FA3D6D18A2DDA23F76AC7C65FA832E1882E48141C60050AF18","rbv01_011B84DDF86961F6053ED2B20908582AF6425C6EFA13305F705F7C498093367C","1"
"record_balanced_original_rule","20260626","78D251288A3018EEA78A874D1B7F5F46F0088E0B454D9235FAEA899F83E9B05F","rbv01_021729FAD057771AC5A3F59730477FE06019418FF0104B829F6E153E2D91134D","3"
"record_balanced_original_rule","20260626","78D98B6F9704D5D2B0425DAEEE18FF9F33CD7048497BFC027B63B5FD5A2072C8","rbv01_01C322D9FB99669376EAE9C000289E1B0BF73B04313F3AF1BFE6D03B29E89068","3"
"record_balanced_original_rule","20260626","793A4745373AA06A9ED3889F1971528DE5032F5BF0C24CEFACCE60044A9AB7A2","rbv01_011B84DDF86961F6053ED2B20908582AF6425C6EFA13305F705F7C498093367C","1"
"record_balanced_original_rule","20260626","793E91265FCA94A2D87F35E0FA4239C4A1C521F12CF61569CFDF16ED2C6D543D","rbv01_0E9E0FC3E20BED0F32C5DF6A0164CCE77E206A06E5378ED855756B22A2C4F6E6","3"
"record_balanced_original_rule","20260626","79638C93ED9AEA52C38B817A949E769DC6EDF13D05D49207874FC3013FC2A67E","rbv01_011B84DDF86961F6053ED2B20908582AF6425C6EFA13305F705F7C498093367C","1"
"record_balanced_original_rule","20260626","79A1860EE5B38BDFA8B202D3A1AFBEC8D8DA6FE3A0655EA29BA0A5489109839C","rbv01_0213C5737861DD256119EF44D45CD1CECAF08BA1B29FE2AD47F7CEE0237AF618","0"
"record_balanced_original_rule","20260626","79AB07403AC06ED7F796D7FED64397A42B9FCCAE7053A5F51719205E4471018D","rbv01_011B84DDF86961F6053ED2B20908582AF6425C6EFA13305F705F7C498093367C","1"
"record_balanced_original_rule","20260626","79C95AFBE047168EB7BC6E3920B23295FA09ABDE03FCD66952FBB3D1ABB313B9","rbv01_011B84DDF86961F6053ED2B20908582AF6425C6EFA13305F705F7C498093367C","1"
"record_balanced_original_rule","20260626","79EF293ADB205FCB3C5277EE36241F10D61A94CADBAB29EB959DEBFBC46634CB","rbv01_021729FAD057771AC5A3F59730477FE06019418FF0104B829F6E153E2D91134D","3"
"record_balanced_original_rule","20260626","79F1F18FB3DCD3F1CECFD36CCF7385AFF069973B43B3489B9A47B1A09DECFAD5","rbv01_01C322D9FB99669376EAE9C000289E1B0BF73B04313F3AF1BFE6D03B29E89068","3"
"record_balanced_original_rule","20260626","7A30CAC79982862553A37493B27A574A34EF0BF651BFC5BD7EB59A2146E62B98","rbv01_08EC8F274B3390CA9A557C1810F52FE38EAF9404CF035F8A1D70A5AAAFA3EA60","2"
"record_balanced_original_rule","20260626","7A5AC3BEA990AE4F927D37E334DEC12A940728B8C9BF75EB2A6FE6FB08B76D2E","rbv01_0213C5737861DD256119EF44D45CD1CECAF08BA1B29FE2AD47F7CEE0237AF618","0"
"record_balanced_original_rule","20260626","7A81B57BB190344EA26AC8CD7829F6B678F5E5030DED8EB97841BA97C0493CA7","rbv01_0213C5737861DD256119EF44D45CD1CECAF08BA1B29FE2AD47F7CEE0237AF618","0"
"record_balanced_original_rule","20260626","7AF7736561E1112502D6EF4B98E11660339B955EFC85FCC7AEAA62DDC335C141","rbv01_01C322D9FB99669376EAE9C000289E1B0BF73B04313F3AF1BFE6D03B29E89068","3"
"record_balanced_original_rule","20260626","7B76CF30B5FE2AF38163BF00E0FEE74108F710C9E7697C596F4774F419421EC8","rbv01_011B84DDF86961F6053ED2B20908582AF6425C6EFA13305F705F7C498093367C","1"
"record_balanced_original_rule","20260626","7BAC19A7E768E8030C060BD3F3FE5CE352F400B100EDA10A31778858DD50B8DB","rbv01_4A6CDC7218F267E114B083B225FC435EA4AECE9A8307DC39925FE5F442FDB97A","4"
"record_balanced_original_rule","20260626","7BB8A7C58505587787A562604E6D2AB015E8E38A45072BFF0595A6C552F9EF06","rbv01_054201B2ED3ADADFBB0028C07B1A262219631DC717FDE4862C42583AB67D10C2","1"
"record_balanced_original_rule","20260626","7BC08410D6F337F3C56031EE28EBB165B3FD4A79586174F0572F4AF1729EC77B","rbv01_0213C5737861DD256119EF44D45CD1CECAF08BA1B29FE2AD47F7CEE0237AF618","0"
"record_balanced_original_rule","20260626","7BCACE98F398A641FB75601B1583263E243DD9AB19A72DAFC7108209B044AE51","rbv01_011B84DDF86961F6053ED2B20908582AF6425C6EFA13305F705F7C498093367C","1"
"record_balanced_original_rule","20260626","7C1EF5B571765FD33FC916D743B8495439C771256B4BA392A567D421B6CA9375","rbv01_054201B2ED3ADADFBB0028C07B1A262219631DC717FDE4862C42583AB67D10C2","1"
"record_balanced_original_rule","20260626","7C51D7B79D0E04F6C1695758F0E6F471543C9D275195DC0B61928C78B097C181","rbv01_0C68AE2824568C19A46D2947C2D1EB95DFE6E72AF600B3275A62492DFFF69BF3","3"
"record_balanced_original_rule","20260626","7D612B9B4F90A7D2F9FDE087AA59EE3AF532A68D98A51A81204400C7CC92E7D3","rbv01_011B84DDF86961F6053ED2B20908582AF6425C6EFA13305F705F7C498093367C","1"
"record_balanced_original_rule","20260626","7DB8519C7DCCC184C537FDE4E5A4FC0C1C1AF2EE418505CA78DC950A3BDAF7F1","rbv01_01C322D9FB99669376EAE9C000289E1B0BF73B04313F3AF1BFE6D03B29E89068","3"
"record_balanced_original_rule","20260626","7DE7DCF4A8FB3AB5FB3DE04EC28E769B5131E1757AA9915A482B54921A9E341E","rbv01_2358EC0C12B602E4B7C5F9C580844910C6D49ACB512E9988307B46ECAFCD07F3","4"
"record_balanced_original_rule","20260626","7DFB14C8B539B45B79954CAFF434CD3D6169D2239388D74AD031623883ECD984","rbv01_0DA9CA625518CEB3C5B20C7295004FB7CDC5BC108FF93282C63467286DA188EB","4"
"record_balanced_original_rule","20260626","7E50397E70E624D3CB680DE4499C7C3C2A31B99F9F6F11B7C5C749C72A233F8C","rbv01_0E9E0FC3E20BED0F32C5DF6A0164CCE77E206A06E5378ED855756B22A2C4F6E6","3"
"record_balanced_original_rule","20260626","7F0EC2443CEA913F9A1B35CC9A7E76898E0DBB69376C4B0131B07E5F4A877197","rbv01_2358EC0C12B602E4B7C5F9C580844910C6D49ACB512E9988307B46ECAFCD07F3","4"
"record_balanced_original_rule","20260626","7F8E44D9E4265FDA0D56D8D58B8037724ECADC6E4AC1D9459B915216DE37CF02","rbv01_046276E5E1EC434CD47FE2E1D4137204B7C79D59E90B81B5BFE9A77BC6C0BB54","2"
"record_balanced_original_rule","20260626","7FBCA986590F9D0215B1DB3EF2B7F9A4AE2E3037E7EB3F3EC8D80B822616263B","rbv01_011B84DDF86961F6053ED2B20908582AF6425C6EFA13305F705F7C498093367C","1"
"record_balanced_original_rule","20260626","7FEB4716CE762D190EE7E8C03FBB29D3B6F478B05B636073EB527EB0D5324120","rbv01_011B84DDF86961F6053ED2B20908582AF6425C6EFA13305F705F7C498093367C","1"
"record_balanced_original_rule","20260626","81521EA05234B705DC92E0C5A61134CE31987DDF99D91B0CCA8B1D8802BD5E62","rbv01_011B84DDF86961F6053ED2B20908582AF6425C6EFA13305F705F7C498093367C","1"
"record_balanced_original_rule","20260626","8157516169AD74C49A3D42D94C8AFAB3F035A93806EB1A6C2473173DFDAFCFC4","rbv01_011D932A057B34C28A553A7C900731E1D7B1E42FD9312A7495A3DF8ECA2AF3C9","4"
"record_balanced_original_rule","20260626","8180FFF5D2D6FEFF5B73AEBD1AA7260F8E86E74B5A8501CECF2629E5BA199D8A","rbv01_2358EC0C12B602E4B7C5F9C580844910C6D49ACB512E9988307B46ECAFCD07F3","4"
"record_balanced_original_rule","20260626","81BCA3EE845D78643EE6BB1F6EA44D4ED907DA1BC5EAC70F346B9F65910C7FEA","rbv01_01C322D9FB99669376EAE9C000289E1B0BF73B04313F3AF1BFE6D03B29E89068","3"
"record_balanced_original_rule","20260626","821C5E43026508A32B69ECF634B7AEFB9531D02ECDAC21B3BC82784ED318407F","rbv01_08EC8F274B3390CA9A557C1810F52FE38EAF9404CF035F8A1D70A5AAAFA3EA60","2"
"record_balanced_original_rule","20260626","8278F06D0BA5C51D80ADE10C9D223D254E28FB26D3C0A75A5B609B12424D7E31","rbv01_011D932A057B34C28A553A7C900731E1D7B1E42FD9312A7495A3DF8ECA2AF3C9","4"
"record_balanced_original_rule","20260626","8287D86665975892EE1F0FF52484534008D43F6062232AC56AFAD2ABA5A99486","rbv01_08EC8F274B3390CA9A557C1810F52FE38EAF9404CF035F8A1D70A5AAAFA3EA60","2"
"record_balanced_original_rule","20260626","832AE8B0D15AC0AECF90187084668F727238D717D3A90BCB327951A27BA8924C","rbv01_0213C5737861DD256119EF44D45CD1CECAF08BA1B29FE2AD47F7CEE0237AF618","0"
"record_balanced_original_rule","20260626","836E64CCBF89B4E45A3369B60529BD98C6DB75ACAD3F198A3375E463AF1C5FF7","rbv01_011B84DDF86961F6053ED2B20908582AF6425C6EFA13305F705F7C498093367C","1"
"record_balanced_original_rule","20260626","83B96AF7A142ED771DE7C64D125C1F5FDD116B03448596C60C99A9F515A3EF07","rbv01_011B84DDF86961F6053ED2B20908582AF6425C6EFA13305F705F7C498093367C","1"
"record_balanced_original_rule","20260626","83BAD3D0D0698E0D02A7B4B09CFB4C3A27A81342D507D73C71ADF42849533C47","rbv01_0213C5737861DD256119EF44D45CD1CECAF08BA1B29FE2AD47F7CEE0237AF618","0"
"record_balanced_original_rule","20260626","848623533F806F61CEBB7FBFC2E9B8757093EC110FC8D8CABA69A09A4418DC7E","rbv01_0E9E0FC3E20BED0F32C5DF6A0164CCE77E206A06E5378ED855756B22A2C4F6E6","3"
"record_balanced_original_rule","20260626","84AD21B6E68482268D6A586245E11D34252F339680532EB46842D1CD7FBE0271","rbv01_0213C5737861DD256119EF44D45CD1CECAF08BA1B29FE2AD47F7CEE0237AF618","0"
"record_balanced_original_rule","20260626","84AD2D9663BB8B26821590CD21447163579766A47BDD30F971678E33271115A5","rbv01_054201B2ED3ADADFBB0028C07B1A262219631DC717FDE4862C42583AB67D10C2","1"
"record_balanced_original_rule","20260626","84EFAB7534BEAF22D6B186CDBC10D0E95ED771ECBA632A24DD1B485F698FEF7E","rbv01_25A206590D1048D18147FD26B701861897281071258782AED6A00779FFF7210A","1"
"record_balanced_original_rule","20260626","857EDAF824854295BAC8757E69BF8590CC0BB5BF91AED85C795297309FC78103","rbv01_011B84DDF86961F6053ED2B20908582AF6425C6EFA13305F705F7C498093367C","1"
"record_balanced_original_rule","20260626","85862250B4E7637DF508CA74B2F8330C45C00F33199F95D0C311FE26CD71E1B1","rbv01_0FAB0DD3DEC2E0DA5B1841B2949196B7B1E5F846FFA0C8F4AF1461F9D3B66BCE","4"
"record_balanced_original_rule","20260626","85A86A5C92F219E35F8B478C226B350FE00381D72DA91F5BF36B43B324B049D5","rbv01_011B84DDF86961F6053ED2B20908582AF6425C6EFA13305F705F7C498093367C","1"
"record_balanced_original_rule","20260626","864BD79A3893763BF280CD4FB95D7A6342E57CC7FDE39E075E2DE9C652798DEC","rbv01_2358EC0C12B602E4B7C5F9C580844910C6D49ACB512E9988307B46ECAFCD07F3","4"
"record_balanced_original_rule","20260626","867FC0D4D76430CB7C914338E342EC479358938FCCE1706F2B7AD9EFF66056AE","rbv01_011B84DDF86961F6053ED2B20908582AF6425C6EFA13305F705F7C498093367C","1"
"record_balanced_original_rule","20260626","86B8910659A9A91763F13E756DCFAC43765D1471BD66F194A2BA86C07E23CD3F","rbv01_011B84DDF86961F6053ED2B20908582AF6425C6EFA13305F705F7C498093367C","1"
"record_balanced_original_rule","20260626","86F95F241E4C9CCADBA621F4BD733E3F8C2AB456E1D351AAB2BB85231105DCC8","rbv01_011B84DDF86961F6053ED2B20908582AF6425C6EFA13305F705F7C498093367C","1"
"record_balanced_original_rule","20260626","86FA5AFF7D10D4AC88282D02891F5B0C044E9BAB209D065C2ADA51A3A356B2AC","rbv01_011B84DDF86961F6053ED2B20908582AF6425C6EFA13305F705F7C498093367C","1"
"record_balanced_original_rule","20260626","87048C681934AA8A56C2D9E80C5E17C21A69939A0F36CE153A5B65CA13A149F9","rbv01_25A206590D1048D18147FD26B701861897281071258782AED6A00779FFF7210A","1"
"record_balanced_original_rule","20260626","880229002152E02A9065E1C5A05F490F0A8A6EF74E771A64BD133F8BA6D6E32E","rbv01_054201B2ED3ADADFBB0028C07B1A262219631DC717FDE4862C42583AB67D10C2","1"
"record_balanced_original_rule","20260626","88152E41D893D7E4F8EC9D04DBF0DDB979E1B81C86CA4C5505EAE7D5E1C8DC42","rbv01_0213C5737861DD256119EF44D45CD1CECAF08BA1B29FE2AD47F7CEE0237AF618","0"
"record_balanced_original_rule","20260626","884394A397DE3E8E0637C9857BAB557990A694ACE6039755C57B45A74194ECBB","rbv01_0213C5737861DD256119EF44D45CD1CECAF08BA1B29FE2AD47F7CEE0237AF618","0"
"record_balanced_original_rule","20260626","885B6B5631BC73EBCD0C58AEA5A5E48ABFF9C23DB8B5A757AA2285279C590111","rbv01_2358EC0C12B602E4B7C5F9C580844910C6D49ACB512E9988307B46ECAFCD07F3","4"
"record_balanced_original_rule","20260626","889F4B52D73FA9EF5E8E7A29B5E4A10AE047762FA488DEB2744CFA14E639EF6D","rbv01_011B84DDF86961F6053ED2B20908582AF6425C6EFA13305F705F7C498093367C","1"
"record_balanced_original_rule","20260626","88BFB8A118CBB3187F1BD67F89A231D7370FD58365B909C7D19C851DA262223D","rbv01_054201B2ED3ADADFBB0028C07B1A262219631DC717FDE4862C42583AB67D10C2","1"
"record_balanced_original_rule","20260626","88FAA71E50CC4F8B644B3908EAACC579E71BCBE02FE8093EF58F6BA427AD6E3D","rbv01_2358EC0C12B602E4B7C5F9C580844910C6D49ACB512E9988307B46ECAFCD07F3","4"
"record_balanced_original_rule","20260626","891E0184FD25A2CF5A1D7BF6A08A5FA04129275E283E15244DA763EC8E9E4E0E","rbv01_0213C5737861DD256119EF44D45CD1CECAF08BA1B29FE2AD47F7CEE0237AF618","0"
"record_balanced_original_rule","20260626","893148D257FD7B0FFC6A3323660414F949FF4CC80E1B0D66D804D8CC383E217E","rbv01_011D932A057B34C28A553A7C900731E1D7B1E42FD9312A7495A3DF8ECA2AF3C9","4"
"record_balanced_original_rule","20260626","899AE4A1B45FE367D0A28B3F91A526C034C3705C2B3BB4D4B004F3DA7D8DA066","rbv01_4C51CFDB4AF8C1E97EE68AD316E14EE38D69EBF9BC08EA86615CC9553C187FB5","4"
"record_balanced_original_rule","20260626","89B1E9DD5410B81A59BC4821448A185CD1FD6846C959790ADA5DBB0737ECBA29","rbv01_011B84DDF86961F6053ED2B20908582AF6425C6EFA13305F705F7C498093367C","1"
"record_balanced_original_rule","20260626","8A112B147B4AEC5A697AF30CAFBFDA52E98994EF7AF5EA103A4E20E252F12E4C","rbv01_08EC8F274B3390CA9A557C1810F52FE38EAF9404CF035F8A1D70A5AAAFA3EA60","2"
"record_balanced_original_rule","20260626","8ACD3AD88535F3731196DD81D796B93D0BBEBAC5F896FE700A95D913D66865DC","rbv01_011B84DDF86961F6053ED2B20908582AF6425C6EFA13305F705F7C498093367C","1"
"record_balanced_original_rule","20260626","8AD04B912049222329F6ADC8DF356FCAB4CF34DAA52A769A601F312C4C67083E","rbv01_0DA9CA625518CEB3C5B20C7295004FB7CDC5BC108FF93282C63467286DA188EB","4"
"record_balanced_original_rule","20260626","8ADA53CACF27A3C4BB4F0DB641982EE6F2D597D80275A78829AC0B6CA6B12CB9","rbv01_046276E5E1EC434CD47FE2E1D4137204B7C79D59E90B81B5BFE9A77BC6C0BB54","2"
"record_balanced_original_rule","20260626","8B1E266DB6C93E4548EE9DC16894F9A7E6DC118A4A7671CAD1A7F5F16F331273","rbv01_2358EC0C12B602E4B7C5F9C580844910C6D49ACB512E9988307B46ECAFCD07F3","4"
"record_balanced_original_rule","20260626","8B294756112EE8C367063AB58448CD8BA5061AED133C1278FFA52DE6D2E01DD5","rbv01_0213C5737861DD256119EF44D45CD1CECAF08BA1B29FE2AD47F7CEE0237AF618","0"
"record_balanced_original_rule","20260626","8B6D00BB4B3D31BEAF510B13EF008F89DAD796783258A930A805F5CCB5241891","rbv01_0213C5737861DD256119EF44D45CD1CECAF08BA1B29FE2AD47F7CEE0237AF618","0"
"record_balanced_original_rule","20260626","8B7ADC6299FA9B729519F3E00DAB7AB78386D37852C546ED498269FA10C4DE8C","rbv01_011B84DDF86961F6053ED2B20908582AF6425C6EFA13305F705F7C498093367C","1"
"record_balanced_original_rule","20260626","8BD2BA6BC69394B010133B33BD94D4126CB9DDE9AEBBB6A1909C207F18018E2F","rbv01_01C322D9FB99669376EAE9C000289E1B0BF73B04313F3AF1BFE6D03B29E89068","3"
"record_balanced_original_rule","20260626","8C8ADCC5EE805FF228EBD7E9837D46BC52E39E084AB5D77B93AA9061F6A8F4E6","rbv01_011B84DDF86961F6053ED2B20908582AF6425C6EFA13305F705F7C498093367C","1"
"record_balanced_original_rule","20260626","8CA995663AD521BD881EBFCAB3673CB58E430FACC0A2D44393A1A8545784A19F","rbv01_01C322D9FB99669376EAE9C000289E1B0BF73B04313F3AF1BFE6D03B29E89068","3"
"record_balanced_original_rule","20260626","8D0F5D8F2B9CC4348508F31D4DBDFDDA6686E7FA7BDEA7A4F10458774EE90BDD","rbv01_0213C5737861DD256119EF44D45CD1CECAF08BA1B29FE2AD47F7CEE0237AF618","0"
"record_balanced_original_rule","20260626","8D2367B073C93A6B7AF1F8C302E360ACC48CBB135F2A471D241C20D256BC7DD0","rbv01_011B84DDF86961F6053ED2B20908582AF6425C6EFA13305F705F7C498093367C","1"
"record_balanced_original_rule","20260626","8D5BE5B965AE78C84F7AF39A39A4818E32874C03171F3A38140D9DA93317D993","rbv01_0213C5737861DD256119EF44D45CD1CECAF08BA1B29FE2AD47F7CEE0237AF618","0"
"record_balanced_original_rule","20260626","8DC13221CDC8A299BDF5C089A9AFA15FF408F9258F8DD381AB85FAC56C927F0C","rbv01_011B84DDF86961F6053ED2B20908582AF6425C6EFA13305F705F7C498093367C","1"
"record_balanced_original_rule","20260626","8DFD3DC5692B9F40CFC589C5E3587170DFEB95671BD1AE500463F3B3F15DE121","rbv01_054201B2ED3ADADFBB0028C07B1A262219631DC717FDE4862C42583AB67D10C2","1"
"record_balanced_original_rule","20260626","8E087950A8D3B17DDBC4234439CF1150E4FA89FAC9FDD627203B54916F942BAE","rbv01_0213C5737861DD256119EF44D45CD1CECAF08BA1B29FE2AD47F7CEE0237AF618","0"
"record_balanced_original_rule","20260626","8E2FE0379BCA69566921FB316DBA59AD90F83FCF3314764B9A9E18CF073A8FBD","rbv01_0213C5737861DD256119EF44D45CD1CECAF08BA1B29FE2AD47F7CEE0237AF618","0"
"record_balanced_original_rule","20260626","8E3BD2A0BD188A089E10E1613F4F00D6ADF2A7837AD10FE9FD457C84E4559999","rbv01_011B84DDF86961F6053ED2B20908582AF6425C6EFA13305F705F7C498093367C","1"
"record_balanced_original_rule","20260626","8EA7D97DA4254925A2D4D2FA08D53D90EA8D22BBA9A12E0D10994A3C85E47BA5","rbv01_0213C5737861DD256119EF44D45CD1CECAF08BA1B29FE2AD47F7CEE0237AF618","0"
"record_balanced_original_rule","20260626","8ED9A28FD1E99D6AAB57A56A09165645B2F9CEDCC29D59C392D023EEA19BE2B6","rbv01_2358EC0C12B602E4B7C5F9C580844910C6D49ACB512E9988307B46ECAFCD07F3","4"
"record_balanced_original_rule","20260626","8EEFDEF743BB0DE60C2186D81805DD93204A59469330D933C96795F964672D0D","rbv01_0213C5737861DD256119EF44D45CD1CECAF08BA1B29FE2AD47F7CEE0237AF618","0"
"record_balanced_original_rule","20260626","8EFB7207458F7BA2A3C43D9EE98E42B70DD5ED07B0D884A5D3A9ED9140F4C3C7","rbv01_0213C5737861DD256119EF44D45CD1CECAF08BA1B29FE2AD47F7CEE0237AF618","0"
"record_balanced_original_rule","20260626","8FB55FD05A532C990B653111AC098B695A15E680F8E285A727D45CC1C0428E1D","rbv01_0E9E0FC3E20BED0F32C5DF6A0164CCE77E206A06E5378ED855756B22A2C4F6E6","3"
"record_balanced_original_rule","20260626","8FBFBA16638DF5C68BE6030F57ED504D0902E2E0065ED14A517B7A6BA22B26B6","rbv01_2E07CE0B7A1B55DF7DB4D4392437AF0F59B5B306F82BBC43DD35B9CBA85F5BB7","0"
"record_balanced_original_rule","20260626","8FF33DA21215A8C336C541FF29354A450497EBD2C35C6EB19AD5097976D723E3","rbv01_011B84DDF86961F6053ED2B20908582AF6425C6EFA13305F705F7C498093367C","1"
"record_balanced_original_rule","20260626","90463CAA376EEA8E0CF9697C988C4F0851BF8A5F9403F2592D92294D613492DB","rbv01_011B84DDF86961F6053ED2B20908582AF6425C6EFA13305F705F7C498093367C","1"
"record_balanced_original_rule","20260626","90AEE9FAA4F0065415C4969100825A4EC85E2C0DF2BCF44FF1FEE2C730BCDD7D","rbv01_0213C5737861DD256119EF44D45CD1CECAF08BA1B29FE2AD47F7CEE0237AF618","0"
"record_balanced_original_rule","20260626","9144C0803960B48E93CFB8EF8D364ACAC34493BA8A7B9F06869130677381A3C8","rbv01_011B84DDF86961F6053ED2B20908582AF6425C6EFA13305F705F7C498093367C","1"
"record_balanced_original_rule","20260626","91B6E42F20C629F9D84CE9961CD3091D5FC24FA86448E625E05E530FD5BD836C","rbv01_011B84DDF86961F6053ED2B20908582AF6425C6EFA13305F705F7C498093367C","1"
"record_balanced_original_rule","20260626","91D7600E094FBF44D355227A17F9325BDE206AFD72E8E3DD714BE294152A6659","rbv01_011B84DDF86961F6053ED2B20908582AF6425C6EFA13305F705F7C498093367C","1"
"record_balanced_original_rule","20260626","9230E7640525F42401FC8423F2734CF80C0FA11E2C61338927E5F882EE956219","rbv01_0213C5737861DD256119EF44D45CD1CECAF08BA1B29FE2AD47F7CEE0237AF618","0"
"record_balanced_original_rule","20260626","92744507A7E4976EE7523AB813CFF3D4E8B998C81D31BB8BAF04EC93CC4B360E","rbv01_0213C5737861DD256119EF44D45CD1CECAF08BA1B29FE2AD47F7CEE0237AF618","0"
"record_balanced_original_rule","20260626","92CF7A7CFBDB00AB37841E2D54D77E2D3E9965A84F0AB708942D57CD193DC1B3","rbv01_0213C5737861DD256119EF44D45CD1CECAF08BA1B29FE2AD47F7CEE0237AF618","0"
"record_balanced_original_rule","20260626","92EFDC8A6BB36DEE83BD78E6BDF15C863F942B3ACF947CE06B7FC528B184BD63","rbv01_0213C5737861DD256119EF44D45CD1CECAF08BA1B29FE2AD47F7CEE0237AF618","0"
"record_balanced_original_rule","20260626","93029E3ADD7CA60DF7AED6F122F30CDE36489AD8DB49669DBBDBF3E23D0C49F5","rbv01_2358EC0C12B602E4B7C5F9C580844910C6D49ACB512E9988307B46ECAFCD07F3","4"
"record_balanced_original_rule","20260626","932676D0130009C414A7293C0A8AECFD19C7E70A16A44565170EC9941B1FB9B7","rbv01_054201B2ED3ADADFBB0028C07B1A262219631DC717FDE4862C42583AB67D10C2","1"
"record_balanced_original_rule","20260626","935A5BFF056F4CEECF3A0CA3F0D5E363379E0A83BA11395E40D7CEADB5E1E2A1","rbv01_0DA9CA625518CEB3C5B20C7295004FB7CDC5BC108FF93282C63467286DA188EB","4"
"record_balanced_original_rule","20260626","935FFE5428FFD057750B38420EC714D317B269F40A5B100C18D5FB9072238F44","rbv01_021729FAD057771AC5A3F59730477FE06019418FF0104B829F6E153E2D91134D","3"
"record_balanced_original_rule","20260626","93DC47FA87BC3CAAA2F54C7F7275820256854FC87D634BBA9943ABB7C830B563","rbv01_011B84DDF86961F6053ED2B20908582AF6425C6EFA13305F705F7C498093367C","1"
"record_balanced_original_rule","20260626","93EA3AFE695AB72944CE960C445216A8F7DE5E38A3EF70EBD6B001B873C9E7F5","rbv01_2358EC0C12B602E4B7C5F9C580844910C6D49ACB512E9988307B46ECAFCD07F3","4"
"record_balanced_original_rule","20260626","941DA1E93147AC449A34766BEB9E6F779F6BB7D673D56EA2500183F7D7EA99A6","rbv01_2358EC0C12B602E4B7C5F9C580844910C6D49ACB512E9988307B46ECAFCD07F3","4"
"record_balanced_original_rule","20260626","9431525AF974BF8AE9A617E873DFE987B3462CE89EF52826ED563590B48713B2","rbv01_011B84DDF86961F6053ED2B20908582AF6425C6EFA13305F705F7C498093367C","1"
"record_balanced_original_rule","20260626","94403B00F4C27692A15471785DEC4558C6E4441D298D1CD27E5DD15A09F50958","rbv01_0213C5737861DD256119EF44D45CD1CECAF08BA1B29FE2AD47F7CEE0237AF618","0"
"record_balanced_original_rule","20260626","9456034CBD939EFD3C631CBF990E9900B8D100408C444146AEAD0DBC4F117AA5","rbv01_0E9E0FC3E20BED0F32C5DF6A0164CCE77E206A06E5378ED855756B22A2C4F6E6","3"
"record_balanced_original_rule","20260626","9472CCFC458432F0245782DF81EF3CCC162727EB2B663D6D2ABD7325BF9EDEBA","rbv01_0213C5737861DD256119EF44D45CD1CECAF08BA1B29FE2AD47F7CEE0237AF618","0"
"record_balanced_original_rule","20260626","94BBE98B9617FFAD695B03E0D385ABA86ADE5DFC27FC99552CAB8B6E6EE39CBA","rbv01_011B84DDF86961F6053ED2B20908582AF6425C6EFA13305F705F7C498093367C","1"
"record_balanced_original_rule","20260626","94E8FE3326EDB15EAF268D32075CCC7938670F7828D1309E37FCE14727E825B5","rbv01_011B84DDF86961F6053ED2B20908582AF6425C6EFA13305F705F7C498093367C","1"
"record_balanced_original_rule","20260626","954F49615105E0169DF75A1B369CBC70F167FFFCACD17251A7A4212FC9C1BE53","rbv01_011B84DDF86961F6053ED2B20908582AF6425C6EFA13305F705F7C498093367C","1"
"record_balanced_original_rule","20260626","965B72C36BD8B554A0F7C2095B27D698627074A7DD65AF384EFEC7BC20813684","rbv01_011B84DDF86961F6053ED2B20908582AF6425C6EFA13305F705F7C498093367C","1"
"record_balanced_original_rule","20260626","967A9E25194C9B926C1EB51CFCDDEACDF2AEC9C60ACFA22F3041C33D2B4FD12E","rbv01_08EC8F274B3390CA9A557C1810F52FE38EAF9404CF035F8A1D70A5AAAFA3EA60","2"
"record_balanced_original_rule","20260626","96AD3CCF49E68431A0EBCBE695FCC44631DFA5A24E1F1ACB5E9C535E6972CA1F","rbv01_021729FAD057771AC5A3F59730477FE06019418FF0104B829F6E153E2D91134D","3"
"record_balanced_original_rule","20260626","96AD8F483A39B1F766C01826424C7A7C7756FCF851D0794C7AB35FC706DB3E27","rbv01_0E9E0FC3E20BED0F32C5DF6A0164CCE77E206A06E5378ED855756B22A2C4F6E6","3"
"record_balanced_original_rule","20260626","96B06DF71A8D9C328723CF4729DCB38E7B0CA7A11605FCED7909AD6990EE0DED","rbv01_011B84DDF86961F6053ED2B20908582AF6425C6EFA13305F705F7C498093367C","1"
"record_balanced_original_rule","20260626","96BF9EEC71C3D8BFDA0879DFDB0A3B638521E633CEF973318E9E8AF06FECD1BD","rbv01_2E07CE0B7A1B55DF7DB4D4392437AF0F59B5B306F82BBC43DD35B9CBA85F5BB7","0"
"record_balanced_original_rule","20260626","96CC1BF094805E6DBB1D499E797637D017363A2616D9FD77CBCD370057B124A5","rbv01_021729FAD057771AC5A3F59730477FE06019418FF0104B829F6E153E2D91134D","3"
"record_balanced_original_rule","20260626","97275CF486F7243A55298CE3E8C80F6FB7C2834FC83F8C0A22D8CDEE58328F7C","rbv01_011B84DDF86961F6053ED2B20908582AF6425C6EFA13305F705F7C498093367C","1"
"record_balanced_original_rule","20260626","974AA12B016201D6FAF186D688B35D72ECB70F6ABD5B8013C11599F96E5D1C0B","rbv01_021729FAD057771AC5A3F59730477FE06019418FF0104B829F6E153E2D91134D","3"
"record_balanced_original_rule","20260626","989F989BB3E2A76DC8D6FD3AF1CC1C5F53D56C556DBA6E94DAAE8A34207308C3","rbv01_08EC8F274B3390CA9A557C1810F52FE38EAF9404CF035F8A1D70A5AAAFA3EA60","2"
"record_balanced_original_rule","20260626","98CE880F8E208D7E8F19E48AAB152230CD7A3F825A669EE41A7B2C5AAC470847","rbv01_011B84DDF86961F6053ED2B20908582AF6425C6EFA13305F705F7C498093367C","1"
"record_balanced_original_rule","20260626","993DD9019DE3A63CBC2CFA11871F4A8D1177C11E9F2D8D500EBED6FDF5513970","rbv01_08EC8F274B3390CA9A557C1810F52FE38EAF9404CF035F8A1D70A5AAAFA3EA60","2"
"record_balanced_original_rule","20260626","996F7E2BCF4156C3C40B6BF50230E04FA4B8633A44EBAD8DF9B946848B7BF911","rbv01_011B84DDF86961F6053ED2B20908582AF6425C6EFA13305F705F7C498093367C","1"
"record_balanced_original_rule","20260626","9978A3D9F2C007B814433CCCF551876A3F2BE07803E58DF5790F0BF71B95A4F3","rbv01_011B84DDF86961F6053ED2B20908582AF6425C6EFA13305F705F7C498093367C","1"
"record_balanced_original_rule","20260626","99BEE47E926F5C197166A27C03EA73070890451C2E941F4B5F212DD4A8ABEE7F","rbv01_01C322D9FB99669376EAE9C000289E1B0BF73B04313F3AF1BFE6D03B29E89068","3"
"record_balanced_original_rule","20260626","99C2D87E3AC1A70712BAECA49F2B90424C2CCBD7DC5BDA399A0E0E53F5E6FA95","rbv01_25A206590D1048D18147FD26B701861897281071258782AED6A00779FFF7210A","1"
"record_balanced_original_rule","20260626","99D2EDF93FA5DF3EDDEEE8E76424E57BE5A0F979A0F40AF8748AD39BFB7D4783","rbv01_021729FAD057771AC5A3F59730477FE06019418FF0104B829F6E153E2D91134D","3"
"record_balanced_original_rule","20260626","9A4EDE29DC7D57B746DA089725C2CA147311764FE784F915DA9AF42311096FF5","rbv01_01C322D9FB99669376EAE9C000289E1B0BF73B04313F3AF1BFE6D03B29E89068","3"
"record_balanced_original_rule","20260626","9A6EB222721A4B3AFB8A6907BADD79B05988DE825E93E45A20478B47AF65EA1C","rbv01_011B84DDF86961F6053ED2B20908582AF6425C6EFA13305F705F7C498093367C","1"
"record_balanced_original_rule","20260626","9AE244575472CEB614CE97F37476AE02D1582E47E44D3A8AE6B6A14DDE83377A","rbv01_147C763D2DD7A735DC5DA68C31ECD7579510C8C8494E1BBB99D46B386B713D84","3"
"record_balanced_original_rule","20260626","9AEB2C9AB7668AECFD219A43B3553F9C0C0D44F7513541BE452EE9D2F385A89B","rbv01_011B84DDF86961F6053ED2B20908582AF6425C6EFA13305F705F7C498093367C","1"
"record_balanced_original_rule","20260626","9B409D08D4F7DF4F100BEB9D526A01CCFF66F55895040F1649A1793FB6BE6A27","rbv01_0E9E0FC3E20BED0F32C5DF6A0164CCE77E206A06E5378ED855756B22A2C4F6E6","3"
"record_balanced_original_rule","20260626","9BC61785CCFF4F5A3023D44E81BD5FBA0459D924693C6CAFACD77B673D54CE0C","rbv01_011B84DDF86961F6053ED2B20908582AF6425C6EFA13305F705F7C498093367C","1"
"record_balanced_original_rule","20260626","9BE6D8B513D4AEE0E44A0EA7D1D64F9005E4D5FA148A5875434B3768B348526F","rbv01_011B84DDF86961F6053ED2B20908582AF6425C6EFA13305F705F7C498093367C","1"
"record_balanced_original_rule","20260626","9BF4B873F61C85C5CFCBF3E28C06C55E460DB91115B4900F24B2267F4B89F7F7","rbv01_011B84DDF86961F6053ED2B20908582AF6425C6EFA13305F705F7C498093367C","1"
"record_balanced_original_rule","20260626","9CDE208E1774B95E20C26DDC5A05032155DAA99CAF37297475EB6877BF5D9E6C","rbv01_011B84DDF86961F6053ED2B20908582AF6425C6EFA13305F705F7C498093367C","1"
"record_balanced_original_rule","20260626","9CE4990F4468E8CA1A30D72782D89C31EE02F25547376564F6E00DDEA4C50E15","rbv01_011D932A057B34C28A553A7C900731E1D7B1E42FD9312A7495A3DF8ECA2AF3C9","4"
"record_balanced_original_rule","20260626","9D1D95BC7B3BB8CD662337B9D315ABBFF95A91650CFBB0A569F283020522FDDB","rbv01_0213C5737861DD256119EF44D45CD1CECAF08BA1B29FE2AD47F7CEE0237AF618","0"
"record_balanced_original_rule","20260626","9D50C4E2BFE7655BA57A8AF97F9D7297BA9230FF7237D3015886A2734660711D","rbv01_011B84DDF86961F6053ED2B20908582AF6425C6EFA13305F705F7C498093367C","1"
"record_balanced_original_rule","20260626","9E094D6A22EE73270E623A74D3921BCDC42B7EBCFA76ABDBB08F6EA171667C89","rbv01_0213C5737861DD256119EF44D45CD1CECAF08BA1B29FE2AD47F7CEE0237AF618","0"
"record_balanced_original_rule","20260626","9E0F74D47709718EAE0E82943E828C47DE8F3423B04058635BED4D9EABAEAFE2","rbv01_011B84DDF86961F6053ED2B20908582AF6425C6EFA13305F705F7C498093367C","1"
"record_balanced_original_rule","20260626","9E1F554A0A95B97E0CA4D62F9E7BAA5CF3D55DADDAECD0ECD0FCEA74E3325611","rbv01_2358EC0C12B602E4B7C5F9C580844910C6D49ACB512E9988307B46ECAFCD07F3","4"
"record_balanced_original_rule","20260626","9E294AED38242D18340C17BB55612BC399214101D26979BEBDB3928D0BD6B2BF","rbv01_01C322D9FB99669376EAE9C000289E1B0BF73B04313F3AF1BFE6D03B29E89068","3"
"record_balanced_original_rule","20260626","9EE349148B7433C58335607776CF84F62DB29A060746D726376C2718DDFAB49D","rbv01_0213C5737861DD256119EF44D45CD1CECAF08BA1B29FE2AD47F7CEE0237AF618","0"
"record_balanced_original_rule","20260626","9F16BA7CC9039F46FD172EA592109267E4CF8E0F63EBFD16763109C46036C6B8","rbv01_0213C5737861DD256119EF44D45CD1CECAF08BA1B29FE2AD47F7CEE0237AF618","0"
"record_balanced_original_rule","20260626","9F362D5DD7C83F7B68F074524A6B21E13A3A8D534211346638F9565ED29B907D","rbv01_0C68AE2824568C19A46D2947C2D1EB95DFE6E72AF600B3275A62492DFFF69BF3","3"
"record_balanced_original_rule","20260626","9F3B90D743E91CEB141A07626829FE7390543716A2DF2875078E57C09189203E","rbv01_01C322D9FB99669376EAE9C000289E1B0BF73B04313F3AF1BFE6D03B29E89068","3"
"record_balanced_original_rule","20260626","9F56327DC9136A6B454AAFD369C3D9BE77566E0C0BFF906EFAF97349EE9F0469","rbv01_0213C5737861DD256119EF44D45CD1CECAF08BA1B29FE2AD47F7CEE0237AF618","0"
"record_balanced_original_rule","20260626","9FAF203403482C0607C27C42C6120FC8817C20F743CA9B1C0F32C8A781B66D82","rbv01_01C322D9FB99669376EAE9C000289E1B0BF73B04313F3AF1BFE6D03B29E89068","3"
"record_balanced_original_rule","20260626","9FBB7975B685AACF9E57A7EE27540D3B3082599BF55B3914F11B5DAAE063C6C3","rbv01_0213C5737861DD256119EF44D45CD1CECAF08BA1B29FE2AD47F7CEE0237AF618","0"
"record_balanced_original_rule","20260626","9FEF4DAA1FA8F9DC2C4CFFA392AE4F2C70131D6ECF1F52F9959286EDD30234F6","rbv01_011B84DDF86961F6053ED2B20908582AF6425C6EFA13305F705F7C498093367C","1"
"record_balanced_original_rule","20260626","A00CF8DB35FD2BF16C89039CEB287322989D9A5DBC4E126CF84A8AF89A2F9FBD","rbv01_011B84DDF86961F6053ED2B20908582AF6425C6EFA13305F705F7C498093367C","1"
"record_balanced_original_rule","20260626","A02229A62F69D229523467E9D761C49E4B255243C54CCE3956D7C788C15AEB48","rbv01_08EC8F274B3390CA9A557C1810F52FE38EAF9404CF035F8A1D70A5AAAFA3EA60","2"
"record_balanced_original_rule","20260626","A026675FC213C116EA7B6D584A1026B358E634B8D1A5C73C71657238A9B24E3C","rbv01_0213C5737861DD256119EF44D45CD1CECAF08BA1B29FE2AD47F7CEE0237AF618","0"
"record_balanced_original_rule","20260626","A094988D3810C1636445052E51033B2B64DFAA9D112186730649765788F07785","rbv01_0213C5737861DD256119EF44D45CD1CECAF08BA1B29FE2AD47F7CEE0237AF618","0"
"record_balanced_original_rule","20260626","A0BDECBEC08B8CA56BE96CBCA952AD1F346B55E11EF34B840FEBC35FDC2B635B","rbv01_011D932A057B34C28A553A7C900731E1D7B1E42FD9312A7495A3DF8ECA2AF3C9","4"
"record_balanced_original_rule","20260626","A0E9A770206BB0D079EEF0E807E89604D9EF4EA42B8AAC4840689FB0279D17E3","rbv01_011B84DDF86961F6053ED2B20908582AF6425C6EFA13305F705F7C498093367C","1"
"record_balanced_original_rule","20260626","A129611254B45B29BE1F723940F1308A2E2132F5C5327EAFC116AD573287C377","rbv01_029BDA298EE9F6CF5E11C8E41A870100C0DF57502218FA6619B580755530C213","2"
"record_balanced_original_rule","20260626","A178871189DE7F85434B18372DC55B6D45313743570D59F0C46A88B414C218EF","rbv01_046276E5E1EC434CD47FE2E1D4137204B7C79D59E90B81B5BFE9A77BC6C0BB54","2"
"record_balanced_original_rule","20260626","A19D5F8B4C279ED3EEDA8F3CBE08754AB56784BB32F62B80A5003C8693AF25F8","rbv01_011B84DDF86961F6053ED2B20908582AF6425C6EFA13305F705F7C498093367C","1"
"record_balanced_original_rule","20260626","A1EBA7A51CB4677CC3D75B17D99A5F29EB749DD797EEACCC358C4832E663AB61","rbv01_011B84DDF86961F6053ED2B20908582AF6425C6EFA13305F705F7C498093367C","1"
"record_balanced_original_rule","20260626","A2540BBD4A04A8F4CA491AEDA11C861ECA084B5FA0FDED598221CE5E39B327F9","rbv01_021729FAD057771AC5A3F59730477FE06019418FF0104B829F6E153E2D91134D","3"
"record_balanced_original_rule","20260626","A28817D9AE3D590061F1907BDE77674C6F139174633A66C183CA5E37D9445C82","rbv01_2358EC0C12B602E4B7C5F9C580844910C6D49ACB512E9988307B46ECAFCD07F3","4"
"record_balanced_original_rule","20260626","A2B31A48B1121D0B46B56867CFC3B0221C246A334309BB1FF56C0FB5627F9BF6","rbv01_021729FAD057771AC5A3F59730477FE06019418FF0104B829F6E153E2D91134D","3"
"record_balanced_original_rule","20260626","A31FBF14CC521381726B74331187B09728C8CC0AEC645E0B1C008CDB1D4C8B79","rbv01_0213C5737861DD256119EF44D45CD1CECAF08BA1B29FE2AD47F7CEE0237AF618","0"
"record_balanced_original_rule","20260626","A342A8C19B6289AA9968296E81CAC34E6ED57ED699CF975FBEFDB8FB873F8753","rbv01_011D932A057B34C28A553A7C900731E1D7B1E42FD9312A7495A3DF8ECA2AF3C9","4"
"record_balanced_original_rule","20260626","A3566D7A7D6571F5A149F069808E2FFD84C7089999AB5B5DBEA4B040AA498FF5","rbv01_046276E5E1EC434CD47FE2E1D4137204B7C79D59E90B81B5BFE9A77BC6C0BB54","2"
"record_balanced_original_rule","20260626","A3EE792239C7B445684568BBD26CD49449A433FCAF4629840B503FBB3FD657C3","rbv01_01C322D9FB99669376EAE9C000289E1B0BF73B04313F3AF1BFE6D03B29E89068","3"
"record_balanced_original_rule","20260626","A45A0D981DC15E411A8A730F065ED2A4450522B88986DE42076FA62913C55966","rbv01_01C322D9FB99669376EAE9C000289E1B0BF73B04313F3AF1BFE6D03B29E89068","3"
"record_balanced_original_rule","20260626","A4A1A30142167D3E63853575135270BEF4B6F64B8E30C918CB9C641B8F6D8DE5","rbv01_011B84DDF86961F6053ED2B20908582AF6425C6EFA13305F705F7C498093367C","1"
"record_balanced_original_rule","20260626","A5020B604A71D846CE9EB162E024A3492E94044EE2760F5C96377349FD8B3845","rbv01_021729FAD057771AC5A3F59730477FE06019418FF0104B829F6E153E2D91134D","3"
"record_balanced_original_rule","20260626","A50B0284D4DC64BCEADB9E38CA4DF3779C2198D54A2E9132F4A69FD7F589F1EE","rbv01_011B84DDF86961F6053ED2B20908582AF6425C6EFA13305F705F7C498093367C","1"
"record_balanced_original_rule","20260626","A53DD7CE4D97EC023635AF994A24FFFB169B08F9F7783227D507F55874B782FE","rbv01_0E9E0FC3E20BED0F32C5DF6A0164CCE77E206A06E5378ED855756B22A2C4F6E6","3"
"record_balanced_original_rule","20260626","A56DFE7845D180B57AD4C32B60E788C1B646B5543F489B4BAE30F3E52C7378A0","rbv01_021729FAD057771AC5A3F59730477FE06019418FF0104B829F6E153E2D91134D","3"
"record_balanced_original_rule","20260626","A5A6AC999BBB9C6393219762984D8A9B25C1CF2A2D4E3A2B48CCAD6CA26B5D94","rbv01_0213C5737861DD256119EF44D45CD1CECAF08BA1B29FE2AD47F7CEE0237AF618","0"
"record_balanced_original_rule","20260626","A5BA79BDB38526D47E7D3DB83BEEC1CB0341B5779614CC0C3EAE317012DD7CC1","rbv01_25A206590D1048D18147FD26B701861897281071258782AED6A00779FFF7210A","1"
"record_balanced_original_rule","20260626","A694B173CC51F90D9919DBD439565A2261557CE37752DA3AD45DE8F182C5A9C8","rbv01_2358EC0C12B602E4B7C5F9C580844910C6D49ACB512E9988307B46ECAFCD07F3","4"
"record_balanced_original_rule","20260626","A6A5FE04AD499E2F8A513C5F9C7F9F53454E611A0686C82B192DC3565E51E29D","rbv01_021729FAD057771AC5A3F59730477FE06019418FF0104B829F6E153E2D91134D","3"
"record_balanced_original_rule","20260626","A6B39E4CCCD266E14329E22E184B44C3B5E471F9336AB86F6B5063971253EF4F","rbv01_01C322D9FB99669376EAE9C000289E1B0BF73B04313F3AF1BFE6D03B29E89068","3"
"record_balanced_original_rule","20260626","A6D3F09F58CACD9A105956CDE5D46CAF31CA0671FD2B965FD4521A2EB05CE80B","rbv01_0E9E0FC3E20BED0F32C5DF6A0164CCE77E206A06E5378ED855756B22A2C4F6E6","3"
"record_balanced_original_rule","20260626","A6F6ADB62D7854164181E3F53C781C0596810450B6BBD2D78F3CBA2D3F4BD375","rbv01_011B84DDF86961F6053ED2B20908582AF6425C6EFA13305F705F7C498093367C","1"
"record_balanced_original_rule","20260626","A7242C71450DFE4C9F6516F79D3E00888AD68314435F9221E82E3BFFD7BFB941","rbv01_0E9E0FC3E20BED0F32C5DF6A0164CCE77E206A06E5378ED855756B22A2C4F6E6","3"
"record_balanced_original_rule","20260626","A75CBAF883526AD3EE84C3467D5958568225690F4519303FD58E18D53699E9C9","rbv01_011B84DDF86961F6053ED2B20908582AF6425C6EFA13305F705F7C498093367C","1"
"record_balanced_original_rule","20260626","A7AEDB9ADAEC5EFA654038B3B350AC8BB9ABCF5A84785FA1FE635B6E2A1DDEDB","rbv01_011B84DDF86961F6053ED2B20908582AF6425C6EFA13305F705F7C498093367C","1"
"record_balanced_original_rule","20260626","A8250C60F6976A49EEFC3BE2A8017C21CE7A8777B0FA994CB4DEAF4B51A4CAB3","rbv01_0213C5737861DD256119EF44D45CD1CECAF08BA1B29FE2AD47F7CEE0237AF618","0"
"record_balanced_original_rule","20260626","A857D6C962A1BB8A30AA42EF52223204FE49A5FD357CDF3D30CD0CCC159F7782","rbv01_0213C5737861DD256119EF44D45CD1CECAF08BA1B29FE2AD47F7CEE0237AF618","0"
"record_balanced_original_rule","20260626","A85985AFD9787B9471DE1718399A26426312CB22045B5875B628AC7B1755E6E2","rbv01_021729FAD057771AC5A3F59730477FE06019418FF0104B829F6E153E2D91134D","3"
"record_balanced_original_rule","20260626","A8FB89FCBB715862E336B4554EF21B1C2C40EFBE0889EC4AE5DDC6270BD84D84","rbv01_021729FAD057771AC5A3F59730477FE06019418FF0104B829F6E153E2D91134D","3"
"record_balanced_original_rule","20260626","A900525F615C6EA901B005920CBB90465784D92E2C6FA6123B30963A6EBC557C","rbv01_0E9E0FC3E20BED0F32C5DF6A0164CCE77E206A06E5378ED855756B22A2C4F6E6","3"
"record_balanced_original_rule","20260626","A9FE8E8891E83371DB9900D5341EF1E7DD8BAF2C77E6838FDBD874A1196E3839","rbv01_01C322D9FB99669376EAE9C000289E1B0BF73B04313F3AF1BFE6D03B29E89068","3"
"record_balanced_original_rule","20260626","AA2168DCA96C9A68C56FB8DEE1273CF3453B6EED916BA3843C1AD4BEBD07DF89","rbv01_011B84DDF86961F6053ED2B20908582AF6425C6EFA13305F705F7C498093367C","1"
"record_balanced_original_rule","20260626","AA34DC06B546A5EBB289CA8683E31E711E577F368184C87AFBABD4E096978F0E","rbv01_0213C5737861DD256119EF44D45CD1CECAF08BA1B29FE2AD47F7CEE0237AF618","0"
"record_balanced_original_rule","20260626","AA715982F79C850C8196EB84DD84E8347AA8321A82031E1016D45BA6D2DAA2A3","rbv01_01C322D9FB99669376EAE9C000289E1B0BF73B04313F3AF1BFE6D03B29E89068","3"
"record_balanced_original_rule","20260626","AA8584CE275124EC11DDF0DE314B6EA9723B689214A0C1F0B246ADDE992F590A","rbv01_021729FAD057771AC5A3F59730477FE06019418FF0104B829F6E153E2D91134D","3"
"record_balanced_original_rule","20260626","AAC2A801563F3D58E4290EFB2E9CF97DADD187949955C9C6EEAB72D43F7B1147","rbv01_0213C5737861DD256119EF44D45CD1CECAF08BA1B29FE2AD47F7CEE0237AF618","0"
"record_balanced_original_rule","20260626","AADAE32213B79CEC5C017C126403033CD07288D85FD723A98A29874B774A99C1","rbv01_011B84DDF86961F6053ED2B20908582AF6425C6EFA13305F705F7C498093367C","1"
"record_balanced_original_rule","20260626","AB339D8E020767FCFF4474FAE669B20D7067C901F503EB50DEFD2CF4E69B33E6","rbv01_0213C5737861DD256119EF44D45CD1CECAF08BA1B29FE2AD47F7CEE0237AF618","0"
"record_balanced_original_rule","20260626","AB41398641C12C9408E69857A4C231D30D2A92962FD29AAE008D43DC9CADDA0E","rbv01_08EC8F274B3390CA9A557C1810F52FE38EAF9404CF035F8A1D70A5AAAFA3EA60","2"
"record_balanced_original_rule","20260626","AB52920C056BC3D626F45523B472C65C44FCA9DC9A623EA5457683E94132C1BC","rbv01_0213C5737861DD256119EF44D45CD1CECAF08BA1B29FE2AD47F7CEE0237AF618","0"
"record_balanced_original_rule","20260626","AB9017B74EDBA5356EFD2EC657C83D9D19B7ADA73C33B879061587D492AF1944","rbv01_011B84DDF86961F6053ED2B20908582AF6425C6EFA13305F705F7C498093367C","1"
"record_balanced_original_rule","20260626","ABB876EB13648B1298D139D4922374C58C19A4BDF29FDCE7D987BD3D3368992B","rbv01_01C322D9FB99669376EAE9C000289E1B0BF73B04313F3AF1BFE6D03B29E89068","3"
"record_balanced_original_rule","20260626","AC6FE594DD7ECB18A1B6E73786A79CB0FFFA5A656955D4AC61673767B15F9B9E","rbv01_021729FAD057771AC5A3F59730477FE06019418FF0104B829F6E153E2D91134D","3"
"record_balanced_original_rule","20260626","AC74F5EDBB316F0065CBBD7BACBFC9BA5698CC5DE0C466E34D85E3DD672994C4","rbv01_0213C5737861DD256119EF44D45CD1CECAF08BA1B29FE2AD47F7CEE0237AF618","0"
"record_balanced_original_rule","20260626","AC7E8AC1FBFB912D1FFFD4F44CCCB54CA00E3286DEC1FC355EA9713F7AE1ABF0","rbv01_0213C5737861DD256119EF44D45CD1CECAF08BA1B29FE2AD47F7CEE0237AF618","0"
"record_balanced_original_rule","20260626","AC96EDC92C16AE974D029E7C3EC79830377200F2AD647CB0839E57426654CC9D","rbv01_0213C5737861DD256119EF44D45CD1CECAF08BA1B29FE2AD47F7CEE0237AF618","0"
"record_balanced_original_rule","20260626","ACAB98F0C12CC6F991436AEB48A300F67A86445A6510BFF2C8E8768AA9C33BC4","rbv01_0213C5737861DD256119EF44D45CD1CECAF08BA1B29FE2AD47F7CEE0237AF618","0"
"record_balanced_original_rule","20260626","ACEBCF22CAEF9C9C02F0786C289750F766EFD28E1BFFD1F02B61CE569FE2E580","rbv01_011B84DDF86961F6053ED2B20908582AF6425C6EFA13305F705F7C498093367C","1"
"record_balanced_original_rule","20260626","AD7CD4A46FC4EE7DE1D8AB6389CF8611CDCC6BEACDA38C4B07156D5345D23070","rbv01_011B84DDF86961F6053ED2B20908582AF6425C6EFA13305F705F7C498093367C","1"
"record_balanced_original_rule","20260626","ADF32FABCAC2700D763411EB6FA3EFE78D894E5EA5E2F441B74E7F3C399A302C","rbv01_011B84DDF86961F6053ED2B20908582AF6425C6EFA13305F705F7C498093367C","1"
"record_balanced_original_rule","20260626","AE060FBBAB2E247C0B79C1F9B6565EAB1F4C889FEAA03B7B0BDABEEFB7FAEADC","rbv01_0213C5737861DD256119EF44D45CD1CECAF08BA1B29FE2AD47F7CEE0237AF618","0"
"record_balanced_original_rule","20260626","AE06FDB7F5581A7D50CB291B4BC504907018DBF91EEBFD748519E5114196B99B","rbv01_0213C5737861DD256119EF44D45CD1CECAF08BA1B29FE2AD47F7CEE0237AF618","0"
"record_balanced_original_rule","20260626","AE457019834DE2438EADCFDB7A45B3BA5F9FE533B0667F6E368E1FC3002435FE","rbv01_0DA9CA625518CEB3C5B20C7295004FB7CDC5BC108FF93282C63467286DA188EB","4"
"record_balanced_original_rule","20260626","AF0D75317982A0E738A58779CB4D71BA4C5D3CC26F032C2E6EFE98B3DC8C3EDB","rbv01_021729FAD057771AC5A3F59730477FE06019418FF0104B829F6E153E2D91134D","3"
"record_balanced_original_rule","20260626","AF33E009B8494A61158C95F0369ED1017797A678F3EF0CBF663BDB55E3BBE70B","rbv01_0213C5737861DD256119EF44D45CD1CECAF08BA1B29FE2AD47F7CEE0237AF618","0"
"record_balanced_original_rule","20260626","AFE2243B4A6313F75EC08783353D54521F9F38D6D7BC9AE0D75B0701E04C5F24","rbv01_054201B2ED3ADADFBB0028C07B1A262219631DC717FDE4862C42583AB67D10C2","1"
"record_balanced_original_rule","20260626","B06E21958CD4549AACE77E83D22C28877440A8AD0AF72D91EFE3AB4CC613C029","rbv01_01C322D9FB99669376EAE9C000289E1B0BF73B04313F3AF1BFE6D03B29E89068","3"
"record_balanced_original_rule","20260626","B145D46C6B0610141563B3D6BF4900725422A6057E0042E247C6780ECF90D4D7","rbv01_0213C5737861DD256119EF44D45CD1CECAF08BA1B29FE2AD47F7CEE0237AF618","0"
"record_balanced_original_rule","20260626","B1838BAC87D0C258143D1BD324B696E54E470ECF260D0E94EEE6A4C3646A8506","rbv01_0213C5737861DD256119EF44D45CD1CECAF08BA1B29FE2AD47F7CEE0237AF618","0"
"record_balanced_original_rule","20260626","B1EE7DBE14997AD832D2E3B1D15CD7117CD0BD7441A20C2D734153ECF8F03AA4","rbv01_01C322D9FB99669376EAE9C000289E1B0BF73B04313F3AF1BFE6D03B29E89068","3"
"record_balanced_original_rule","20260626","B200D86B8772A6CDABAA7D4FC509BEF8CE48F162F95F720A2D1CC39AE8ABDEAB","rbv01_0E9E0FC3E20BED0F32C5DF6A0164CCE77E206A06E5378ED855756B22A2C4F6E6","3"
"record_balanced_original_rule","20260626","B29953F7D4F0FA8CF6F15E29AB86FE99E389F8361C845BFC072A8D925C96ED7D","rbv01_054201B2ED3ADADFBB0028C07B1A262219631DC717FDE4862C42583AB67D10C2","1"
"record_balanced_original_rule","20260626","B2A91EA5E1E20CDD45E2A6DBD5221F4C2BCF3CEBB9C561698EE5E95C5382BA47","rbv01_011B84DDF86961F6053ED2B20908582AF6425C6EFA13305F705F7C498093367C","1"
"record_balanced_original_rule","20260626","B2CD5F47D035F19D6E0133B9749EAC1E83AB88C02CE3862A36E707B74BC4904C","rbv01_011B84DDF86961F6053ED2B20908582AF6425C6EFA13305F705F7C498093367C","1"
"record_balanced_original_rule","20260626","B348C9E6BEE2B307688E043EB498EBA86B6279660BAA6972D34F1611A092DB08","rbv01_011D932A057B34C28A553A7C900731E1D7B1E42FD9312A7495A3DF8ECA2AF3C9","4"
"record_balanced_original_rule","20260626","B3759A0C61400E55ACF97C46DD8E1338BC2E1D1BAF23760B330329772F508D56","rbv01_0A5AC21E5BA740588E2CBBCCF2F521223BEEC9FB27076F153A79601562B5DA7C","2"
"record_balanced_original_rule","20260626","B37AE0189199B24FD4C49D8EAFA64FAAC75B65B904402B44678B8D937FCE973A","rbv01_021729FAD057771AC5A3F59730477FE06019418FF0104B829F6E153E2D91134D","3"
"record_balanced_original_rule","20260626","B39F4EC3413F813DE60B2E85C96D8B1911D848DC8C7736BB3A3CB27B6F27F92E","rbv01_054201B2ED3ADADFBB0028C07B1A262219631DC717FDE4862C42583AB67D10C2","1"
"record_balanced_original_rule","20260626","B3CA2613D5C3FE50D6A832EFB117A99A0448C3350EE0535E440154F6EF143A8B","rbv01_011B84DDF86961F6053ED2B20908582AF6425C6EFA13305F705F7C498093367C","1"
"record_balanced_original_rule","20260626","B519ECCDF65739257F48A201228250169491DB87668182427D58C9969E0FF76B","rbv01_046276E5E1EC434CD47FE2E1D4137204B7C79D59E90B81B5BFE9A77BC6C0BB54","2"
"record_balanced_original_rule","20260626","B5741EADFFB6C447500186972531336C960E3B33523732AE2514BFE0FE5801DD","rbv01_011B84DDF86961F6053ED2B20908582AF6425C6EFA13305F705F7C498093367C","1"
"record_balanced_original_rule","20260626","B5C8942EDA8C11D378B5423AD08DA153434FE3FA13BD75E891D599BE6D0EE1A9","rbv01_76BCAA01B24B5B79F90CBEA55222EB028CC0DA3AC4CAD5CF5008C6EE1291E4FC","0"
"record_balanced_original_rule","20260626","B5F2C01FB2A7D3B67FE58B77FAE8319DB2F4745B234630C40F8D2807F1EA6BFD","rbv01_0C68AE2824568C19A46D2947C2D1EB95DFE6E72AF600B3275A62492DFFF69BF3","3"
"record_balanced_original_rule","20260626","B6EEDBC7569A107C2A6A8061EAB3FBDBF15FDDF94B81CE3FDF4CA5EC83431154","rbv01_011B84DDF86961F6053ED2B20908582AF6425C6EFA13305F705F7C498093367C","1"
"record_balanced_original_rule","20260626","B7EBC5F16557717928BFAA68B4AE69586AAA0B2C26F157F2614161FAAC407C7F","rbv01_2358EC0C12B602E4B7C5F9C580844910C6D49ACB512E9988307B46ECAFCD07F3","4"
"record_balanced_original_rule","20260626","B8100B810C31F4477DBAA22FF74BD4FEB089626D057AD5A5B625ADEB3FC58842","rbv01_2358EC0C12B602E4B7C5F9C580844910C6D49ACB512E9988307B46ECAFCD07F3","4"
"record_balanced_original_rule","20260626","B86659A0E2D9B5BA88BA985BE047EF9A47252D224C31573B33CF1A23BC22A03B","rbv01_08EC8F274B3390CA9A557C1810F52FE38EAF9404CF035F8A1D70A5AAAFA3EA60","2"
"record_balanced_original_rule","20260626","B868B875CC1AA88D1796EDF1F4B51F7D67F8EE095EBAE40D3AE5129225D8DFDF","rbv01_011B84DDF86961F6053ED2B20908582AF6425C6EFA13305F705F7C498093367C","1"
"record_balanced_original_rule","20260626","B8F019C4D99BE1379301DB1F13A7F76D968564E34A078592DF03119F4B70438A","rbv01_0213C5737861DD256119EF44D45CD1CECAF08BA1B29FE2AD47F7CEE0237AF618","0"
"record_balanced_original_rule","20260626","B93A04708485D4EC46BB9191716C5BC32A292BF37BA4FBB35BFB3F1AA95CFE9A","rbv01_1A2E259AFB28A34C9C6E003C355FAC70F5755F63B27530053ACE4BA8A31F3C72","4"
"record_balanced_original_rule","20260626","B94154C8899CFBEC4230E47BA20C4D8424D8473764034D77FC9D0A1EDA884548","rbv01_011B84DDF86961F6053ED2B20908582AF6425C6EFA13305F705F7C498093367C","1"
"record_balanced_original_rule","20260626","B94D8856A497C9A6DB9B4C2779EC59EB2691D760CAA26895730BE0BE602B40A8","rbv01_011B84DDF86961F6053ED2B20908582AF6425C6EFA13305F705F7C498093367C","1"
"record_balanced_original_rule","20260626","B9BD7EB4F5BD12D41795C4CE132116A980B7E7733D8B7165B7C3B2642F076E18","rbv01_0213C5737861DD256119EF44D45CD1CECAF08BA1B29FE2AD47F7CEE0237AF618","0"
"record_balanced_original_rule","20260626","B9BD9565C71BA9B0497C0941CFBC60B2B14BD87260FB308D63D43B4C0D637EDF","rbv01_011B84DDF86961F6053ED2B20908582AF6425C6EFA13305F705F7C498093367C","1"
"record_balanced_original_rule","20260626","B9D724760C86604BBB0864C4AA14987C209A32E35A60D266151B006A2E5008AE","rbv01_0E9E0FC3E20BED0F32C5DF6A0164CCE77E206A06E5378ED855756B22A2C4F6E6","3"
"record_balanced_original_rule","20260626","B9D9A2E1C4B4CD247E864EBD7E2812FDA455003AC283FE1B222F923FD58B19FC","rbv01_0213C5737861DD256119EF44D45CD1CECAF08BA1B29FE2AD47F7CEE0237AF618","0"
"record_balanced_original_rule","20260626","BA4F1B10819A8F9E97119CC5D7076594BC81BCB8B817E983D5377B0B84C40D41","rbv01_046276E5E1EC434CD47FE2E1D4137204B7C79D59E90B81B5BFE9A77BC6C0BB54","2"
"record_balanced_original_rule","20260626","BAA06761F485A4ABA9AE803C1E5945748AFA196FA102FB05F99C3BF5E2038016","rbv01_08EC8F274B3390CA9A557C1810F52FE38EAF9404CF035F8A1D70A5AAAFA3EA60","2"
"record_balanced_original_rule","20260626","BB53F7CAC1B5EFF06D4D271BEB7D4376A80ACFB147C128F3032AE94D703C27E6","rbv01_011B84DDF86961F6053ED2B20908582AF6425C6EFA13305F705F7C498093367C","1"
"record_balanced_original_rule","20260626","BB540B24F63759F19B2A8272AC569D12A6AADE54ADB3A9E9D53897FBFD4941BB","rbv01_0E9E0FC3E20BED0F32C5DF6A0164CCE77E206A06E5378ED855756B22A2C4F6E6","3"
"record_balanced_original_rule","20260626","BB79574A85B67E96D8D51BFFCE53004FC56EA9E7419BC27D155E73DB77300407","rbv01_011B84DDF86961F6053ED2B20908582AF6425C6EFA13305F705F7C498093367C","1"
"record_balanced_original_rule","20260626","BB7E305C33C5A679AB9A6E999CDB56EAC15AE4B74DC7DDD941093AE731C4592B","rbv01_011D932A057B34C28A553A7C900731E1D7B1E42FD9312A7495A3DF8ECA2AF3C9","4"
"record_balanced_original_rule","20260626","BB861A32BF81583BC93DCF9202EC1749E18A6B3F55BF3A8736329AB89A38B6E7","rbv01_011B84DDF86961F6053ED2B20908582AF6425C6EFA13305F705F7C498093367C","1"
"record_balanced_original_rule","20260626","BB9CA604639983710E38AF2634203CD47193835B57165344FC8077DDDB5D4FC5","rbv01_2358EC0C12B602E4B7C5F9C580844910C6D49ACB512E9988307B46ECAFCD07F3","4"
"record_balanced_original_rule","20260626","BBA485F1B43AE7780C35E46FC658849FC877F626FF3B0C114C5A25BD83C36800","rbv01_01C322D9FB99669376EAE9C000289E1B0BF73B04313F3AF1BFE6D03B29E89068","3"
"record_balanced_original_rule","20260626","BBB218297BA7A0CA2DCEB9981A9878288D21364396EF071F5F0938E446211BEB","rbv01_021729FAD057771AC5A3F59730477FE06019418FF0104B829F6E153E2D91134D","3"
"record_balanced_original_rule","20260626","BBF3D6E7C1884A3AE2175E051614292C2F30A4B609072AF20182038BAEC747FE","rbv01_054201B2ED3ADADFBB0028C07B1A262219631DC717FDE4862C42583AB67D10C2","1"
"record_balanced_original_rule","20260626","BC108F1A9D8E57900D11637C16F7EB73251D901E7C21452F3569F9BDB00F1D5A","rbv01_021729FAD057771AC5A3F59730477FE06019418FF0104B829F6E153E2D91134D","3"
"record_balanced_original_rule","20260626","BC17A649667C68A0D97BA413FA5CD94AADA0571F0648298DC32E2D81DF818289","rbv01_0213C5737861DD256119EF44D45CD1CECAF08BA1B29FE2AD47F7CEE0237AF618","0"
"record_balanced_original_rule","20260626","BC59AB749AF1DCD339D13991C02EA8906D3AD95744F19773A9A9F7CF9F9E1C27","rbv01_011B84DDF86961F6053ED2B20908582AF6425C6EFA13305F705F7C498093367C","1"
"record_balanced_original_rule","20260626","BCC2CD5F0D3647BBF209E6EB9A41289EEAD47E5D2823FB7348E594E67D9FDDF2","rbv01_011B84DDF86961F6053ED2B20908582AF6425C6EFA13305F705F7C498093367C","1"
"record_balanced_original_rule","20260626","BD0215C009B94F443FBB7C13314D0698576F1E924DD98C10D1BF6EA4EE2A5B27","rbv01_0213C5737861DD256119EF44D45CD1CECAF08BA1B29FE2AD47F7CEE0237AF618","0"
"record_balanced_original_rule","20260626","BDDE832A1AB36BBB98D1729FFE9D170B71D1C7855D714105EE36F49DAA5130C6","rbv01_011B84DDF86961F6053ED2B20908582AF6425C6EFA13305F705F7C498093367C","1"
"record_balanced_original_rule","20260626","BDEC379DE72E119131CCD9A28E283FF0DEB5D4EE1C8A8327467A365F1A8DC98D","rbv01_021729FAD057771AC5A3F59730477FE06019418FF0104B829F6E153E2D91134D","3"
"record_balanced_original_rule","20260626","BE1142D58C43A688F6B2D06F3F208781610B34DC0FE9EC96C2C95A721F86252D","rbv01_011B84DDF86961F6053ED2B20908582AF6425C6EFA13305F705F7C498093367C","1"
"record_balanced_original_rule","20260626","BE3CBACB270E7D8402567193A0B8DFE5B222A18115E5E051661A41E4C7224047","rbv01_011B84DDF86961F6053ED2B20908582AF6425C6EFA13305F705F7C498093367C","1"
"record_balanced_original_rule","20260626","BF13459ED4C51FC764B8D32D8DC7E945F652AB995DED7EC5BF054B273AB00E8F","rbv01_0213C5737861DD256119EF44D45CD1CECAF08BA1B29FE2AD47F7CEE0237AF618","0"
"record_balanced_original_rule","20260626","C099836BC703D927F83DDE65F456933C8F1A94EB40993699CAFA1089989225B7","rbv01_0213C5737861DD256119EF44D45CD1CECAF08BA1B29FE2AD47F7CEE0237AF618","0"
"record_balanced_original_rule","20260626","C18EA628946D04F2EC112F1CF72E8344E0DF3EB19712BA76CC7E85737851D2ED","rbv01_2358EC0C12B602E4B7C5F9C580844910C6D49ACB512E9988307B46ECAFCD07F3","4"
"record_balanced_original_rule","20260626","C1C2010C013730168967BCC65E0D421A7D28D6DC093D274B3BA75B67BB461EC4","rbv01_0213C5737861DD256119EF44D45CD1CECAF08BA1B29FE2AD47F7CEE0237AF618","0"
"record_balanced_original_rule","20260626","C1FF16F877F184D1345F0716C0D36A443D54121CA683A5AD4D7CE9A4C9C1FCEC","rbv01_0D49377FA046416BEACFBB00B72B25CF04B27FCDD1DFA22E7E8C3ECE070E08F2","2"
"record_balanced_original_rule","20260626","C2E9A284B53A07C539ABE6167C643B459414F42D225BFD9C0F63896281626D91","rbv01_011B84DDF86961F6053ED2B20908582AF6425C6EFA13305F705F7C498093367C","1"
"record_balanced_original_rule","20260626","C32126F322122558C66377512853B4D6C0B06A49B4EB41A226ECE9FE5C842AD5","rbv01_4C51CFDB4AF8C1E97EE68AD316E14EE38D69EBF9BC08EA86615CC9553C187FB5","4"
"record_balanced_original_rule","20260626","C3876C0DA76BBFAB3CA30CBF0637C93F1955CFFB510209097FF630AA52F4DC3B","rbv01_2358EC0C12B602E4B7C5F9C580844910C6D49ACB512E9988307B46ECAFCD07F3","4"
"record_balanced_original_rule","20260626","C3D2C97E3DEC0BB5D8D8B6EC626E169FF6F7DA7C040B266616CFE0B2DB64044C","rbv01_01C322D9FB99669376EAE9C000289E1B0BF73B04313F3AF1BFE6D03B29E89068","3"
"record_balanced_original_rule","20260626","C3ECC9037D31BE4431B6E41933FCC564AD88C94968C0E087B6F9B3A85284C6CD","rbv01_046276E5E1EC434CD47FE2E1D4137204B7C79D59E90B81B5BFE9A77BC6C0BB54","2"
"record_balanced_original_rule","20260626","C3F7A6E5E0532194F9147B8BF2A22ADF5B185E9769050D0E0514582D36228137","rbv01_2358EC0C12B602E4B7C5F9C580844910C6D49ACB512E9988307B46ECAFCD07F3","4"
"record_balanced_original_rule","20260626","C4213A6EAEB15B5790B4360F2B6E218D019741654D0FA832E9B6476A24B3E85E","rbv01_01C322D9FB99669376EAE9C000289E1B0BF73B04313F3AF1BFE6D03B29E89068","3"
"record_balanced_original_rule","20260626","C46B125AA6FD16BB09E22BB23A8D872A46AC0D526525EECF48BF1BE79095577C","rbv01_011B84DDF86961F6053ED2B20908582AF6425C6EFA13305F705F7C498093367C","1"
"record_balanced_original_rule","20260626","C470F8B4B10DA4148C4CED620968FE4401AEF4244CF79E0642EA2E50861D4C97","rbv01_011B84DDF86961F6053ED2B20908582AF6425C6EFA13305F705F7C498093367C","1"
"record_balanced_original_rule","20260626","C47896C9D53550EDF40D1485D2ECF809FA4C7AAF81443C7CCFCC4FF77C902BB5","rbv01_021729FAD057771AC5A3F59730477FE06019418FF0104B829F6E153E2D91134D","3"
"record_balanced_original_rule","20260626","C4FDE08E990972AB90E02DEA79BC4406F9953968511881C7BDBDD65720740145","rbv01_011B84DDF86961F6053ED2B20908582AF6425C6EFA13305F705F7C498093367C","1"
"record_balanced_original_rule","20260626","C4FE16D78D333D24B6FB9C7EB3A8D7225EC1450F10F57F828F917B0E2615AB09","rbv01_011B84DDF86961F6053ED2B20908582AF6425C6EFA13305F705F7C498093367C","1"
"record_balanced_original_rule","20260626","C5871DAE82ABAFA71A24BAF08810AD7ED5C7C3B840159CC274C83347FA18E6A3","rbv01_011B84DDF86961F6053ED2B20908582AF6425C6EFA13305F705F7C498093367C","1"
"record_balanced_original_rule","20260626","C5F4F742403A2ACBAEBC7DE5C0689EC7635EDBEEA05A3DF0A29E8C3D50B61649","rbv01_0E9E0FC3E20BED0F32C5DF6A0164CCE77E206A06E5378ED855756B22A2C4F6E6","3"
"record_balanced_original_rule","20260626","C658CE0CFA0E8FE9D350C38887123C4659BCD299DBC1AE54BA68F164D1B8565E","rbv01_011B84DDF86961F6053ED2B20908582AF6425C6EFA13305F705F7C498093367C","1"
"record_balanced_original_rule","20260626","C675997CF2F823E3D603A0B58900E01C299127F834AF36A33AEE14BA27C9BEF4","rbv01_08EC8F274B3390CA9A557C1810F52FE38EAF9404CF035F8A1D70A5AAAFA3EA60","2"
"record_balanced_original_rule","20260626","C67620705F70632039C8225E8A46C21289DA592650AE2A36F5A407BF00821BC5","rbv01_011B84DDF86961F6053ED2B20908582AF6425C6EFA13305F705F7C498093367C","1"
"record_balanced_original_rule","20260626","C69B53FF41F92A205289CD2EB49FEB1D531505793EF182D5A729A5228B96DB90","rbv01_0213C5737861DD256119EF44D45CD1CECAF08BA1B29FE2AD47F7CEE0237AF618","0"
"record_balanced_original_rule","20260626","C6E29CBAFA5E735C159B8EFDB288D586C0E356BAB7D1D065A9E2A2E813DABE6B","rbv01_0D49377FA046416BEACFBB00B72B25CF04B27FCDD1DFA22E7E8C3ECE070E08F2","2"
"record_balanced_original_rule","20260626","C77AD87E7C3B4C46DA55DB10181B23030C10090C3DE757E8D9FAA123FAA0F97F","rbv01_011D932A057B34C28A553A7C900731E1D7B1E42FD9312A7495A3DF8ECA2AF3C9","4"
"record_balanced_original_rule","20260626","C7A781BF9A1C3FE7A3DAF10DD9D274D10FB50389FA3D4EBDF39E7A1D958DF3D0","rbv01_0E9E0FC3E20BED0F32C5DF6A0164CCE77E206A06E5378ED855756B22A2C4F6E6","3"
"record_balanced_original_rule","20260626","C7B54BDF60C92518872D1C57AEF2D3C8BDCCB3F712ACB6DE17BAC8F2D99C0A47","rbv01_011B84DDF86961F6053ED2B20908582AF6425C6EFA13305F705F7C498093367C","1"
"record_balanced_original_rule","20260626","C83EC75B022C34D3F55812FD730977C1F2AE511752744CE19605D2E51B954C1B","rbv01_0213C5737861DD256119EF44D45CD1CECAF08BA1B29FE2AD47F7CEE0237AF618","0"
"record_balanced_original_rule","20260626","C8A1B03EB686F7C8CAD3B14667DB5DFC9A4AC5430412C154D0BBE7F1CE2592E8","rbv01_011B84DDF86961F6053ED2B20908582AF6425C6EFA13305F705F7C498093367C","1"
"record_balanced_original_rule","20260626","C91589BD71C2809B016880159E0213C30A24A69C983785D5D0638F17F89CB9B6","rbv01_2358EC0C12B602E4B7C5F9C580844910C6D49ACB512E9988307B46ECAFCD07F3","4"
"record_balanced_original_rule","20260626","CA11F7BF23531F30358FC7BF01CFE7D5D2D3E1DC583FBAA509D220816FD2138C","rbv01_0213C5737861DD256119EF44D45CD1CECAF08BA1B29FE2AD47F7CEE0237AF618","0"
"record_balanced_original_rule","20260626","CA26DFBEFDE496F1EA153FE5E11E545A17F7BA36189F57C309392DFFFB1A362D","rbv01_021729FAD057771AC5A3F59730477FE06019418FF0104B829F6E153E2D91134D","3"
"record_balanced_original_rule","20260626","CAC25E66C72FAE2F2EE200CAFF349DC8202EFBAA843AEAC6D57755BF8EC5C5DD","rbv01_011B84DDF86961F6053ED2B20908582AF6425C6EFA13305F705F7C498093367C","1"
"record_balanced_original_rule","20260626","CAF19075880F62FAF8048157A1028994F27E9E95B9AE0BE97F801FB910EE227E","rbv01_0213C5737861DD256119EF44D45CD1CECAF08BA1B29FE2AD47F7CEE0237AF618","0"
"record_balanced_original_rule","20260626","CB344079F12CE6E7854BEB1B12CFCFC69D87B06F60759FBB602561B0B8F2C5A8","rbv01_046276E5E1EC434CD47FE2E1D4137204B7C79D59E90B81B5BFE9A77BC6C0BB54","2"
"record_balanced_original_rule","20260626","CBB306D563AF1475DD70483341742AD46B3DC3BB5E7397FBBEE3E7AD38F09981","rbv01_0A5AC21E5BA740588E2CBBCCF2F521223BEEC9FB27076F153A79601562B5DA7C","2"
"record_balanced_original_rule","20260626","CC1FE8BECBFA48728DF9831D4A48B906A91F0CD3C655DD332A8ABACA1DD5AE91","rbv01_25A206590D1048D18147FD26B701861897281071258782AED6A00779FFF7210A","1"
"record_balanced_original_rule","20260626","CC6B6023F88A67BD99E41B1981B0AC1D92E796BCDD5AA2CF1A0B70FA4895FD44","rbv01_0213C5737861DD256119EF44D45CD1CECAF08BA1B29FE2AD47F7CEE0237AF618","0"
"record_balanced_original_rule","20260626","CC9102A2732EF11FC0913FA7085F6FAA505F4CF73C976CBA72EE8C20AB9CADE4","rbv01_011B84DDF86961F6053ED2B20908582AF6425C6EFA13305F705F7C498093367C","1"
"record_balanced_original_rule","20260626","CCE05234A4781635373B610B3FEA0BE4C5CA371189DC43BA6576E4CC4A270BC3","rbv01_0213C5737861DD256119EF44D45CD1CECAF08BA1B29FE2AD47F7CEE0237AF618","0"
"record_balanced_original_rule","20260626","CCE1CB2CFC3C13ACA42B9D516F04CFDC1B24CF2B52E868812152B2345EBE9B4F","rbv01_0213C5737861DD256119EF44D45CD1CECAF08BA1B29FE2AD47F7CEE0237AF618","0"
"record_balanced_original_rule","20260626","CD1B62181F83E387D8E24FF67CCBD8A1E11BA5AD8970337517DB9317DE2E4874","rbv01_0213C5737861DD256119EF44D45CD1CECAF08BA1B29FE2AD47F7CEE0237AF618","0"
"record_balanced_original_rule","20260626","CD1F3C4B685E71AC58B0775AC907F7CDC0AD44EE4C9534126D696279E361F90A","rbv01_011B84DDF86961F6053ED2B20908582AF6425C6EFA13305F705F7C498093367C","1"
"record_balanced_original_rule","20260626","CD7B0849E1C2E9264C494CA00C61B16DBB847BF2CBC3464624D4D11B54F94CEB","rbv01_011B84DDF86961F6053ED2B20908582AF6425C6EFA13305F705F7C498093367C","1"
"record_balanced_original_rule","20260626","CE2557F4248198F5922C14D08246E384A04862FB5CA317E6700868FC2E2537D0","rbv01_0D49377FA046416BEACFBB00B72B25CF04B27FCDD1DFA22E7E8C3ECE070E08F2","2"
"record_balanced_original_rule","20260626","CEA55450F2602D6717293450C4FB0AB0EBEFF0210F59AFAD6885903EE9A7435E","rbv01_011B84DDF86961F6053ED2B20908582AF6425C6EFA13305F705F7C498093367C","1"
"record_balanced_original_rule","20260626","CEE3D488D361FABD5E13DA86AF2CD985FD52ABB6A62DFCF520752F25F7F008C9","rbv01_054201B2ED3ADADFBB0028C07B1A262219631DC717FDE4862C42583AB67D10C2","1"
"record_balanced_original_rule","20260626","CF4F92F197F7B829D1B13CA0A83C1D47AEE882369E3021042EDB08014733FD5C","rbv01_01C322D9FB99669376EAE9C000289E1B0BF73B04313F3AF1BFE6D03B29E89068","3"
"record_balanced_original_rule","20260626","D0110E69D722C5EFB0A0F40F12E6D49EC6A0E1F8EE6390C488F17ABEC1D35C57","rbv01_0213C5737861DD256119EF44D45CD1CECAF08BA1B29FE2AD47F7CEE0237AF618","0"
"record_balanced_original_rule","20260626","D024D5C16CC82A40BF9565D31A5E5A630A32509DDDC0A0A825D16D41D02CA37F","rbv01_011B84DDF86961F6053ED2B20908582AF6425C6EFA13305F705F7C498093367C","1"
"record_balanced_original_rule","20260626","D0E71F868DED2D54488E37688EA0490F320A02635C336ED210E91ABE86AF92AE","rbv01_08EC8F274B3390CA9A557C1810F52FE38EAF9404CF035F8A1D70A5AAAFA3EA60","2"
"record_balanced_original_rule","20260626","D0F24AA6C7D25A6C15735F248E293D5000E67C9862550D33B2EDFA1FA92FDB97","rbv01_0213C5737861DD256119EF44D45CD1CECAF08BA1B29FE2AD47F7CEE0237AF618","0"
"record_balanced_original_rule","20260626","D11954EE94AD1EAA891628A01E2A50576FE4E22655EE2F3A6882EC88EB10FF00","rbv01_0213C5737861DD256119EF44D45CD1CECAF08BA1B29FE2AD47F7CEE0237AF618","0"
"record_balanced_original_rule","20260626","D13E13989D9D572066EC50B21645248CD70EAAA6E186F74861D10A25D20A42EB","rbv01_011D932A057B34C28A553A7C900731E1D7B1E42FD9312A7495A3DF8ECA2AF3C9","4"
"record_balanced_original_rule","20260626","D14F54F5B9E0A5B5051AC7757C4A76128E9D1B38536B9FD1A4503515CE2F79B1","rbv01_011B84DDF86961F6053ED2B20908582AF6425C6EFA13305F705F7C498093367C","1"
"record_balanced_original_rule","20260626","D168C7B7A6E6EC373F71A4F1F106D40E3FDBA8C5EB600636FF7735B230443759","rbv01_011D932A057B34C28A553A7C900731E1D7B1E42FD9312A7495A3DF8ECA2AF3C9","4"
"record_balanced_original_rule","20260626","D181DD2B3B5D070839CFD1D0138DAF7E441F398AAF45E287897478354BFADA2C","rbv01_011B84DDF86961F6053ED2B20908582AF6425C6EFA13305F705F7C498093367C","1"
"record_balanced_original_rule","20260626","D26A263DD301869FCB7372BB31B02E1D37D663506189161262612EF0D95476C0","rbv01_0E9E0FC3E20BED0F32C5DF6A0164CCE77E206A06E5378ED855756B22A2C4F6E6","3"
"record_balanced_original_rule","20260626","D273CBA99AF3CF030A0DC964E6B80B7372948948414C816F0BCB074D9D53AB5E","rbv01_01C322D9FB99669376EAE9C000289E1B0BF73B04313F3AF1BFE6D03B29E89068","3"
"record_balanced_original_rule","20260626","D274464C683058BF2EE2D703BF4D13DE275A630E86C5DAF6A2EE91E402982AB9","rbv01_011B84DDF86961F6053ED2B20908582AF6425C6EFA13305F705F7C498093367C","1"
"record_balanced_original_rule","20260626","D2C4965D162FAC423C91E7418E8F0B1FD9AB929C562C6AAB168762CA4B40DE35","rbv01_2358EC0C12B602E4B7C5F9C580844910C6D49ACB512E9988307B46ECAFCD07F3","4"
"record_balanced_original_rule","20260626","D2C523D15169AF68191B44D5F1216EE245DE3E82702C3CFA27CAB8F3E43771B2","rbv01_01C322D9FB99669376EAE9C000289E1B0BF73B04313F3AF1BFE6D03B29E89068","3"
"record_balanced_original_rule","20260626","D39A17E5B7FDF333F16D26D1E33355CAC56400A2EA00120507B19B9EE0D1108A","rbv01_021729FAD057771AC5A3F59730477FE06019418FF0104B829F6E153E2D91134D","3"
"record_balanced_original_rule","20260626","D3E50F0CB1BE63063A607D3C03CDC227FAB5D696E3373CEEB165A3FFF3391083","rbv01_021729FAD057771AC5A3F59730477FE06019418FF0104B829F6E153E2D91134D","3"
"record_balanced_original_rule","20260626","D42DEB898D8B5EEB119EA3C7E184A675194B9BFC68FF6714839C111E14A0C5A3","rbv01_011B84DDF86961F6053ED2B20908582AF6425C6EFA13305F705F7C498093367C","1"
"record_balanced_original_rule","20260626","D4BF6F5B5355EADE55788320E767CAF2D3F00C82DAAB6C0474C7E6BFF6E91BE6","rbv01_046276E5E1EC434CD47FE2E1D4137204B7C79D59E90B81B5BFE9A77BC6C0BB54","2"
"record_balanced_original_rule","20260626","D5856478D52086FDDC34BE189FE45DC90DF02788C7B2899AA8124E06E22949B2","rbv01_0213C5737861DD256119EF44D45CD1CECAF08BA1B29FE2AD47F7CEE0237AF618","0"
"record_balanced_original_rule","20260626","D58D8B9680E06B6A9787187D15517C4D341652FC9C1B422893906677A266C98B","rbv01_0E9E0FC3E20BED0F32C5DF6A0164CCE77E206A06E5378ED855756B22A2C4F6E6","3"
"record_balanced_original_rule","20260626","D5A9A7EACFF32F00C11CFC6EA88250E5CFBD4357E2DA02C05BDFA7C9AAC75203","rbv01_0213C5737861DD256119EF44D45CD1CECAF08BA1B29FE2AD47F7CEE0237AF618","0"
"record_balanced_original_rule","20260626","D5F0160DDF8B7E1A062DC48C97B1A64F621535F24B90F32B3FE6810D98396424","rbv01_0E9E0FC3E20BED0F32C5DF6A0164CCE77E206A06E5378ED855756B22A2C4F6E6","3"
"record_balanced_original_rule","20260626","D6D53E83661C5EE51D894096A3F6BF030633B9D90587642284A361D3145284D9","rbv01_011B84DDF86961F6053ED2B20908582AF6425C6EFA13305F705F7C498093367C","1"
"record_balanced_original_rule","20260626","D6E3F6648F41498A302BAAEA11B7A2BC6C44FC8C1A8DFE77D9602735B7D84643","rbv01_011B84DDF86961F6053ED2B20908582AF6425C6EFA13305F705F7C498093367C","1"
"record_balanced_original_rule","20260626","D756EBF38F58013435F3227F56D8314A2EB2F231E4710B689C0C1331A89392A9","rbv01_0213C5737861DD256119EF44D45CD1CECAF08BA1B29FE2AD47F7CEE0237AF618","0"
"record_balanced_original_rule","20260626","D809BA101F51162F3BAABB24C38428E67BC5802BEC2627C3E03AB55C6CD2438D","rbv01_0213C5737861DD256119EF44D45CD1CECAF08BA1B29FE2AD47F7CEE0237AF618","0"
"record_balanced_original_rule","20260626","D816DE8FCD28544DE0EBA1B895B4E45AD75BDBB87E245CA97712F9170AD8675D","rbv01_01C322D9FB99669376EAE9C000289E1B0BF73B04313F3AF1BFE6D03B29E89068","3"
"record_balanced_original_rule","20260626","D829A5E8A5761584469072433FCFF2F4EDF34A8883EA0A033682C169380F8DFC","rbv01_08EC8F274B3390CA9A557C1810F52FE38EAF9404CF035F8A1D70A5AAAFA3EA60","2"
"record_balanced_original_rule","20260626","D8309C0B23A7624AB1BA0F233B34A7591A55DFBFD071444A7D6223B72CDC514F","rbv01_046276E5E1EC434CD47FE2E1D4137204B7C79D59E90B81B5BFE9A77BC6C0BB54","2"
"record_balanced_original_rule","20260626","D8634956B97FCABE2E58A3B3EBE21AC3A6A89CBF49E1FE063079730368A680C1","rbv01_011D932A057B34C28A553A7C900731E1D7B1E42FD9312A7495A3DF8ECA2AF3C9","4"
"record_balanced_original_rule","20260626","D8AC1F08FAACB5E65C7142B0486DE27DE1AE9EF36D9B54DF3E4162E8DCF6A3E4","rbv01_011B84DDF86961F6053ED2B20908582AF6425C6EFA13305F705F7C498093367C","1"
"record_balanced_original_rule","20260626","D92E50FC1E2ADAB1E5545B26196DD3C1FB39B2CB02C5C938EEE1B8EA91EB8971","rbv01_011D932A057B34C28A553A7C900731E1D7B1E42FD9312A7495A3DF8ECA2AF3C9","4"
"record_balanced_original_rule","20260626","D964937E6BE96D9353F4DEDBDB96AA7014F842165DE5BBA754A582AA18EE9AA3","rbv01_0213C5737861DD256119EF44D45CD1CECAF08BA1B29FE2AD47F7CEE0237AF618","0"
"record_balanced_original_rule","20260626","D97FD3F690E2192D58AD9C63FB8F836769BF8D63D8E3DB5490F483A225F851E3","rbv01_147C763D2DD7A735DC5DA68C31ECD7579510C8C8494E1BBB99D46B386B713D84","3"
"record_balanced_original_rule","20260626","D9CB92E7DD2B1A28EB350206ACAFD189EFC0A24BF995072C35C7A59AD8C6D4F4","rbv01_0213C5737861DD256119EF44D45CD1CECAF08BA1B29FE2AD47F7CEE0237AF618","0"
"record_balanced_original_rule","20260626","DA28F4487632C33CB00C52E8821A93E99738BF9EF2CF5F5FD2BD5DACE2B32E75","rbv01_011B84DDF86961F6053ED2B20908582AF6425C6EFA13305F705F7C498093367C","1"
"record_balanced_original_rule","20260626","DA87D1B20C84BDAA4FEB81B8451277C6AF990112C968DC5D74C384C37336C144","rbv01_0213C5737861DD256119EF44D45CD1CECAF08BA1B29FE2AD47F7CEE0237AF618","0"
"record_balanced_original_rule","20260626","DA8C1B25FDF1EE64F11D446274300BDF5592F7B139059ACB887CB48B22085C10","rbv01_0E9E0FC3E20BED0F32C5DF6A0164CCE77E206A06E5378ED855756B22A2C4F6E6","3"
"record_balanced_original_rule","20260626","DAB191A79F3937CEF80CB10C8EDAD30AB819D7B7A1EC945ED97DEA121B2146E2","rbv01_0E9E0FC3E20BED0F32C5DF6A0164CCE77E206A06E5378ED855756B22A2C4F6E6","3"
"record_balanced_original_rule","20260626","DAC13FF5AD273AD8D227FE070BB68E34F3E91243CAA730D1F76645444FFB63BF","rbv01_0213C5737861DD256119EF44D45CD1CECAF08BA1B29FE2AD47F7CEE0237AF618","0"
"record_balanced_original_rule","20260626","DAEEACE4EBBEB18110C37FB754679517B1A7FE241F31A8E5668E2D6390379906","rbv01_011B84DDF86961F6053ED2B20908582AF6425C6EFA13305F705F7C498093367C","1"
"record_balanced_original_rule","20260626","DB0FDB40CB323EB001B1D91D69E5B617D9AE7C9214B8AC8F5351693C50C53615","rbv01_0213C5737861DD256119EF44D45CD1CECAF08BA1B29FE2AD47F7CEE0237AF618","0"
"record_balanced_original_rule","20260626","DB5CAF2F10E70591652983B0A9A674D5E1E0A6CAFCB99BAEE295AB1492D059AE","rbv01_2358EC0C12B602E4B7C5F9C580844910C6D49ACB512E9988307B46ECAFCD07F3","4"
"record_balanced_original_rule","20260626","DB6023577266D822EE30F61EBDAAE903E90873B5C7E6B878BC88B989B3743FD1","rbv01_0213C5737861DD256119EF44D45CD1CECAF08BA1B29FE2AD47F7CEE0237AF618","0"
"record_balanced_original_rule","20260626","DBA2A9C9D31BBDEE4AE615AEF05DF801FFDE8D783038511D8418A5C2E4CC3D95","rbv01_2358EC0C12B602E4B7C5F9C580844910C6D49ACB512E9988307B46ECAFCD07F3","4"
"record_balanced_original_rule","20260626","DBB57993260E834EEB15A6981BC9455910A500A218B017DC99086C49926EFC0F","rbv01_0213C5737861DD256119EF44D45CD1CECAF08BA1B29FE2AD47F7CEE0237AF618","0"
"record_balanced_original_rule","20260626","DBD36E2A9E31A331706778808DC745B01B0DBC84928ED659EB39552DB66DA217","rbv01_011B84DDF86961F6053ED2B20908582AF6425C6EFA13305F705F7C498093367C","1"
"record_balanced_original_rule","20260626","DBFD188359B33E344DD3575A7FEF9ACF1FE1390ADC5DEB18F272F2F5BDAA24ED","rbv01_0213C5737861DD256119EF44D45CD1CECAF08BA1B29FE2AD47F7CEE0237AF618","0"
"record_balanced_original_rule","20260626","DD08863B15193FDE15029C5261CACE0781A9916CCB5F23922150C5D4FE02F260","rbv01_0213C5737861DD256119EF44D45CD1CECAF08BA1B29FE2AD47F7CEE0237AF618","0"
"record_balanced_original_rule","20260626","DD237E2522897A78EE430D05C0E17F80DAB09F45409397155B2F4D6F0180BD38","rbv01_0E9E0FC3E20BED0F32C5DF6A0164CCE77E206A06E5378ED855756B22A2C4F6E6","3"
"record_balanced_original_rule","20260626","DD2B23F31F967DE66B35A226C6484F84D8C8B41422EFD1B367744CB15F6994A2","rbv01_011B84DDF86961F6053ED2B20908582AF6425C6EFA13305F705F7C498093367C","1"
"record_balanced_original_rule","20260626","DD43E02D5CA778418A9767334CB836741E66B9EDA031AABEF626981151956467","rbv01_0E9E0FC3E20BED0F32C5DF6A0164CCE77E206A06E5378ED855756B22A2C4F6E6","3"
"record_balanced_original_rule","20260626","DD77BDEE41FF5C34708DFDFC7BF2008446A368436BAE00A79365E4C128EA8115","rbv01_24E94D68923D29AEF856F56175B9FAD71A2143AB1D61B0C7F522B1582143C11A","2"
"record_balanced_original_rule","20260626","DD9C57CC0BAB03835D7B5AC7D53B279083E442C737B89715F25C16F8CF8F1062","rbv01_046276E5E1EC434CD47FE2E1D4137204B7C79D59E90B81B5BFE9A77BC6C0BB54","2"
"record_balanced_original_rule","20260626","DD9F868A6C11AA8C89B38F17D42235636C77D51D167C7E6AFA3730C56D7C3EDC","rbv01_0213C5737861DD256119EF44D45CD1CECAF08BA1B29FE2AD47F7CEE0237AF618","0"
"record_balanced_original_rule","20260626","DE1D8D245C904B68CE8DB1516D102D16665289744931A79E20BB0A19C281B686","rbv01_011B84DDF86961F6053ED2B20908582AF6425C6EFA13305F705F7C498093367C","1"
"record_balanced_original_rule","20260626","DE3FF391F564658A93C91EFAB17A175894DB6BD3F0556331B9BD27487F2182C0","rbv01_0213C5737861DD256119EF44D45CD1CECAF08BA1B29FE2AD47F7CEE0237AF618","0"
"record_balanced_original_rule","20260626","DE7E5E6899137CAE9A7B199C673ADA5A612E1CECA597A88314B667187065F2EF","rbv01_0213C5737861DD256119EF44D45CD1CECAF08BA1B29FE2AD47F7CEE0237AF618","0"
"record_balanced_original_rule","20260626","DE98A651F2CEC87FC16A85CB4A8B80AE87F912EAE31F37D6A85779DB84F16BAB","rbv01_1A2E259AFB28A34C9C6E003C355FAC70F5755F63B27530053ACE4BA8A31F3C72","4"
"record_balanced_original_rule","20260626","DF31E0615B70C788DF08D4776C884DAF966C77010327E24F6E56F6C14028749B","rbv01_046276E5E1EC434CD47FE2E1D4137204B7C79D59E90B81B5BFE9A77BC6C0BB54","2"
"record_balanced_original_rule","20260626","DF47C97CA253340A9C8F0B691ABBEB76888CAA31AC1A5B6F06316E765E8C723C","rbv01_021729FAD057771AC5A3F59730477FE06019418FF0104B829F6E153E2D91134D","3"
"record_balanced_original_rule","20260626","E05B384AA51098E63B9810C8BD7D222243A0FB3A4150AE91000A4CD1C1FCDF91","rbv01_0213C5737861DD256119EF44D45CD1CECAF08BA1B29FE2AD47F7CEE0237AF618","0"
"record_balanced_original_rule","20260626","E09E57623295975B73F78759CA10BA593AAA8CCFFF9747860916DFD6ED4EEAF1","rbv01_0C68AE2824568C19A46D2947C2D1EB95DFE6E72AF600B3275A62492DFFF69BF3","3"
"record_balanced_original_rule","20260626","E0CD3670928525AE106B3A06A885DD15FFDEEB9E442A6018F1D73685A2B3691D","rbv01_0213C5737861DD256119EF44D45CD1CECAF08BA1B29FE2AD47F7CEE0237AF618","0"
"record_balanced_original_rule","20260626","E212D9F79128ABBB96EDDFE468D758EC2D427AE831F5B6BCD7B5704593191D39","rbv01_011B84DDF86961F6053ED2B20908582AF6425C6EFA13305F705F7C498093367C","1"
"record_balanced_original_rule","20260626","E22A0AD26EC5BA655AB29225AF2AFF772CFB634720145D73A5F019FA5C631AEB","rbv01_011B84DDF86961F6053ED2B20908582AF6425C6EFA13305F705F7C498093367C","1"
"record_balanced_original_rule","20260626","E246B7CEABA27350D6B2CA1E4F0576FF64672859ECF9744F48BBD0F5BF91A1A5","rbv01_08EC8F274B3390CA9A557C1810F52FE38EAF9404CF035F8A1D70A5AAAFA3EA60","2"
"record_balanced_original_rule","20260626","E25170032897207B1D57B8514E9D800005F4BB30800E0E35C3D0215346D1A7D7","rbv01_0E9E0FC3E20BED0F32C5DF6A0164CCE77E206A06E5378ED855756B22A2C4F6E6","3"
"record_balanced_original_rule","20260626","E2CA78A0D54B2D21E7AED63C7DBB74EBA59843F56C20E28B03BBF2123A9393AA","rbv01_011B84DDF86961F6053ED2B20908582AF6425C6EFA13305F705F7C498093367C","1"
"record_balanced_original_rule","20260626","E359383FC1A17609E2FA8EE2F11DACBE69125625A6D74F830BD6719073F2B818","rbv01_3944733A0CAA861AE1BF7F69E83315DFE9AC8D1B7B910FB105834A8D8DA25040","3"
"record_balanced_original_rule","20260626","E36F6BE8491D1F802A89DD02BDFF97453211E5A8D6E05D550249FDD5C731CE4F","rbv01_011B84DDF86961F6053ED2B20908582AF6425C6EFA13305F705F7C498093367C","1"
"record_balanced_original_rule","20260626","E41FAE599EE5F8E24A25B1C83349FE69114C135F269932E570B90FCB7E0C2067","rbv01_2358EC0C12B602E4B7C5F9C580844910C6D49ACB512E9988307B46ECAFCD07F3","4"
"record_balanced_original_rule","20260626","E42CAD3DF4347CF86E39E6ACB7DB9CEA77E4BDFAF49C1929FD4E269016E868E3","rbv01_0213C5737861DD256119EF44D45CD1CECAF08BA1B29FE2AD47F7CEE0237AF618","0"
"record_balanced_original_rule","20260626","E451F3923EC19618AAF9955AA563AAB2168BD9782BB49DCF90BFB2071402A6F8","rbv01_0213C5737861DD256119EF44D45CD1CECAF08BA1B29FE2AD47F7CEE0237AF618","0"
"record_balanced_original_rule","20260626","E46DD288B55473137F64F755EC58FC90D4A061519DBBB27F6035515B542CB2D8","rbv01_0213C5737861DD256119EF44D45CD1CECAF08BA1B29FE2AD47F7CEE0237AF618","0"
"record_balanced_original_rule","20260626","E49323691B55FCB332DDAB0DA6B6E5DE29C81416064B2F0BA210067FE0BAC637","rbv01_021729FAD057771AC5A3F59730477FE06019418FF0104B829F6E153E2D91134D","3"
"record_balanced_original_rule","20260626","E4B56AC396D6047F5BBD1565C8D6818F58334D941EC5EB060A454DD96A17C4CB","rbv01_011B84DDF86961F6053ED2B20908582AF6425C6EFA13305F705F7C498093367C","1"
"record_balanced_original_rule","20260626","E4DB8A3060E5F8D3D98602DCFA684F69561C0EFA5E4A0E072DAE34184F3D35A4","rbv01_0213C5737861DD256119EF44D45CD1CECAF08BA1B29FE2AD47F7CEE0237AF618","0"
"record_balanced_original_rule","20260626","E521C231C9D763DF15BA4FEFE0A7C20B41AF6AC72FEBB9C63218D37B3E0071C0","rbv01_08EC8F274B3390CA9A557C1810F52FE38EAF9404CF035F8A1D70A5AAAFA3EA60","2"
"record_balanced_original_rule","20260626","E59F36CD18A8FDEF11D6C01D78BE7CB10B8E1495BB0D296A840FB29A8E5763A4","rbv01_0E9E0FC3E20BED0F32C5DF6A0164CCE77E206A06E5378ED855756B22A2C4F6E6","3"
"record_balanced_original_rule","20260626","E5E3891D7FB2DC9C566D9093F6E554EA58C01D97636B7CDB94AFC78C059F2032","rbv01_054201B2ED3ADADFBB0028C07B1A262219631DC717FDE4862C42583AB67D10C2","1"
"record_balanced_original_rule","20260626","E67B8C903A50C6CF124FCA8E4B7FC3CB99181BDB0B8A1E0BC550A90BE0C0C45E","rbv01_011B84DDF86961F6053ED2B20908582AF6425C6EFA13305F705F7C498093367C","1"
"record_balanced_original_rule","20260626","E67EF7B4DD462A33D35355EF7A3B8B1413801E90CF90CABEFA677A0E0630A89B","rbv01_1A2E259AFB28A34C9C6E003C355FAC70F5755F63B27530053ACE4BA8A31F3C72","4"
"record_balanced_original_rule","20260626","E69D195B4230DAB213A806B90B115D0D7B3968D14B4BAD7EB4B49FB15D950D35","rbv01_0DA9CA625518CEB3C5B20C7295004FB7CDC5BC108FF93282C63467286DA188EB","4"
"record_balanced_original_rule","20260626","E6DBF5237E90E59E4E6CD74FAB6724E4A33E94B3A100AE58EFC87F2BE93BB6E4","rbv01_2358EC0C12B602E4B7C5F9C580844910C6D49ACB512E9988307B46ECAFCD07F3","4"
"record_balanced_original_rule","20260626","E6F94AE5F02D685DECBDDC51F6B172CB4983966F7071806E9C0360047EDABB66","rbv01_08EC8F274B3390CA9A557C1810F52FE38EAF9404CF035F8A1D70A5AAAFA3EA60","2"
"record_balanced_original_rule","20260626","E729E263CDF3C7F543B6A3494DFA83EF957EC307AE57986DDA986B57DB0D91BB","rbv01_2358EC0C12B602E4B7C5F9C580844910C6D49ACB512E9988307B46ECAFCD07F3","4"
"record_balanced_original_rule","20260626","E76BF31B3CE6ED8BC178BD526D9A95DCD2CC48FCBD9ECD1D90EE39541DFF27A7","rbv01_011B84DDF86961F6053ED2B20908582AF6425C6EFA13305F705F7C498093367C","1"
"record_balanced_original_rule","20260626","E799598E768E10ADAFD31DC1D715EEF99376FECD6F35911799BD3970EF21E2A9","rbv01_0C68AE2824568C19A46D2947C2D1EB95DFE6E72AF600B3275A62492DFFF69BF3","3"
"record_balanced_original_rule","20260626","E79B26F30D235E537051B7412C1787AB5A29BC05CD4FD561E3D12C0659247041","rbv01_011B84DDF86961F6053ED2B20908582AF6425C6EFA13305F705F7C498093367C","1"
"record_balanced_original_rule","20260626","E7B8602606CC99C6CC616DB2C94A77210052458B2D91A5DC1A809DAF369F01F1","rbv01_011B84DDF86961F6053ED2B20908582AF6425C6EFA13305F705F7C498093367C","1"
"record_balanced_original_rule","20260626","E847CA3AA584CF46562C4C10D0A89CF1C89A16A42896F4FC74BA1CA1C5B78344","rbv01_011D932A057B34C28A553A7C900731E1D7B1E42FD9312A7495A3DF8ECA2AF3C9","4"
"record_balanced_original_rule","20260626","E849CE78D91B1766FEFD3FD7C6D99088CB84710ED932C712463811303A85095E","rbv01_021729FAD057771AC5A3F59730477FE06019418FF0104B829F6E153E2D91134D","3"
"record_balanced_original_rule","20260626","E8592CB96C2B3DEC8133ADD6E91CA773892E79E1DA43CE38BAD57634C99EAB5F","rbv01_011B84DDF86961F6053ED2B20908582AF6425C6EFA13305F705F7C498093367C","1"
"record_balanced_original_rule","20260626","E8F835A38BA16A59A738591A2E589BA63BFD707AD4E62E659FB82FC98E1172D3","rbv01_2358EC0C12B602E4B7C5F9C580844910C6D49ACB512E9988307B46ECAFCD07F3","4"
"record_balanced_original_rule","20260626","E907D01B340E5320A6505866BABF1382F2B0EFCEFB644780748158FF4EE73A43","rbv01_25A206590D1048D18147FD26B701861897281071258782AED6A00779FFF7210A","1"
"record_balanced_original_rule","20260626","E95AD3BB879ECB09299C1F8976ADCB63A2137E77E02FF300135252641AF0B52A","rbv01_0DA9CA625518CEB3C5B20C7295004FB7CDC5BC108FF93282C63467286DA188EB","4"
"record_balanced_original_rule","20260626","EACC6C6EFC26ADDCDB4F96FA097950C4623D9F2C764D217A0A52EB0AF77C11F6","rbv01_021729FAD057771AC5A3F59730477FE06019418FF0104B829F6E153E2D91134D","3"
"record_balanced_original_rule","20260626","EAD9C9CB1D434C72D4A78ED36BEA28F0724C014AD887E51E501DC55B5E096606","rbv01_021729FAD057771AC5A3F59730477FE06019418FF0104B829F6E153E2D91134D","3"
"record_balanced_original_rule","20260626","EAED8AB4DD40DD10F50904618EB7150748A849D2A3C166B92D3A9C25EA18E4E6","rbv01_011B84DDF86961F6053ED2B20908582AF6425C6EFA13305F705F7C498093367C","1"
"record_balanced_original_rule","20260626","EB3B7F5B9E7CC8B3E7467913F998E6CDEC3A0553C95B8A9A0D7517C7FCF2435F","rbv01_0213C5737861DD256119EF44D45CD1CECAF08BA1B29FE2AD47F7CEE0237AF618","0"
"record_balanced_original_rule","20260626","EB5E7CB4EF87D291D7C1438CAC1D5AEAE3596577CF3AD6BE61F08AC99D5C324A","rbv01_0213C5737861DD256119EF44D45CD1CECAF08BA1B29FE2AD47F7CEE0237AF618","0"
"record_balanced_original_rule","20260626","EBD1208A158A14AA0CA7A21B7118FFB8711F3F04724EBFC43831EABAD2BD13C5","rbv01_0213C5737861DD256119EF44D45CD1CECAF08BA1B29FE2AD47F7CEE0237AF618","0"
"record_balanced_original_rule","20260626","EBD5D6705380112DC6346FF9BDEDE4A025EED3D14B81AFB5EF6A2A1842B037DD","rbv01_2358EC0C12B602E4B7C5F9C580844910C6D49ACB512E9988307B46ECAFCD07F3","4"
"record_balanced_original_rule","20260626","EC79577A9CED78FB22E68C932AEF96309581B5A8E273078603682FFA65BD7145","rbv01_2358EC0C12B602E4B7C5F9C580844910C6D49ACB512E9988307B46ECAFCD07F3","4"
"record_balanced_original_rule","20260626","EC93F9802477F1BEDACB39C6F85AA5B33C4F62697E1ADEBDC3D827D38C8F7121","rbv01_0213C5737861DD256119EF44D45CD1CECAF08BA1B29FE2AD47F7CEE0237AF618","0"
"record_balanced_original_rule","20260626","ED66BFD0BB747981271D06AAE546808BE69333C8F415A36265D48FFAD84384AE","rbv01_011B84DDF86961F6053ED2B20908582AF6425C6EFA13305F705F7C498093367C","1"
"record_balanced_original_rule","20260626","EE7A338842F10D2231287B6A699031F5493F4CEB5065979861CF8ADEDD808AB0","rbv01_011B84DDF86961F6053ED2B20908582AF6425C6EFA13305F705F7C498093367C","1"
"record_balanced_original_rule","20260626","EEAB11C775E2BD0A870D095471D87325125D88852F5EC45FEE87D1A3930721D9","rbv01_0213C5737861DD256119EF44D45CD1CECAF08BA1B29FE2AD47F7CEE0237AF618","0"
"record_balanced_original_rule","20260626","EF88F779209314CEC12600A1072E25EF52D938EBEBE9EE2506B6A8D5C421FB5E","rbv01_011B84DDF86961F6053ED2B20908582AF6425C6EFA13305F705F7C498093367C","1"
"record_balanced_original_rule","20260626","F01685EE0EB19C0DD9646956D33BE38F229C81AA2E15FDBB91E8CC16F58FB720","rbv01_25865A5FDDFF4A9F27EC5C10E5442A5D79D45CFAD482750F086BB81DD1C607F9","2"
"record_balanced_original_rule","20260626","F03B193C3BE69EA6F64919BF1E7FB76EFCE302A4EB30F8C248A1832AD3B8C668","rbv01_08EC8F274B3390CA9A557C1810F52FE38EAF9404CF035F8A1D70A5AAAFA3EA60","2"
"record_balanced_original_rule","20260626","F0B2B002D6A8D0BBB0F782A25E86170FBB4170670B6C445AB43EABA2B635D550","rbv01_01C322D9FB99669376EAE9C000289E1B0BF73B04313F3AF1BFE6D03B29E89068","3"
"record_balanced_original_rule","20260626","F0CAC88291CEAE0BB01D0CF7A1DA85A0648AB4997C7B375BDE06A457EC53B2EA","rbv01_2358EC0C12B602E4B7C5F9C580844910C6D49ACB512E9988307B46ECAFCD07F3","4"
"record_balanced_original_rule","20260626","F0CAD1D19912CDF05DD3B7A440D109EFDBAB59229E8E18AB5CC3303C71A471CA","rbv01_011B84DDF86961F6053ED2B20908582AF6425C6EFA13305F705F7C498093367C","1"
"record_balanced_original_rule","20260626","F0DC85694294ACEBD7428FEA7C0261ECAA2539C511BA650A203BCDBBEF7FB4DC","rbv01_2358EC0C12B602E4B7C5F9C580844910C6D49ACB512E9988307B46ECAFCD07F3","4"
"record_balanced_original_rule","20260626","F11400F7F4FA7E0DED93B856E7450804ABBE797955B86343FA298EE405CF7204","rbv01_011D932A057B34C28A553A7C900731E1D7B1E42FD9312A7495A3DF8ECA2AF3C9","4"
"record_balanced_original_rule","20260626","F14CC222548E3305375C273EE2B72C2FCDEEA8A809C4CCEE2A399E0EB795B6EB","rbv01_011B84DDF86961F6053ED2B20908582AF6425C6EFA13305F705F7C498093367C","1"
"record_balanced_original_rule","20260626","F16C18FFAE8C822002C99716227E855DBAAD773A0A513CC851D39C5E481E473D","rbv01_2358EC0C12B602E4B7C5F9C580844910C6D49ACB512E9988307B46ECAFCD07F3","4"
"record_balanced_original_rule","20260626","F187AF7A43C17C67D1C7793135299E6DB0CDFCF1E647667C56F864D73C0BB201","rbv01_0213C5737861DD256119EF44D45CD1CECAF08BA1B29FE2AD47F7CEE0237AF618","0"
"record_balanced_original_rule","20260626","F295A4F51A74A27B6635093B8289BFF8675FE24FE25DBFA1A4A560E788F703C5","rbv01_0213C5737861DD256119EF44D45CD1CECAF08BA1B29FE2AD47F7CEE0237AF618","0"
"record_balanced_original_rule","20260626","F30EF3CB2921DBFA99702A66F2DEE1A3FA5A523754A66C3D77DD7FE92AD303B9","rbv01_011B84DDF86961F6053ED2B20908582AF6425C6EFA13305F705F7C498093367C","1"
"record_balanced_original_rule","20260626","F31311258B667003D4EDCE890972EF97DF4DFFD48319476991DE54DBB24C3ABF","rbv01_011B84DDF86961F6053ED2B20908582AF6425C6EFA13305F705F7C498093367C","1"
"record_balanced_original_rule","20260626","F377EFC88EA706578710A7532DCEEBCAD32E16B8273943E4064581AA68B3956A","rbv01_054201B2ED3ADADFBB0028C07B1A262219631DC717FDE4862C42583AB67D10C2","1"
"record_balanced_original_rule","20260626","F380C1D0F0BE41FB387A3673C899E3B17B7F7E14F60A5A00678C6D82E9890145","rbv01_2358EC0C12B602E4B7C5F9C580844910C6D49ACB512E9988307B46ECAFCD07F3","4"
"record_balanced_original_rule","20260626","F3E239B26E6C4E9B55AC237285042F1781DE27FACDFE22E9C5D457BE0ED720E1","rbv01_2358EC0C12B602E4B7C5F9C580844910C6D49ACB512E9988307B46ECAFCD07F3","4"
"record_balanced_original_rule","20260626","F430F9F661D17E82BB0DC3E1E046F632C96995394E004BC6187A2946A3CA4F65","rbv01_011B84DDF86961F6053ED2B20908582AF6425C6EFA13305F705F7C498093367C","1"
"record_balanced_original_rule","20260626","F44077F1BA2E3DEEFCB7542F47FE9A209E706C5D003B4FA060D51C7A2E6EA2A3","rbv01_021729FAD057771AC5A3F59730477FE06019418FF0104B829F6E153E2D91134D","3"
"record_balanced_original_rule","20260626","F457BAE664D63AC3B68FEC9CA67CC37D2FB49128FDA5966941E6A887C4BB41EE","rbv01_0213C5737861DD256119EF44D45CD1CECAF08BA1B29FE2AD47F7CEE0237AF618","0"
"record_balanced_original_rule","20260626","F49E9EB02EED5396F102904E0C01153B37693A90E749C404D5C9846200910D35","rbv01_021729FAD057771AC5A3F59730477FE06019418FF0104B829F6E153E2D91134D","3"
"record_balanced_original_rule","20260626","F4B0E02CEC2C0953AEF12ABC39DBBA3703D2903B55B1858787CA50AE75602F98","rbv01_0213C5737861DD256119EF44D45CD1CECAF08BA1B29FE2AD47F7CEE0237AF618","0"
"record_balanced_original_rule","20260626","F4BBD6ED0CE5EC5CEE9F8E3FEFA1D0D9FF86C85895F90BAEFD121A691F77495F","rbv01_021729FAD057771AC5A3F59730477FE06019418FF0104B829F6E153E2D91134D","3"
"record_balanced_original_rule","20260626","F4DA62C2584B1AD9DE0D1E0D6EBC0F71ABC8E47C7AB09FDC5FA4AF9E08D8B630","rbv01_011B84DDF86961F6053ED2B20908582AF6425C6EFA13305F705F7C498093367C","1"
"record_balanced_original_rule","20260626","F585779509DCFE6DBB066EE4E95A6A9E896DA92C286171D603A0ADDD6A39FAA9","rbv01_08EC8F274B3390CA9A557C1810F52FE38EAF9404CF035F8A1D70A5AAAFA3EA60","2"
"record_balanced_original_rule","20260626","F58A8AE9CB7DB7D22742C331C0FD6DA354EAD7072546F39B52C60A459CA03986","rbv01_0E9E0FC3E20BED0F32C5DF6A0164CCE77E206A06E5378ED855756B22A2C4F6E6","3"
"record_balanced_original_rule","20260626","F5A014D4F687B1729446CE99069C929ECCAFB33B445AD84188CB70E6A04E70D3","rbv01_2358EC0C12B602E4B7C5F9C580844910C6D49ACB512E9988307B46ECAFCD07F3","4"
"record_balanced_original_rule","20260626","F6F5619534ACCD143842C5D6D0954030D10BBAA372DCCDB686C1BCD6BE991AD0","rbv01_25865A5FDDFF4A9F27EC5C10E5442A5D79D45CFAD482750F086BB81DD1C607F9","2"
"record_balanced_original_rule","20260626","F709BCA568A8B479D1087066441C6C5E49BDE0FBAFAB4E4B85015284AA52F5A0","rbv01_011B84DDF86961F6053ED2B20908582AF6425C6EFA13305F705F7C498093367C","1"
"record_balanced_original_rule","20260626","F70E24E2CB23AC54AD78A5AEAE85811520F847B43A980259BF9F5ECF47CC6F1B","rbv01_2358EC0C12B602E4B7C5F9C580844910C6D49ACB512E9988307B46ECAFCD07F3","4"
"record_balanced_original_rule","20260626","F740D0B53A6EC0ABAE92AF2B982DFC66B74AE55745D1F842889E7BA0149D8456","rbv01_0213C5737861DD256119EF44D45CD1CECAF08BA1B29FE2AD47F7CEE0237AF618","0"
"record_balanced_original_rule","20260626","F74B8BBB48804FE6A03FDB4A8565A5D73A3E2F636CEB8BC92988F3BEE90FEFE5","rbv01_046276E5E1EC434CD47FE2E1D4137204B7C79D59E90B81B5BFE9A77BC6C0BB54","2"
"record_balanced_original_rule","20260626","F78D4892F33EA3D77BF3C44AE98AB5A6B46F842FF55F130B07FE40788BBC7FC8","rbv01_0213C5737861DD256119EF44D45CD1CECAF08BA1B29FE2AD47F7CEE0237AF618","0"
"record_balanced_original_rule","20260626","F7B5DA08731CF10F7D2792354A55B0DE6F6A339192ADFC0A154C3B2956391A55","rbv01_054201B2ED3ADADFBB0028C07B1A262219631DC717FDE4862C42583AB67D10C2","1"
"record_balanced_original_rule","20260626","F84EEB82887882FC4BA964AEEAC0BACFDD8513433A8B7A7299E24ED61C232891","rbv01_2358EC0C12B602E4B7C5F9C580844910C6D49ACB512E9988307B46ECAFCD07F3","4"
"record_balanced_original_rule","20260626","F88640F5DCBD5D3A26A26BF6EEC6585F9D3A1993E4930A0DB40108959A0C82A2","rbv01_011B84DDF86961F6053ED2B20908582AF6425C6EFA13305F705F7C498093367C","1"
"record_balanced_original_rule","20260626","F8FAEB030F071884D0A649C8B108B8D3A23562183B65542520CFBA7AF197ACAC","rbv01_0E9E0FC3E20BED0F32C5DF6A0164CCE77E206A06E5378ED855756B22A2C4F6E6","3"
"record_balanced_original_rule","20260626","F9167BA4685385948265C3731DF67DF9467583BB00A7CE933D762D797333E176","rbv01_046276E5E1EC434CD47FE2E1D4137204B7C79D59E90B81B5BFE9A77BC6C0BB54","2"
"record_balanced_original_rule","20260626","F91EF2F1BD8F6CDAD0CF2E8D9DB599DBE47CE4BEB456463390D50C3A4FBD0B4B","rbv01_021729FAD057771AC5A3F59730477FE06019418FF0104B829F6E153E2D91134D","3"
"record_balanced_original_rule","20260626","F97E52A1E4556D07496985B3751E448187EEFD8F0453F65F30D7FAABEE2BAC3F","rbv01_011B84DDF86961F6053ED2B20908582AF6425C6EFA13305F705F7C498093367C","1"
"record_balanced_original_rule","20260626","F9C035AA109B2016912A10547344C6DFD1DC126587947383C4DA9DC73869B667","rbv01_0213C5737861DD256119EF44D45CD1CECAF08BA1B29FE2AD47F7CEE0237AF618","0"
"record_balanced_original_rule","20260626","FA1CC46F67C819BE723E7F223F7690E4209B11AFCD15729CDC71001ADE61CF33","rbv01_011B84DDF86961F6053ED2B20908582AF6425C6EFA13305F705F7C498093367C","1"
"record_balanced_original_rule","20260626","FB6339F8EA2586473CC51D79E47812F268DF7A1AC07C811FB102F341C8B8D43F","rbv01_0213C5737861DD256119EF44D45CD1CECAF08BA1B29FE2AD47F7CEE0237AF618","0"
"record_balanced_original_rule","20260626","FBF06F11A5D12FFD9C385CE277EAB6552559F0601AAA95FC5FD32F236FE74AB1","rbv01_0213C5737861DD256119EF44D45CD1CECAF08BA1B29FE2AD47F7CEE0237AF618","0"
"record_balanced_original_rule","20260626","FC3F636B8D198EA4C66A891839DED57390277B3F380DDFB5EA77560EFBB1BD12","rbv01_011B84DDF86961F6053ED2B20908582AF6425C6EFA13305F705F7C498093367C","1"
"record_balanced_original_rule","20260626","FCA6CA0763A713AEAA8D64BD0FDF68D64278BE9768B70DDD85DEA98CB882DA3A","rbv01_011B84DDF86961F6053ED2B20908582AF6425C6EFA13305F705F7C498093367C","1"
"record_balanced_original_rule","20260626","FD02C6E1A151E899A82BD383E68F0C57535147BBAD1BD003B076FC91C6DE2F1D","rbv01_0213C5737861DD256119EF44D45CD1CECAF08BA1B29FE2AD47F7CEE0237AF618","0"
"record_balanced_original_rule","20260626","FD2A67DB5DBFCE1119ED6DA8AAA7080AEC87BA71DD667D34900C9EA1F8717A94","rbv01_011B84DDF86961F6053ED2B20908582AF6425C6EFA13305F705F7C498093367C","1"
"record_balanced_original_rule","20260626","FDC4A1724EF8C8310B38F1DDEA1830C32D52BBDCA16ED19B3DFD7B886D426393","rbv01_011B84DDF86961F6053ED2B20908582AF6425C6EFA13305F705F7C498093367C","1"
"record_balanced_original_rule","20260626","FE7E457D1FA1B92F5EB71CE3093E1AFEB7F05966F0A10FC4A6117935D0D38277","rbv01_2358EC0C12B602E4B7C5F9C580844910C6D49ACB512E9988307B46ECAFCD07F3","4"
"record_balanced_original_rule","20260626","FF46ACB35DE2EBD6070C33FD19C74B0C1C7DFCE72F99C941F8CBA4014383507C","rbv01_2358EC0C12B602E4B7C5F9C580844910C6D49ACB512E9988307B46ECAFCD07F3","4"
"record_balanced_original_rule","20260626","FF7F0D5F0DF2E16DD4F9E8664948BC0DAB0D56755C6CFEC5B9E8ADC917E519EC","rbv01_0213C5737861DD256119EF44D45CD1CECAF08BA1B29FE2AD47F7CEE0237AF618","0"
"record_balanced_original_rule","20260626","FF9369ACF81A4151507DE6E6C19F1FFBAE2DD4A1B7E4814C1510605772392A03","rbv01_0213C5737861DD256119EF44D45CD1CECAF08BA1B29FE2AD47F7CEE0237AF618","0"
"record_balanced_original_rule","20260626","FFCBAA39118035145336D605EDCD6D8C0473CF8322314073B3C1237AC0DBC040","rbv01_054201B2ED3ADADFBB0028C07B1A262219631DC717FDE4862C42583AB67D10C2","1"
"record_balanced_original_rule","20260626","FFE63753BF3015A508A3F98FBE19E5EB31E85A995E234A9C4E4F36D7C522CA6F","rbv01_011B84DDF86961F6053ED2B20908582AF6425C6EFA13305F705F7C498093367C","1"
"record_balanced_original_rule","20260724","0061FDD63A9589E0F8DE63C14158AE0D7C2EFEA3B015661DFE818A0E19A9B3BA","rbv01_021729FAD057771AC5A3F59730477FE06019418FF0104B829F6E153E2D91134D","3"
"record_balanced_original_rule","20260724","0080E6935843F863371E22F1CED37652FDA5B361294A300C303F6F705AA482B4","rbv01_054201B2ED3ADADFBB0028C07B1A262219631DC717FDE4862C42583AB67D10C2","1"
"record_balanced_original_rule","20260724","01173CA8D64B41CA73353EABAA22D6075C16661C4227663F22DD9506467B1F95","rbv01_08EC8F274B3390CA9A557C1810F52FE38EAF9404CF035F8A1D70A5AAAFA3EA60","2"
"record_balanced_original_rule","20260724","015160EA6BB4FCD3BB38609CAD7C88EE690FF803C17973E56817138E36218C8B","rbv01_4A6CDC7218F267E114B083B225FC435EA4AECE9A8307DC39925FE5F442FDB97A","2"
"record_balanced_original_rule","20260724","01732DDCA3B8093BB6CE8F49ECEED5DECEEFFAA9A4A41C13D60DF0A753765CC7","rbv01_0213C5737861DD256119EF44D45CD1CECAF08BA1B29FE2AD47F7CEE0237AF618","0"
"record_balanced_original_rule","20260724","01B62D200C27D3EC84F62AAEC723BD902A8BBD3E6E87C93AAB51CEE8969C529F","rbv01_0213C5737861DD256119EF44D45CD1CECAF08BA1B29FE2AD47F7CEE0237AF618","0"
"record_balanced_original_rule","20260724","01D427590EE36074DCC8FCB945C46BD0191C8A1B7F383BEB6FA7D98BF5206463","rbv01_0213C5737861DD256119EF44D45CD1CECAF08BA1B29FE2AD47F7CEE0237AF618","0"
"record_balanced_original_rule","20260724","0224624C74589B7009210AB854F93613FBED5F4AC0208DEB5E6B4BEBC86DA932","rbv01_0213C5737861DD256119EF44D45CD1CECAF08BA1B29FE2AD47F7CEE0237AF618","0"
"record_balanced_original_rule","20260724","022F25D57529CF917A393BB2086AF70DA919073F900F4C6110D0FD616DDC1712","rbv01_08EC8F274B3390CA9A557C1810F52FE38EAF9404CF035F8A1D70A5AAAFA3EA60","2"
"record_balanced_original_rule","20260724","02B6DB525CB4AE3736D1536DC884F9D70D6C680F4F6D892EA7B8533A29FD0CA7","rbv01_0E9E0FC3E20BED0F32C5DF6A0164CCE77E206A06E5378ED855756B22A2C4F6E6","3"
"record_balanced_original_rule","20260724","02C713D01C5A665E383BD56BABA3CFC71A046A7666C95067906781F03470DC70","rbv01_011B84DDF86961F6053ED2B20908582AF6425C6EFA13305F705F7C498093367C","1"
"record_balanced_original_rule","20260724","02C825DDCFAB00225FFF41D33B28B73D12DB6961A655473C157555F7555FD637","rbv01_011B84DDF86961F6053ED2B20908582AF6425C6EFA13305F705F7C498093367C","1"
"record_balanced_original_rule","20260724","02CA4F8686BFB39493A0D903E1F41376CCCD09E06FAA21EEE8EAE01A6ED7E8EB","rbv01_0213C5737861DD256119EF44D45CD1CECAF08BA1B29FE2AD47F7CEE0237AF618","0"
"record_balanced_original_rule","20260724","02E1A4918E4B7ACF5DB0D5D0425AD147327344CB0367E980423E8D7374778A80","rbv01_0213C5737861DD256119EF44D45CD1CECAF08BA1B29FE2AD47F7CEE0237AF618","0"
"record_balanced_original_rule","20260724","04201813CB5EB8C43055740E1BC8C61D5BDA8DF6B16DA79A004D1A430F22119E","rbv01_046276E5E1EC434CD47FE2E1D4137204B7C79D59E90B81B5BFE9A77BC6C0BB54","2"
"record_balanced_original_rule","20260724","04931D25C1F44AB449179B7B97D5C80EA07F9438A95F6042D248E6EC0543AAA5","rbv01_0213C5737861DD256119EF44D45CD1CECAF08BA1B29FE2AD47F7CEE0237AF618","0"
"record_balanced_original_rule","20260724","04E6F7AFFB70291035C0698755DAE72AF8E7F2BBD25CB3117EBB6720069B212A","rbv01_054201B2ED3ADADFBB0028C07B1A262219631DC717FDE4862C42583AB67D10C2","1"
"record_balanced_original_rule","20260724","05468E4407395D15B86B9118FC2220FEE75CE3D6644C2E8FA84BAFF7AAC9ABCC","rbv01_046276E5E1EC434CD47FE2E1D4137204B7C79D59E90B81B5BFE9A77BC6C0BB54","2"
"record_balanced_original_rule","20260724","056447EAE83F22AEDB8B0E70EAC23727D3F402A7C366B66179822FBA94ECB519","rbv01_25A206590D1048D18147FD26B701861897281071258782AED6A00779FFF7210A","1"
"record_balanced_original_rule","20260724","05D102CFE0A022959182E3697C6FDBF4B37F7484322D1EA1176266C07C283D80","rbv01_011B84DDF86961F6053ED2B20908582AF6425C6EFA13305F705F7C498093367C","1"
"record_balanced_original_rule","20260724","05FEAE50B99BB6C53EBDD01604C3ACD41F0E0CAC9C82C968B701399113482864","rbv01_0213C5737861DD256119EF44D45CD1CECAF08BA1B29FE2AD47F7CEE0237AF618","0"
"record_balanced_original_rule","20260724","062C0B673690BF10490C581B0E6D60D44DA32B58E9EEA8F9E9BFC908D240C50C","rbv01_011B84DDF86961F6053ED2B20908582AF6425C6EFA13305F705F7C498093367C","1"
"record_balanced_original_rule","20260724","06AD68D1F58A1F9A422A033615D43879250C8F791DB0044B4B6F93E934B8D78A","rbv01_0A5AC21E5BA740588E2CBBCCF2F521223BEEC9FB27076F153A79601562B5DA7C","3"
"record_balanced_original_rule","20260724","0714EEE54C60B77E1C5F77EF006913ED2AA6140C698EEFF6A3F9B2430E2F98D5","rbv01_2358EC0C12B602E4B7C5F9C580844910C6D49ACB512E9988307B46ECAFCD07F3","4"
"record_balanced_original_rule","20260724","07D9F2B8743D65E2F6CA53F411B44C777D6DCBD6BA2B422D1AF5CF9A6957548D","rbv01_011B84DDF86961F6053ED2B20908582AF6425C6EFA13305F705F7C498093367C","1"
"record_balanced_original_rule","20260724","0819A80095FC07750FDAB70005323B69F9A3D5E6E409E7799432EB36F861CF18","rbv01_021729FAD057771AC5A3F59730477FE06019418FF0104B829F6E153E2D91134D","3"
"record_balanced_original_rule","20260724","08EB3F7B1EB1462E0CF9408933A5A5BE353E25FFE10DE7E129600A4ECDB8897F","rbv01_0213C5737861DD256119EF44D45CD1CECAF08BA1B29FE2AD47F7CEE0237AF618","0"
"record_balanced_original_rule","20260724","090FD6127F49544702933BCDD1372A4A75D44F60166DAACD9A38C82AE9C55B5C","rbv01_011B84DDF86961F6053ED2B20908582AF6425C6EFA13305F705F7C498093367C","1"
"record_balanced_original_rule","20260724","09A9D5AF92B12CA7837DB8B0E7908602292F6BB5F1DF590D1A2F67804882F3B2","rbv01_147C763D2DD7A735DC5DA68C31ECD7579510C8C8494E1BBB99D46B386B713D84","4"
"record_balanced_original_rule","20260724","0A63D723E907E4CCC98B812AA979CE73F104DCE8A42593682368DB168708E790","rbv01_0213C5737861DD256119EF44D45CD1CECAF08BA1B29FE2AD47F7CEE0237AF618","0"
"record_balanced_original_rule","20260724","0A66FD35432B3AC8C144F906DC2DF169F8DE2B1BBDFA5FB7C68BA571FC315EFA","rbv01_011B84DDF86961F6053ED2B20908582AF6425C6EFA13305F705F7C498093367C","1"
"record_balanced_original_rule","20260724","0A6A3B9DF47CC0D7F144ACC201811B1B4F630DF24952B02D1F7C7C97C89E482C","rbv01_011B84DDF86961F6053ED2B20908582AF6425C6EFA13305F705F7C498093367C","1"
"record_balanced_original_rule","20260724","0AC0C2BA7EC6F63B9029A78A263020D48A9AC21B2045F772008B896030BAFD8B","rbv01_0213C5737861DD256119EF44D45CD1CECAF08BA1B29FE2AD47F7CEE0237AF618","0"
"record_balanced_original_rule","20260724","0AD6A6F712BEF991034FD0EFA0A9FA8B16771CFE2434F42CB8F21B9D5B62CFCD","rbv01_0213C5737861DD256119EF44D45CD1CECAF08BA1B29FE2AD47F7CEE0237AF618","0"
"record_balanced_original_rule","20260724","0B0BE09EDE55A9B7EDAF27D24BB8801F04E4B730E81C443A9C62F47568950556","rbv01_0213C5737861DD256119EF44D45CD1CECAF08BA1B29FE2AD47F7CEE0237AF618","0"
"record_balanced_original_rule","20260724","0B2710EEFB0AEC9086720EAF19889112AB4CA3AC4D214E588555896F9D8DA6E9","rbv01_0213C5737861DD256119EF44D45CD1CECAF08BA1B29FE2AD47F7CEE0237AF618","0"
"record_balanced_original_rule","20260724","0B619E42C58E8800FA3F72CFE0F9A7038FEEA8ECBA4F3368C19810B77810EE8F","rbv01_0213C5737861DD256119EF44D45CD1CECAF08BA1B29FE2AD47F7CEE0237AF618","0"
"record_balanced_original_rule","20260724","0BEAB251B21B2F18803E2FBE3B2A1D288CE897FF912456D7BDEDB3749D6E9CFF","rbv01_0213C5737861DD256119EF44D45CD1CECAF08BA1B29FE2AD47F7CEE0237AF618","0"
"record_balanced_original_rule","20260724","0C14522EA93737DE24B293D2AA8E87339EB2F7AF5ABF547B3B56383EB5F5FCDD","rbv01_0213C5737861DD256119EF44D45CD1CECAF08BA1B29FE2AD47F7CEE0237AF618","0"
"record_balanced_original_rule","20260724","0C66AF5E40E6CE895652A7CD8C9284B65F2E397DC44D0928BF1004DF4B9E035F","rbv01_0213C5737861DD256119EF44D45CD1CECAF08BA1B29FE2AD47F7CEE0237AF618","0"
"record_balanced_original_rule","20260724","0C7CF3DF946AD4342F127AF7D191006E5B360903329F960639B9944B267906F1","rbv01_0213C5737861DD256119EF44D45CD1CECAF08BA1B29FE2AD47F7CEE0237AF618","0"
"record_balanced_original_rule","20260724","0CAC64E3E0BE70E1A5156C24FE14C5B23C51F2365A93A57E72C91EA7C7E4226D","rbv01_147C763D2DD7A735DC5DA68C31ECD7579510C8C8494E1BBB99D46B386B713D84","4"
"record_balanced_original_rule","20260724","0CFAE359EAED8EF244CD77956D2072CE44EDB70DFE9CE147B9DD148A8F57E1E5","rbv01_011B84DDF86961F6053ED2B20908582AF6425C6EFA13305F705F7C498093367C","1"
"record_balanced_original_rule","20260724","0CFE81AB6FCD84E3B8A6D0DA25E64957E294A3B9F76569D17DEBE5A59079BF6E","rbv01_011B84DDF86961F6053ED2B20908582AF6425C6EFA13305F705F7C498093367C","1"
"record_balanced_original_rule","20260724","0D5A2B84CEB02895537AFA84D02B08F710DF7A01663C27226B426D4EAE944AF3","rbv01_0213C5737861DD256119EF44D45CD1CECAF08BA1B29FE2AD47F7CEE0237AF618","0"
"record_balanced_original_rule","20260724","0D67D5C42CB946C4A87DBE760DE0B5437E00DE21F8615056D9D8AA56472A876A","rbv01_0213C5737861DD256119EF44D45CD1CECAF08BA1B29FE2AD47F7CEE0237AF618","0"
"record_balanced_original_rule","20260724","0D93443DF310A9AE80A43C8AAA91E394CDE962B7C2D5CF9FCEDB145440AF25FD","rbv01_011B84DDF86961F6053ED2B20908582AF6425C6EFA13305F705F7C498093367C","1"
"record_balanced_original_rule","20260724","0E5E28FFD9434148C037DCCA9C6877C954984743A4233827C9C832E3E5FF8282","rbv01_2358EC0C12B602E4B7C5F9C580844910C6D49ACB512E9988307B46ECAFCD07F3","4"
"record_balanced_original_rule","20260724","0E81E63321C6654EB47112AB8183C3A6B26BFA621C72D4D2DC976093DA5098F2","rbv01_0213C5737861DD256119EF44D45CD1CECAF08BA1B29FE2AD47F7CEE0237AF618","0"
"record_balanced_original_rule","20260724","0EA2AEC3AD3F8A1EC1F6526878889864C8754B9F1BCE951794217960BF6A7CD4","rbv01_2358EC0C12B602E4B7C5F9C580844910C6D49ACB512E9988307B46ECAFCD07F3","4"
"record_balanced_original_rule","20260724","0EA65BF3B5524C7169D8E41D492FEBEDC1BA9944501015BC9F104D0F31BBD011","rbv01_2358EC0C12B602E4B7C5F9C580844910C6D49ACB512E9988307B46ECAFCD07F3","4"
"record_balanced_original_rule","20260724","0EDC8181C2F56D60DCEC9E4E7B5CE87A78B2FFE93B3FC3AFB734876895B877CA","rbv01_054201B2ED3ADADFBB0028C07B1A262219631DC717FDE4862C42583AB67D10C2","1"
"record_balanced_original_rule","20260724","0F375B0A05F0699CF150CC1AFA659D834292624FEEFE5E51A88BB9BF479C302B","rbv01_2358EC0C12B602E4B7C5F9C580844910C6D49ACB512E9988307B46ECAFCD07F3","4"
"record_balanced_original_rule","20260724","104B294F723B91F803E4D1E14AF7BB5CC2E06DEF0EF94FE1E2D35B604C334885","rbv01_011B84DDF86961F6053ED2B20908582AF6425C6EFA13305F705F7C498093367C","1"
"record_balanced_original_rule","20260724","1086711E2DE32294F5474F7EA5DF50FDF8F4B822AF0E444D546D7E93EBA698BC","rbv01_011B84DDF86961F6053ED2B20908582AF6425C6EFA13305F705F7C498093367C","1"
"record_balanced_original_rule","20260724","10B762A0564C2BAB9355996BE431C752FDE3FC687DCEDD14DB258BA9C376C937","rbv01_25A206590D1048D18147FD26B701861897281071258782AED6A00779FFF7210A","1"
"record_balanced_original_rule","20260724","10BE3A136C58AF9A893FDA05FC433CE090C472A5275312F7B7C54A80B4FEB174","rbv01_2358EC0C12B602E4B7C5F9C580844910C6D49ACB512E9988307B46ECAFCD07F3","4"
"record_balanced_original_rule","20260724","10BEBB4C92A70B6B3A97CE3CEE1678819FFC9D4E106D5677E502481B5296383F","rbv01_021729FAD057771AC5A3F59730477FE06019418FF0104B829F6E153E2D91134D","3"
"record_balanced_original_rule","20260724","11097F5414AE795EA34851779E38F065A2A4D9D2F59D152415B19D7D7750F0BA","rbv01_25865A5FDDFF4A9F27EC5C10E5442A5D79D45CFAD482750F086BB81DD1C607F9","2"
"record_balanced_original_rule","20260724","11D7D89D367DC6E79264E387E41EDC13C9490061151B8C911726783D711F25BF","rbv01_25865A5FDDFF4A9F27EC5C10E5442A5D79D45CFAD482750F086BB81DD1C607F9","2"
"record_balanced_original_rule","20260724","1211B3E0D0BE400704C75BDF116B565CAEC2908BC6D659E3321553A72C3B9D8D","rbv01_2358EC0C12B602E4B7C5F9C580844910C6D49ACB512E9988307B46ECAFCD07F3","4"
"record_balanced_original_rule","20260724","121FBE2738689090C2C5A423A1B56F1D932DDFD3CFA4F8C8381CE8C39A17E490","rbv01_0213C5737861DD256119EF44D45CD1CECAF08BA1B29FE2AD47F7CEE0237AF618","0"
"record_balanced_original_rule","20260724","12A227F629593FC75D60CD7469FB1E74F6128D9192651E15B88EEBB96B3C716F","rbv01_0213C5737861DD256119EF44D45CD1CECAF08BA1B29FE2AD47F7CEE0237AF618","0"
"record_balanced_original_rule","20260724","135267A36F5C18F87A7B50679606ECAD17C77397F4B076D6899388B5F98F6321","rbv01_0213C5737861DD256119EF44D45CD1CECAF08BA1B29FE2AD47F7CEE0237AF618","0"
"record_balanced_original_rule","20260724","13C4BED3EF820252B9BD637DB0DF092E86DDC91DE16ABDE52862FF88A64E80F2","rbv01_0E9E0FC3E20BED0F32C5DF6A0164CCE77E206A06E5378ED855756B22A2C4F6E6","3"
"record_balanced_original_rule","20260724","13D9FAFB657D1E488B95EC0431B82EB8CFF6E14C836E5D5DCF2E761B67076A58","rbv01_0213C5737861DD256119EF44D45CD1CECAF08BA1B29FE2AD47F7CEE0237AF618","0"
"record_balanced_original_rule","20260724","13EBE38A37173BDB874B66567B47A0F0B0505C47A94B002AA7AF76B44CEABDCC","rbv01_0213C5737861DD256119EF44D45CD1CECAF08BA1B29FE2AD47F7CEE0237AF618","0"
"record_balanced_original_rule","20260724","14107958CC8EE0CB8870AF8FFEDC8B84CC531E5A22B9580AAC5653DA479D26AB","rbv01_0213C5737861DD256119EF44D45CD1CECAF08BA1B29FE2AD47F7CEE0237AF618","0"
"record_balanced_original_rule","20260724","14510BFD9E89704C9B62221B58504B5488D8F9567BC921BAA965BB284388F3F9","rbv01_0213C5737861DD256119EF44D45CD1CECAF08BA1B29FE2AD47F7CEE0237AF618","0"
"record_balanced_original_rule","20260724","145458613E22192B3C01C5612DB9EC32B58E1552A7B251F4EFF2918336FF3971","rbv01_021729FAD057771AC5A3F59730477FE06019418FF0104B829F6E153E2D91134D","3"
"record_balanced_original_rule","20260724","14762653E8B0658BCF5EEB03C39DEB000472206F0FD28EB087A988ABB9582515","rbv01_2358EC0C12B602E4B7C5F9C580844910C6D49ACB512E9988307B46ECAFCD07F3","4"
"record_balanced_original_rule","20260724","14CDC0F9F361F7B1C1E0688396800A63539D6CE6F34FB2A20A4035AD42127968","rbv01_021729FAD057771AC5A3F59730477FE06019418FF0104B829F6E153E2D91134D","3"
"record_balanced_original_rule","20260724","15156F1F14A29FB4B8182915819BF148763A4C6756D55AA17D3576DA737EBAA3","rbv01_0213C5737861DD256119EF44D45CD1CECAF08BA1B29FE2AD47F7CEE0237AF618","0"
"record_balanced_original_rule","20260724","1539A8D8F7C0EA6B3ECB3A77E1F6054BD3221914A776464307F3327967A93783","rbv01_0213C5737861DD256119EF44D45CD1CECAF08BA1B29FE2AD47F7CEE0237AF618","0"
"record_balanced_original_rule","20260724","1557BD690CF5FECBDAEACF96A0A1173C93FE013672F8FEA7C9E72FCE1F1ABF11","rbv01_2358EC0C12B602E4B7C5F9C580844910C6D49ACB512E9988307B46ECAFCD07F3","4"
"record_balanced_original_rule","20260724","158D4CEE96602BA3ED443396C4EB98F6655D2078CAE0861AF1F6310B1BD4498C","rbv01_24E94D68923D29AEF856F56175B9FAD71A2143AB1D61B0C7F522B1582143C11A","2"
"record_balanced_original_rule","20260724","15CC2CA183383CDF946FE4A6E9CACE8BD8C05BC0E9F0F792B15DE85B576C9DB2","rbv01_01C322D9FB99669376EAE9C000289E1B0BF73B04313F3AF1BFE6D03B29E89068","3"
"record_balanced_original_rule","20260724","1603F0C4B201480278F89305E3E0758CCF963E177F5C2AD8C1304A28B7CB7AB2","rbv01_011B84DDF86961F6053ED2B20908582AF6425C6EFA13305F705F7C498093367C","1"
"record_balanced_original_rule","20260724","1649FE8E6EC020D128EFC643107BFBBE8CE2FF33FCDBDC92F9E0B122FE272A5E","rbv01_0213C5737861DD256119EF44D45CD1CECAF08BA1B29FE2AD47F7CEE0237AF618","0"
"record_balanced_original_rule","20260724","16CAFCC7A3C6348D29C7AA92352595FA36039949A484E0D90C9956F92E989965","rbv01_011B84DDF86961F6053ED2B20908582AF6425C6EFA13305F705F7C498093367C","1"
"record_balanced_original_rule","20260724","172FBE8CF49DDA0C1D9FDD5DDD57A0A360F83F536C4D01BD525BDAD3863A8F0F","rbv01_0213C5737861DD256119EF44D45CD1CECAF08BA1B29FE2AD47F7CEE0237AF618","0"
"record_balanced_original_rule","20260724","1755D7D6BC5D42A054066C4A1DE0B723FF4EA22B2815DB03078DA196832A6CC9","rbv01_011B84DDF86961F6053ED2B20908582AF6425C6EFA13305F705F7C498093367C","1"
"record_balanced_original_rule","20260724","1763459D6B852BF113CF318B77FE5E4BB451B7D92C169F01B1E618CB1091ABC6","rbv01_011B84DDF86961F6053ED2B20908582AF6425C6EFA13305F705F7C498093367C","1"
"record_balanced_original_rule","20260724","1771AE3A77D9D0A4910D29AFD3A4098C4D0F149F606924A25B089906F60EA84E","rbv01_011B84DDF86961F6053ED2B20908582AF6425C6EFA13305F705F7C498093367C","1"
"record_balanced_original_rule","20260724","17A1AEB2A5F710C788EF3E9A0475D1BC7092C6E613D80A7513B48429C52602F4","rbv01_011B84DDF86961F6053ED2B20908582AF6425C6EFA13305F705F7C498093367C","1"
"record_balanced_original_rule","20260724","17B30E9F88AEEBEA9925DA277072FB7B33BB9146936E70DC8E2CD9E156556261","rbv01_0213C5737861DD256119EF44D45CD1CECAF08BA1B29FE2AD47F7CEE0237AF618","0"
"record_balanced_original_rule","20260724","17D8907F39252519E58B3C3E65868669BD63EA05B895E056DB84B3B48254FAF3","rbv01_011B84DDF86961F6053ED2B20908582AF6425C6EFA13305F705F7C498093367C","1"
"record_balanced_original_rule","20260724","180F413E1F6B76B513401034F79C54FE675C36AB7D193F0E179AC59CB942B8FF","rbv01_021729FAD057771AC5A3F59730477FE06019418FF0104B829F6E153E2D91134D","3"
"record_balanced_original_rule","20260724","185E20472CE97C113E4BDF526FF162DFF9C96CFA577E71AAAAF98E9B71290ABA","rbv01_0213C5737861DD256119EF44D45CD1CECAF08BA1B29FE2AD47F7CEE0237AF618","0"
"record_balanced_original_rule","20260724","18C8AB47928DE0A8D3B9107EACDE28ABEE577F46F877305B8EB8B0BD0B8384C5","rbv01_011B84DDF86961F6053ED2B20908582AF6425C6EFA13305F705F7C498093367C","1"
"record_balanced_original_rule","20260724","196D7F26DC3081DB45714D44086A8DED5F0B567C14E1681A6B5CAB061051612F","rbv01_011B84DDF86961F6053ED2B20908582AF6425C6EFA13305F705F7C498093367C","1"
"record_balanced_original_rule","20260724","19DCBD07BA366C033AEC897C2D39A19CCBFA9C8DFAE6478F1AF59699C54376F3","rbv01_011B84DDF86961F6053ED2B20908582AF6425C6EFA13305F705F7C498093367C","1"
"record_balanced_original_rule","20260724","1A3188418D7B380B137AB627D88FF0F38B638F8C317B55D6DB323E8DC60B24E3","rbv01_0213C5737861DD256119EF44D45CD1CECAF08BA1B29FE2AD47F7CEE0237AF618","0"
"record_balanced_original_rule","20260724","1ACDE71EA41832326F07927468F81189C4B8B34A65D5D1AC9773B57076AD9097","rbv01_0DA9CA625518CEB3C5B20C7295004FB7CDC5BC108FF93282C63467286DA188EB","3"
"record_balanced_original_rule","20260724","1AD0EFDC9F2B70EF262FD46D1261CE9A8C73B8AA936F6649D359260E377D1A55","rbv01_054201B2ED3ADADFBB0028C07B1A262219631DC717FDE4862C42583AB67D10C2","1"
"record_balanced_original_rule","20260724","1B4B5CF7B2022042C7BC0025E8EAD3748D1675FB5C5720F9FD9FBCE9950913EC","rbv01_011B84DDF86961F6053ED2B20908582AF6425C6EFA13305F705F7C498093367C","1"
"record_balanced_original_rule","20260724","1C088158C95AF597E26B84C14CFC2E8553A5E9517604F9F16CC076DAAE7E7F7F","rbv01_046276E5E1EC434CD47FE2E1D4137204B7C79D59E90B81B5BFE9A77BC6C0BB54","2"
"record_balanced_original_rule","20260724","1C2299C8C9948910B3D3DF40866CC386C33E93B89111ED702407536080175FF0","rbv01_0E9E0FC3E20BED0F32C5DF6A0164CCE77E206A06E5378ED855756B22A2C4F6E6","3"
"record_balanced_original_rule","20260724","1CF1B864E835A9004D673AA1720C6AD1415BAE9C722FB67279700838C9C3487A","rbv01_0213C5737861DD256119EF44D45CD1CECAF08BA1B29FE2AD47F7CEE0237AF618","0"
"record_balanced_original_rule","20260724","1CF9BA47AD4AA6308C9D12FB7FCC9CCDBB59125657CFB239BD8860DDC1551D49","rbv01_0E9E0FC3E20BED0F32C5DF6A0164CCE77E206A06E5378ED855756B22A2C4F6E6","3"
"record_balanced_original_rule","20260724","1D0924DF69D3C67C9A986DAA8A73741D00E1ABFCC439D7D0A51DB649D8CD4E83","rbv01_0E9E0FC3E20BED0F32C5DF6A0164CCE77E206A06E5378ED855756B22A2C4F6E6","3"
"record_balanced_original_rule","20260724","1D6FADC5D8F915F1F7AC7173F349953F70E2BCB0F9A2D98F6046D0014C526CC6","rbv01_011B84DDF86961F6053ED2B20908582AF6425C6EFA13305F705F7C498093367C","1"
"record_balanced_original_rule","20260724","1DA2AAB4B0498493978340D3C341D05DF95F393F15BC6408A75CA14BA2B8F1E0","rbv01_011B84DDF86961F6053ED2B20908582AF6425C6EFA13305F705F7C498093367C","1"
"record_balanced_original_rule","20260724","1DDB4C28798047DA321A1C0390FCA1C86E751C2E3B63EBC2A9C5A3C4B78BD587","rbv01_4A6CDC7218F267E114B083B225FC435EA4AECE9A8307DC39925FE5F442FDB97A","2"
"record_balanced_original_rule","20260724","1E8F3779AFE6A1724A8E2C2C1513A6C2C8E0570256C3A963C3EA2C5F5864233C","rbv01_25A206590D1048D18147FD26B701861897281071258782AED6A00779FFF7210A","1"
"record_balanced_original_rule","20260724","1EE07A934FA5BD37C0A121B42BB8415F90EF2139338DE4B14EAFCBB6B8D4D57B","rbv01_08EC8F274B3390CA9A557C1810F52FE38EAF9404CF035F8A1D70A5AAAFA3EA60","2"
"record_balanced_original_rule","20260724","1F07BFA1CE45FD7C13F6C859683760935281C8C734BE0D441E38A4E330304AC5","rbv01_0213C5737861DD256119EF44D45CD1CECAF08BA1B29FE2AD47F7CEE0237AF618","0"
"record_balanced_original_rule","20260724","1F1640A2D5AE2DF3F381CACF5EF08572B96B8B2E5EE094B033BDCC99450657A1","rbv01_011B84DDF86961F6053ED2B20908582AF6425C6EFA13305F705F7C498093367C","1"
"record_balanced_original_rule","20260724","1F182901D5C1EA146CEA453BD8BA0448B9CDB57A6743FDDE7AF78F52BAB97E6F","rbv01_0213C5737861DD256119EF44D45CD1CECAF08BA1B29FE2AD47F7CEE0237AF618","0"
"record_balanced_original_rule","20260724","1FE0AE0F18997E9BD1C29F0D69870A648840D7AE2E9AAAEAFEBD00ECA46C6994","rbv01_011B84DDF86961F6053ED2B20908582AF6425C6EFA13305F705F7C498093367C","1"
"record_balanced_original_rule","20260724","2007C0BA73575F31109A870090F7CD26FB7709CBB6E005924AF64F083BEABCD9","rbv01_0213C5737861DD256119EF44D45CD1CECAF08BA1B29FE2AD47F7CEE0237AF618","0"
"record_balanced_original_rule","20260724","209209F20AC434479572094FDBB32BA2040378ECCC6E33B9F5EA9D3345FFB4D7","rbv01_0213C5737861DD256119EF44D45CD1CECAF08BA1B29FE2AD47F7CEE0237AF618","0"
"record_balanced_original_rule","20260724","212B345E12389622A8064239EBBBE79226C8E7C312B3D214B1751F936B79FC34","rbv01_011B84DDF86961F6053ED2B20908582AF6425C6EFA13305F705F7C498093367C","1"
"record_balanced_original_rule","20260724","215043ADEA4E445C92E205CCBF16004443AD6133ABCE7E0FEF11A304E63EFB1E","rbv01_0E9E0FC3E20BED0F32C5DF6A0164CCE77E206A06E5378ED855756B22A2C4F6E6","3"
"record_balanced_original_rule","20260724","217E621A5766D830A97CECA75EF6B39ADAFD60DA1FE525AB2C695F857C898661","rbv01_2358EC0C12B602E4B7C5F9C580844910C6D49ACB512E9988307B46ECAFCD07F3","4"
"record_balanced_original_rule","20260724","21A335CA45A0EA62A090D44935F95ED648113C57C40808D1EEC14A944DD5BD0B","rbv01_0DA9CA625518CEB3C5B20C7295004FB7CDC5BC108FF93282C63467286DA188EB","3"
"record_balanced_original_rule","20260724","21B94893E6F67CB58EED24EA9FB7551B3B3EACB05B9C6522BFE6728601CDAF4D","rbv01_0213C5737861DD256119EF44D45CD1CECAF08BA1B29FE2AD47F7CEE0237AF618","0"
"record_balanced_original_rule","20260724","21EEB3C004CA72988FF541415E65FCF7327BCBFCAC99CB082124394786D772AD","rbv01_0213C5737861DD256119EF44D45CD1CECAF08BA1B29FE2AD47F7CEE0237AF618","0"
"record_balanced_original_rule","20260724","22A676E21C562FD4106E8004B1EB9D927C4D01A3D57A27251DC20A46433BF304","rbv01_011B84DDF86961F6053ED2B20908582AF6425C6EFA13305F705F7C498093367C","1"
"record_balanced_original_rule","20260724","22FECE9911F6004919B5D189AE36CC98017485DFEB753FA75C34AC3A191C1AA0","rbv01_08EC8F274B3390CA9A557C1810F52FE38EAF9404CF035F8A1D70A5AAAFA3EA60","2"
"record_balanced_original_rule","20260724","23AEA2F6C60A66DE8439B80B8271EBBCFE5CEAEDA06EE67C6B83A4DD0FC2CEB2","rbv01_011B84DDF86961F6053ED2B20908582AF6425C6EFA13305F705F7C498093367C","1"
"record_balanced_original_rule","20260724","2404D3928D13EB6C40502B8496F074D4CADB2A9A3C9D182158C19F50CC36A92C","rbv01_2358EC0C12B602E4B7C5F9C580844910C6D49ACB512E9988307B46ECAFCD07F3","4"
"record_balanced_original_rule","20260724","2417795D0029761FB6FE730EF4E88FC82CAAB16AA04506C2E78D45D2CD0C306D","rbv01_011B84DDF86961F6053ED2B20908582AF6425C6EFA13305F705F7C498093367C","1"
"record_balanced_original_rule","20260724","248461479D30C5AA840E52255981ACD395A5FC1ADA1DDB6C659BAFF54958963F","rbv01_011B84DDF86961F6053ED2B20908582AF6425C6EFA13305F705F7C498093367C","1"
"record_balanced_original_rule","20260724","2504B7DCF62BFE5651ECE820E3CEF352F95A48239E781520DEF52207CD87802C","rbv01_011B84DDF86961F6053ED2B20908582AF6425C6EFA13305F705F7C498093367C","1"
"record_balanced_original_rule","20260724","25861067F360B460B60F372A2142F7C30AD00FAD9F5D462FA2E7DD7095835EB0","rbv01_0213C5737861DD256119EF44D45CD1CECAF08BA1B29FE2AD47F7CEE0237AF618","0"
"record_balanced_original_rule","20260724","262FEC4884236BD19453E3CE33883A8857AECD801E5E16333D68037161ADE7C7","rbv01_25865A5FDDFF4A9F27EC5C10E5442A5D79D45CFAD482750F086BB81DD1C607F9","2"
"record_balanced_original_rule","20260724","26BE3FBE9AF053F4CD2091D711FB64AB60ED10BB69E94A8AFBED43FE94882646","rbv01_0FAB0DD3DEC2E0DA5B1841B2949196B7B1E5F846FFA0C8F4AF1461F9D3B66BCE","0"
"record_balanced_original_rule","20260724","26E57FCAAEFBE05A017FC03EDFEBA1E9D643B98B14128F7373F262F0E4487D92","rbv01_021729FAD057771AC5A3F59730477FE06019418FF0104B829F6E153E2D91134D","3"
"record_balanced_original_rule","20260724","26F46E5DB25FD9B384A9CBD10463667022AB1A8BDDBE88E11B6863D8D719FFD6","rbv01_011B84DDF86961F6053ED2B20908582AF6425C6EFA13305F705F7C498093367C","1"
"record_balanced_original_rule","20260724","279CDE0CA2EC4B1480494FC50C1473CFB0FDB9E4D4A4F354BCE8B982D90B6949","rbv01_046276E5E1EC434CD47FE2E1D4137204B7C79D59E90B81B5BFE9A77BC6C0BB54","2"
"record_balanced_original_rule","20260724","27B436226898B2B5F9AE6FC6E2730C08951A94A37F9FCA3ED9ED502C53D2A350","rbv01_054201B2ED3ADADFBB0028C07B1A262219631DC717FDE4862C42583AB67D10C2","1"
"record_balanced_original_rule","20260724","286CC1089CA3330B1CE534E6E7B3C1781EDC612498718653FC121B750B96ADA1","rbv01_005F079B50FDBB32836E42ECC5D1471B77218ED9CD5DA1F07A102A406EF90B43","4"
"record_balanced_original_rule","20260724","286E7D2D800A8610F558E327EF09000571A84DA41D35185C6EA10346EFD63027","rbv01_0213C5737861DD256119EF44D45CD1CECAF08BA1B29FE2AD47F7CEE0237AF618","0"
"record_balanced_original_rule","20260724","29D4023E711BE23CCC1B9E36698527A7C5F7229BE1E48F62824805448D08F19A","rbv01_011B84DDF86961F6053ED2B20908582AF6425C6EFA13305F705F7C498093367C","1"
"record_balanced_original_rule","20260724","2A34AB9F644C49E47AA2A9C05837B0FC0FF797B3166D7ED6717B26B08872FDB2","rbv01_021729FAD057771AC5A3F59730477FE06019418FF0104B829F6E153E2D91134D","3"
"record_balanced_original_rule","20260724","2ADF9AB36E78E1EEB3FC7732E721C3044A2E4AF4E9D9DA5BA66A5DA921FD5915","rbv01_011D932A057B34C28A553A7C900731E1D7B1E42FD9312A7495A3DF8ECA2AF3C9","4"
"record_balanced_original_rule","20260724","2B17EC3433BAA444548573A4B3B68481E0AA1C0DD768B34D6C266B4EE5E6A8EF","rbv01_011B84DDF86961F6053ED2B20908582AF6425C6EFA13305F705F7C498093367C","1"
"record_balanced_original_rule","20260724","2B32243911A0F3F49601F6C61417FA320B0C389E90D7866F100F5BC1246A74D3","rbv01_01C322D9FB99669376EAE9C000289E1B0BF73B04313F3AF1BFE6D03B29E89068","3"
"record_balanced_original_rule","20260724","2B3C8A8DDCEC4DB83196A7C0FADDE612332EE8D0D4A1A66B11A9E783FC03BFB9","rbv01_011D932A057B34C28A553A7C900731E1D7B1E42FD9312A7495A3DF8ECA2AF3C9","4"
"record_balanced_original_rule","20260724","2B83280E75D81C2FA4B12A8ECE3DD16AAF203488D205EB28B8CDBDF0413BF2BE","rbv01_011B84DDF86961F6053ED2B20908582AF6425C6EFA13305F705F7C498093367C","1"
"record_balanced_original_rule","20260724","2B9036E6585F008A4243AAA2430684F5E8C1CE896D171B2014EE337234EC5A4C","rbv01_01C322D9FB99669376EAE9C000289E1B0BF73B04313F3AF1BFE6D03B29E89068","3"
"record_balanced_original_rule","20260724","2BA9973474F5A482C5FA095F0ABBC4C9A67BDD76287D497359B4C89D384FA036","rbv01_054201B2ED3ADADFBB0028C07B1A262219631DC717FDE4862C42583AB67D10C2","1"
"record_balanced_original_rule","20260724","2C9D8CC2F5D868349847B6B81F5A2713EEBB1BB3E1C0E1EB0F7B1A051CD86E0B","rbv01_0E9E0FC3E20BED0F32C5DF6A0164CCE77E206A06E5378ED855756B22A2C4F6E6","3"
"record_balanced_original_rule","20260724","2CBB48E5F04E9C8BF14D86EA171FB4AC3CB6A127AFFBD1C4E4C92DDF65AC3AAA","rbv01_011B84DDF86961F6053ED2B20908582AF6425C6EFA13305F705F7C498093367C","1"
"record_balanced_original_rule","20260724","2D27A90202C1C28D84DB448BCC029E2F9B956D6920C981E625AE54C75A49DF61","rbv01_25865A5FDDFF4A9F27EC5C10E5442A5D79D45CFAD482750F086BB81DD1C607F9","2"
"record_balanced_original_rule","20260724","2E08EC2466CEED6AD70280884A1982C16EBD6EC61FCF5D8A8FBCB4E46A3F2236","rbv01_0213C5737861DD256119EF44D45CD1CECAF08BA1B29FE2AD47F7CEE0237AF618","0"
"record_balanced_original_rule","20260724","2E173299389098A161FC0A11A61DB6DFDE01E92B963AB131D94F7A1EF12C0733","rbv01_011B84DDF86961F6053ED2B20908582AF6425C6EFA13305F705F7C498093367C","1"
"record_balanced_original_rule","20260724","2E2A33CA561CEE7F4F0C19B6469324557ECFD2EB8F608F487D1AD2C308336658","rbv01_011B84DDF86961F6053ED2B20908582AF6425C6EFA13305F705F7C498093367C","1"
"record_balanced_original_rule","20260724","2E53D7DEE3148A01619AABCD9ABF3F49B9264E10E3A92F861DC5C323F5EF3A87","rbv01_2E07CE0B7A1B55DF7DB4D4392437AF0F59B5B306F82BBC43DD35B9CBA85F5BB7","1"
"record_balanced_original_rule","20260724","2EC7984A751507A357A3BAEA20249F516B806544B76BDCE5AEE75D02362AAC3A","rbv01_011B84DDF86961F6053ED2B20908582AF6425C6EFA13305F705F7C498093367C","1"
"record_balanced_original_rule","20260724","2F285D30F38FAC9D87E1E64A212D02ED68A77BDADC5D0DE08BF4210D3A7BDD0C","rbv01_011B84DDF86961F6053ED2B20908582AF6425C6EFA13305F705F7C498093367C","1"
"record_balanced_original_rule","20260724","2F4A968A82FD2CCAE56DB1C865A1B51876D0EB28943DCA5B06842D93873C4BBA","rbv01_0213C5737861DD256119EF44D45CD1CECAF08BA1B29FE2AD47F7CEE0237AF618","0"
"record_balanced_original_rule","20260724","300A029A3D25112F36324F2EC4E449B643BBFC705F3B9573AE5A768808A1BDEF","rbv01_0213C5737861DD256119EF44D45CD1CECAF08BA1B29FE2AD47F7CEE0237AF618","0"
"record_balanced_original_rule","20260724","30801BDDFFA634AFE46BF910E7E8E3F98D6032444C1979EEB4418DBF1FECAB2B","rbv01_2358EC0C12B602E4B7C5F9C580844910C6D49ACB512E9988307B46ECAFCD07F3","4"
"record_balanced_original_rule","20260724","30B506CC8E8C3BE689244371C9BCBADBE172980C8440C94CEB3021EFF4FB18C4","rbv01_01C322D9FB99669376EAE9C000289E1B0BF73B04313F3AF1BFE6D03B29E89068","3"
"record_balanced_original_rule","20260724","30B7FB29BC99F96B386A6298CDD9C286E325A94285073102F95E685CC9DF916B","rbv01_011B84DDF86961F6053ED2B20908582AF6425C6EFA13305F705F7C498093367C","1"
"record_balanced_original_rule","20260724","30E775E5191879D075A09457EA9BE4DB3D31C4BF2504E1387A38CCECB62C715C","rbv01_011B84DDF86961F6053ED2B20908582AF6425C6EFA13305F705F7C498093367C","1"
"record_balanced_original_rule","20260724","30EA0B0ADE76E984610F5A757C985DAFD34AE0563EEE6F056F2BAE813EF50B6A","rbv01_0E9E0FC3E20BED0F32C5DF6A0164CCE77E206A06E5378ED855756B22A2C4F6E6","3"
"record_balanced_original_rule","20260724","30FCBFFDEE010FBAA0ED8EC5003F073E331083E2F4851EB9309157D7E924DB38","rbv01_0213C5737861DD256119EF44D45CD1CECAF08BA1B29FE2AD47F7CEE0237AF618","0"
"record_balanced_original_rule","20260724","315CE1227E8B6DB9639041344644459D98CF048ACFAA502CB0893C4A4DA3335C","rbv01_0213C5737861DD256119EF44D45CD1CECAF08BA1B29FE2AD47F7CEE0237AF618","0"
"record_balanced_original_rule","20260724","3220A0EA36F8B0458998AD47F780F7E4196C537BD97E473DF9AB8C6CD7F22BCD","rbv01_011B84DDF86961F6053ED2B20908582AF6425C6EFA13305F705F7C498093367C","1"
"record_balanced_original_rule","20260724","322779B2C3ECE1588AEEE91D8764A912FD46406F10D61A499EC8870FC0483586","rbv01_0213C5737861DD256119EF44D45CD1CECAF08BA1B29FE2AD47F7CEE0237AF618","0"
"record_balanced_original_rule","20260724","3252B3DEEDBDBB58CCA4E63B95499C5D93F75B18D741503DC52FB125CE56F609","rbv01_0213C5737861DD256119EF44D45CD1CECAF08BA1B29FE2AD47F7CEE0237AF618","0"
"record_balanced_original_rule","20260724","330F0B6E295423F5426B5513189EB92BAA6B9B7F027921D26ADCF3841E36C242","rbv01_2358EC0C12B602E4B7C5F9C580844910C6D49ACB512E9988307B46ECAFCD07F3","4"
"record_balanced_original_rule","20260724","332C7B44F9A1A2FA7D0D6CCDF363DA194F6524170B3BF05EE4F10F272D1BEEB4","rbv01_01C322D9FB99669376EAE9C000289E1B0BF73B04313F3AF1BFE6D03B29E89068","3"
"record_balanced_original_rule","20260724","33A5B15450766412B0D8944713D7AC044646D09785DDF57BA6BB70488733F3EE","rbv01_011B84DDF86961F6053ED2B20908582AF6425C6EFA13305F705F7C498093367C","1"
"record_balanced_original_rule","20260724","33A7845F61E88CD3E4710F65729156E589779329988051760FD13D9836B3A78F","rbv01_011B84DDF86961F6053ED2B20908582AF6425C6EFA13305F705F7C498093367C","1"
"record_balanced_original_rule","20260724","33B5727DBA04F869F4BA5F93CC410E14312B9E91CFAAA78BE9366728DDA87B3A","rbv01_046276E5E1EC434CD47FE2E1D4137204B7C79D59E90B81B5BFE9A77BC6C0BB54","2"
"record_balanced_original_rule","20260724","35752366550717723B2814E1947950C8177B64271292B774B87F1DCF8D995FDD","rbv01_011B84DDF86961F6053ED2B20908582AF6425C6EFA13305F705F7C498093367C","1"
"record_balanced_original_rule","20260724","35A40F5F5BC17A70D6D4355BE0C685016287B3CE79B6E90113ADA9FD274ABFB5","rbv01_0FAB0DD3DEC2E0DA5B1841B2949196B7B1E5F846FFA0C8F4AF1461F9D3B66BCE","0"
"record_balanced_original_rule","20260724","361D2ECA150B3E052060C0F713FD4B0F71A11BC20D971597A0025F059CAB9B53","rbv01_021729FAD057771AC5A3F59730477FE06019418FF0104B829F6E153E2D91134D","3"
"record_balanced_original_rule","20260724","363C47C5088C06548CEC49140818FE644BD10D4089193EE8515853DAED0CD1CA","rbv01_046276E5E1EC434CD47FE2E1D4137204B7C79D59E90B81B5BFE9A77BC6C0BB54","2"
"record_balanced_original_rule","20260724","36BCDAA5646ABB478FACA1371D25EC0C4E350F69251D69EF8961460064582975","rbv01_029BDA298EE9F6CF5E11C8E41A870100C0DF57502218FA6619B580755530C213","2"
"record_balanced_original_rule","20260724","36DEDB5A8B03CE33F4752AAFD36590633EDCC246896562D58928F754554E95BB","rbv01_021729FAD057771AC5A3F59730477FE06019418FF0104B829F6E153E2D91134D","3"
"record_balanced_original_rule","20260724","36E0F2D90ADD8227E00C140A3E40427BA45EFBBB78FA3F267D4E9B59036FEE9C","rbv01_011B84DDF86961F6053ED2B20908582AF6425C6EFA13305F705F7C498093367C","1"
"record_balanced_original_rule","20260724","375C0D4DDAC1D50CA9B5224FED330A536C52B8906BD30BBA518F3B263B78645E","rbv01_011B84DDF86961F6053ED2B20908582AF6425C6EFA13305F705F7C498093367C","1"
"record_balanced_original_rule","20260724","37AAE119705A6BFA65F2469495F41DF9DECB6C6A373F1371043131E078F6950F","rbv01_011B84DDF86961F6053ED2B20908582AF6425C6EFA13305F705F7C498093367C","1"
"record_balanced_original_rule","20260724","3811D3AA153202D4DB8E9BC731B5E3EED836FDB3EDB8DF2F4A19BDB1B51304AA","rbv01_0213C5737861DD256119EF44D45CD1CECAF08BA1B29FE2AD47F7CEE0237AF618","0"
"record_balanced_original_rule","20260724","3872938929DFA0CFACE67F47D7B822EC7053855F730946775E4DE9387F7820BF","rbv01_7BC45EEADFA2E8B5EE674938E2D208271131724BDC4F7DA3BE784328B1C274E8","0"
"record_balanced_original_rule","20260724","38EBDBDE59BAADA46BF8B18F5F3719C8B694E4D35D5E345C6049E8158FC3833C","rbv01_08EC8F274B3390CA9A557C1810F52FE38EAF9404CF035F8A1D70A5AAAFA3EA60","2"
"record_balanced_original_rule","20260724","390DCED3232CF34A26F7982567E3E69824095D7A3E1E6DAA2E5D19428F146CF5","rbv01_2358EC0C12B602E4B7C5F9C580844910C6D49ACB512E9988307B46ECAFCD07F3","4"
"record_balanced_original_rule","20260724","39BB04F6BF20A4A7C8B5DB8BF0D1D89A0DE4220E35A78EE1B9870614EBD846A5","rbv01_011B84DDF86961F6053ED2B20908582AF6425C6EFA13305F705F7C498093367C","1"
"record_balanced_original_rule","20260724","39C376AA357CF218B68A892301DED466CC0526372B9AB5B34A92F1CA40154BDA","rbv01_0213C5737861DD256119EF44D45CD1CECAF08BA1B29FE2AD47F7CEE0237AF618","0"
"record_balanced_original_rule","20260724","3A01835E9586E8A691A26F26744C7E97C6AECD6B2BE5AD94955F19568B4D0880","rbv01_011B84DDF86961F6053ED2B20908582AF6425C6EFA13305F705F7C498093367C","1"
"record_balanced_original_rule","20260724","3A142A21E3C9CB0CC81767C4973F18B1936A84C94A7D4E8FE56C27C297D5072E","rbv01_01C322D9FB99669376EAE9C000289E1B0BF73B04313F3AF1BFE6D03B29E89068","3"
"record_balanced_original_rule","20260724","3A6D9F32231CE5325C5FC7580AFACA6611151AEB4D7C4C91521A79E7F135FCF5","rbv01_0213C5737861DD256119EF44D45CD1CECAF08BA1B29FE2AD47F7CEE0237AF618","0"
"record_balanced_original_rule","20260724","3B1984C07FB20EE0C930F76946868EE768896CDEE529081B011A800C61915401","rbv01_2358EC0C12B602E4B7C5F9C580844910C6D49ACB512E9988307B46ECAFCD07F3","4"
"record_balanced_original_rule","20260724","3B47746FD436BBBB62B047882377AC7CF649B27302DF5F6A06078B7849D60D77","rbv01_01C322D9FB99669376EAE9C000289E1B0BF73B04313F3AF1BFE6D03B29E89068","3"
"record_balanced_original_rule","20260724","3B4AB5C3B2239FD46C3023ED557DAFE375B1147A9E5BBB10E5A9FE2EEE2D2CA7","rbv01_011B84DDF86961F6053ED2B20908582AF6425C6EFA13305F705F7C498093367C","1"
"record_balanced_original_rule","20260724","3BFEF649A9326E5027F4A18F5B13DD00F4506697AE513AE1789B0F6A300744FD","rbv01_0E9E0FC3E20BED0F32C5DF6A0164CCE77E206A06E5378ED855756B22A2C4F6E6","3"
"record_balanced_original_rule","20260724","3C6AAD89F633AB0F253C92C52E84A0E7A893F10178FA1A2C2379D26D288B36BA","rbv01_0213C5737861DD256119EF44D45CD1CECAF08BA1B29FE2AD47F7CEE0237AF618","0"
"record_balanced_original_rule","20260724","3C88785426C2DE97489FB4EEED6FFEA6BB4060174FB131A809538413CA9213C0","rbv01_0213C5737861DD256119EF44D45CD1CECAF08BA1B29FE2AD47F7CEE0237AF618","0"
"record_balanced_original_rule","20260724","3D0952C0BA5EB3DFC3644E584AB4D800F77A6B59D87BE8B4CDBCFE9AEB48D0B5","rbv01_011D932A057B34C28A553A7C900731E1D7B1E42FD9312A7495A3DF8ECA2AF3C9","4"
"record_balanced_original_rule","20260724","3D27E92ABF9674592BA8265E12514A48080EDD6C5078D728BAC3D87232AFA057","rbv01_011B84DDF86961F6053ED2B20908582AF6425C6EFA13305F705F7C498093367C","1"
"record_balanced_original_rule","20260724","3D3D1EA7BC63F4282CEB379FDDC40D6EB94EA9A2633796E72CE776EDD59E0A3D","rbv01_08EC8F274B3390CA9A557C1810F52FE38EAF9404CF035F8A1D70A5AAAFA3EA60","2"
"record_balanced_original_rule","20260724","3D703A7076E80067DEF89951650DA8A4205192EFC8780FA170E7C277FAF207EE","rbv01_01C322D9FB99669376EAE9C000289E1B0BF73B04313F3AF1BFE6D03B29E89068","3"
"record_balanced_original_rule","20260724","3D73D6D8B251B7A02D7769F0E78F21F83411348C48EF316FF1A95EA14882BADC","rbv01_0213C5737861DD256119EF44D45CD1CECAF08BA1B29FE2AD47F7CEE0237AF618","0"
"record_balanced_original_rule","20260724","3DB7BB56C531A0A11631DFD873DB74943ABBFFEA7098C6DA658DADE99E3AD030","rbv01_2358EC0C12B602E4B7C5F9C580844910C6D49ACB512E9988307B46ECAFCD07F3","4"
"record_balanced_original_rule","20260724","3DC258512CE77905DB48E9DB298CF78E082382DAE0AB49AD316E804C48DEB406","rbv01_011B84DDF86961F6053ED2B20908582AF6425C6EFA13305F705F7C498093367C","1"
"record_balanced_original_rule","20260724","3DC4455A71B55FE23ABD0FCCCBDEE60DF06B991DF73D0E0322FF0F63C81B750F","rbv01_0213C5737861DD256119EF44D45CD1CECAF08BA1B29FE2AD47F7CEE0237AF618","0"
"record_balanced_original_rule","20260724","3E1484B6D5248889C735861DCD0EE0E9B1010915D40E27C45CB07D0944393B7E","rbv01_2358EC0C12B602E4B7C5F9C580844910C6D49ACB512E9988307B46ECAFCD07F3","4"
"record_balanced_original_rule","20260724","3E20B70260DFC2E4BAEE515B168C9794F529814931C9E8E66AD854AC3A65DD90","rbv01_08EC8F274B3390CA9A557C1810F52FE38EAF9404CF035F8A1D70A5AAAFA3EA60","2"
"record_balanced_original_rule","20260724","3E25F1A4479F36D455F30178B05AF9DB6B53BBC20C7EACDE0F5C601CBD907C3B","rbv01_011B84DDF86961F6053ED2B20908582AF6425C6EFA13305F705F7C498093367C","1"
"record_balanced_original_rule","20260724","3E6F08C879E7074289FE997D854B2869477A556E0DFB11D9A0CE75F40CA0E399","rbv01_011D932A057B34C28A553A7C900731E1D7B1E42FD9312A7495A3DF8ECA2AF3C9","4"
"record_balanced_original_rule","20260724","3EA2110023C72D1B39795451665A20003198977DE7D9012578F5B35F13CD6CCA","rbv01_08EC8F274B3390CA9A557C1810F52FE38EAF9404CF035F8A1D70A5AAAFA3EA60","2"
"record_balanced_original_rule","20260724","3F67FE77A359B4B0EDD7229A24D63A131521EA531D68742549C85D03DC50E8EC","rbv01_01C322D9FB99669376EAE9C000289E1B0BF73B04313F3AF1BFE6D03B29E89068","3"
"record_balanced_original_rule","20260724","3FCC33AAF5C590D56CAC8DC6D6508458DD300A0473E63FFB62697B939E911CDE","rbv01_011B84DDF86961F6053ED2B20908582AF6425C6EFA13305F705F7C498093367C","1"
"record_balanced_original_rule","20260724","3FE0C4FE0A0816FE8942C8AACA5AD02EC4A8E9E040F0A152FD248E52ADB860F8","rbv01_011B84DDF86961F6053ED2B20908582AF6425C6EFA13305F705F7C498093367C","1"
"record_balanced_original_rule","20260724","3FECBBA923111BE13CD5D85A19322EF6D618969D4B34E1A065F86A176FFC171B","rbv01_011B84DDF86961F6053ED2B20908582AF6425C6EFA13305F705F7C498093367C","1"
"record_balanced_original_rule","20260724","408751F952862DF07FBC2F487B24B044FA569ED9516888478954E338D1BFBCA6","rbv01_046276E5E1EC434CD47FE2E1D4137204B7C79D59E90B81B5BFE9A77BC6C0BB54","2"
"record_balanced_original_rule","20260724","4099F39B3AAE4DDA1FB9529596D868F8F5C18AAAA729A9E5C4AD1A31648A9310","rbv01_011B84DDF86961F6053ED2B20908582AF6425C6EFA13305F705F7C498093367C","1"
"record_balanced_original_rule","20260724","40AD1CF8497BF8C8A34AC837C4A6DC1C6CB9E583938D7F292824BB10E34F0450","rbv01_2358EC0C12B602E4B7C5F9C580844910C6D49ACB512E9988307B46ECAFCD07F3","4"
"record_balanced_original_rule","20260724","40E95BCB2DA6C11487E1FB1F163EB2B0AFF150B7DB779588D09B11C627F67AA0","rbv01_0E9E0FC3E20BED0F32C5DF6A0164CCE77E206A06E5378ED855756B22A2C4F6E6","3"
"record_balanced_original_rule","20260724","41250789DDCF07FCF7353DA31AE01894EDC9FC6C7BAEB1E1B0148F706FE7B413","rbv01_0213C5737861DD256119EF44D45CD1CECAF08BA1B29FE2AD47F7CEE0237AF618","0"
"record_balanced_original_rule","20260724","4159A8EDFF2E94149BC780537B7BAEAB819F30108890E1D0334296C04EAEFD92","rbv01_021729FAD057771AC5A3F59730477FE06019418FF0104B829F6E153E2D91134D","3"
"record_balanced_original_rule","20260724","41A388817BDBCB2BA14BCE922EAA7E3F86663995A5B4DECE51FCC7118D33A228","rbv01_0FAB0DD3DEC2E0DA5B1841B2949196B7B1E5F846FFA0C8F4AF1461F9D3B66BCE","0"
"record_balanced_original_rule","20260724","41BE6CCE837C044E6AA95123E47B75CE3DD12587D7D6267EFC49A37DA9A7985B","rbv01_0213C5737861DD256119EF44D45CD1CECAF08BA1B29FE2AD47F7CEE0237AF618","0"
"record_balanced_original_rule","20260724","41D14E9CDC1075976AF61AD0FAF8209A1F4D980C4B8A0A40CC5382084F3E367D","rbv01_0213C5737861DD256119EF44D45CD1CECAF08BA1B29FE2AD47F7CEE0237AF618","0"
"record_balanced_original_rule","20260724","434125391825E9858C112A0BFFDDC348E360A6CEBDBCBD4A01D217752BAF8A93","rbv01_0213C5737861DD256119EF44D45CD1CECAF08BA1B29FE2AD47F7CEE0237AF618","0"
"record_balanced_original_rule","20260724","437DC9A7927A255442ACD1FA3D279579C7230A19DE4B6ECA3F46CBC7898EF707","rbv01_0E9E0FC3E20BED0F32C5DF6A0164CCE77E206A06E5378ED855756B22A2C4F6E6","3"
"record_balanced_original_rule","20260724","4381D377E0C2F48D9D0E2AFDBA401F5DBD2AEC82329C9D84F6AA89AF9D5F5B58","rbv01_011B84DDF86961F6053ED2B20908582AF6425C6EFA13305F705F7C498093367C","1"
"record_balanced_original_rule","20260724","439AF85824202428A54E9FC3B53BBBA5CF98FADA0216CC4F00AB3E07B8806E71","rbv01_011B84DDF86961F6053ED2B20908582AF6425C6EFA13305F705F7C498093367C","1"
"record_balanced_original_rule","20260724","43B2A50B115B67670E49A3A65AAFC81104F3786411F346A1EBE53FBEDCDEDED3","rbv01_011D932A057B34C28A553A7C900731E1D7B1E42FD9312A7495A3DF8ECA2AF3C9","4"
"record_balanced_original_rule","20260724","444D4AA3E2C186829DEDEE418B76E60719C024ED0B4B4537CFBD9A9B6F994EAA","rbv01_0213C5737861DD256119EF44D45CD1CECAF08BA1B29FE2AD47F7CEE0237AF618","0"
"record_balanced_original_rule","20260724","4450A047AC605EDA7B22DC8E088CC1C0E70C606057FA0CFCC0C2F0C3C30598A6","rbv01_011B84DDF86961F6053ED2B20908582AF6425C6EFA13305F705F7C498093367C","1"
"record_balanced_original_rule","20260724","445AE34132D5480345F0DBD582722270DAC2610A406E62840904EBE7DE495300","rbv01_011B84DDF86961F6053ED2B20908582AF6425C6EFA13305F705F7C498093367C","1"
"record_balanced_original_rule","20260724","450AAD2453983EA51D2D22C1C2A5225DF27B7B6FB645EC6255F57795D7A926B4","rbv01_0213C5737861DD256119EF44D45CD1CECAF08BA1B29FE2AD47F7CEE0237AF618","0"
"record_balanced_original_rule","20260724","452F34470F7B3DBDA99E41C833456F21153CBED06C673E2ED411B7F13D45D41A","rbv01_0E9E0FC3E20BED0F32C5DF6A0164CCE77E206A06E5378ED855756B22A2C4F6E6","3"
"record_balanced_original_rule","20260724","45733AC66C7524952635B5DA1FC3CA44E7464A94B06E48E669231B4D1C5582CA","rbv01_01C322D9FB99669376EAE9C000289E1B0BF73B04313F3AF1BFE6D03B29E89068","3"
"record_balanced_original_rule","20260724","45B79E955E92D757256C95752B33706F24439DB877F9ED0A206537C4E244BDD0","rbv01_0E9E0FC3E20BED0F32C5DF6A0164CCE77E206A06E5378ED855756B22A2C4F6E6","3"
"record_balanced_original_rule","20260724","45E1399C5049E03BDC43FAAD1A8B53BFB45FE2E828E7422104DE2889224577CA","rbv01_2358EC0C12B602E4B7C5F9C580844910C6D49ACB512E9988307B46ECAFCD07F3","4"
"record_balanced_original_rule","20260724","45F4960707D3325A0221C800B06B053788735F04B027B37411436ACDA4A89945","rbv01_0E9E0FC3E20BED0F32C5DF6A0164CCE77E206A06E5378ED855756B22A2C4F6E6","3"
"record_balanced_original_rule","20260724","461060C1C35F2CBE4A854DFE570AE437C8620E9BA90995DE613263AC403265DA","rbv01_011B84DDF86961F6053ED2B20908582AF6425C6EFA13305F705F7C498093367C","1"
"record_balanced_original_rule","20260724","461C36B36801F07722EDEAC1A5C6775D51B0DD34D6AAA476D7ADDD954EE45055","rbv01_054201B2ED3ADADFBB0028C07B1A262219631DC717FDE4862C42583AB67D10C2","1"
"record_balanced_original_rule","20260724","46DFFAB21CBA603E14CA71915309CE3A5AEFCEADCF54CEEB30A2B2C59C5187CF","rbv01_0213C5737861DD256119EF44D45CD1CECAF08BA1B29FE2AD47F7CEE0237AF618","0"
"record_balanced_original_rule","20260724","46FAD474DFE35A28F6049743424BA37546CD9812A2E9A22BAC96B8CF73A9F896","rbv01_2358EC0C12B602E4B7C5F9C580844910C6D49ACB512E9988307B46ECAFCD07F3","4"
"record_balanced_original_rule","20260724","46FBD697929159320AA7AD07FB3E55E29EDD03EE6F84DACBED9549F2E292CF17","rbv01_0213C5737861DD256119EF44D45CD1CECAF08BA1B29FE2AD47F7CEE0237AF618","0"
"record_balanced_original_rule","20260724","472AD0311B0636C90907D2D626C33B145D9831EA75FC62458CE599EE0AD08037","rbv01_011D932A057B34C28A553A7C900731E1D7B1E42FD9312A7495A3DF8ECA2AF3C9","4"
"record_balanced_original_rule","20260724","4773159EB39C8FEB1CB224A5320ADEA45CC752FE853DFDC8A7C6D601953495BC","rbv01_2358EC0C12B602E4B7C5F9C580844910C6D49ACB512E9988307B46ECAFCD07F3","4"
"record_balanced_original_rule","20260724","4867D9A5079B8B7B4077A29F94B6A8984A401767FA420676EF4004A3700163A6","rbv01_011B84DDF86961F6053ED2B20908582AF6425C6EFA13305F705F7C498093367C","1"
"record_balanced_original_rule","20260724","488EB2C85A677C03C0D8B5DE4F707EBF083815A08DA663A752E3E375CD05E51E","rbv01_011D932A057B34C28A553A7C900731E1D7B1E42FD9312A7495A3DF8ECA2AF3C9","4"
"record_balanced_original_rule","20260724","48FB23675E5C58C68AD2247A9B305EA3D0051BEC04724870F482A7CE3CEC4303","rbv01_0213C5737861DD256119EF44D45CD1CECAF08BA1B29FE2AD47F7CEE0237AF618","0"
"record_balanced_original_rule","20260724","49065CC7700D9EA14D3519EAFF894FC51D125E62E600505A69AEB925B58711F6","rbv01_021729FAD057771AC5A3F59730477FE06019418FF0104B829F6E153E2D91134D","3"
"record_balanced_original_rule","20260724","49812D40CD7C70D514291ED79A8154C7B34332DB8AEB92FBF9B100D3EC514716","rbv01_021729FAD057771AC5A3F59730477FE06019418FF0104B829F6E153E2D91134D","3"
"record_balanced_original_rule","20260724","49C5CAE21AC63BA801406B5D4231E8F58B9435966F1504366E2A69A6F8BEA76C","rbv01_01C322D9FB99669376EAE9C000289E1B0BF73B04313F3AF1BFE6D03B29E89068","3"
"record_balanced_original_rule","20260724","49E9C31B508C70478AACF4DB26DC0A53CF5DF5D19D94AF056CE805E486430A11","rbv01_0D49377FA046416BEACFBB00B72B25CF04B27FCDD1DFA22E7E8C3ECE070E08F2","4"
"record_balanced_original_rule","20260724","4A903B93E71C80DBBCFE041008B4AC0BB2B1B011BFFCEC11C6FBEEA1E61B140D","rbv01_011B84DDF86961F6053ED2B20908582AF6425C6EFA13305F705F7C498093367C","1"
"record_balanced_original_rule","20260724","4AD7BBD2A5FD57BF17D7B5EDCA121A6BDD18D030099C3DBA947ABD384EC89F78","rbv01_011B84DDF86961F6053ED2B20908582AF6425C6EFA13305F705F7C498093367C","1"
"record_balanced_original_rule","20260724","4AEA0854328F63BA8B6BD31CD3120210060AD06B96DD5A48C43B12E030EDB99C","rbv01_0213C5737861DD256119EF44D45CD1CECAF08BA1B29FE2AD47F7CEE0237AF618","0"
"record_balanced_original_rule","20260724","4B0F92D31B501D4F13A76543BD15876C281FB8FDFF994489A14D668E86F8F30B","rbv01_021729FAD057771AC5A3F59730477FE06019418FF0104B829F6E153E2D91134D","3"
"record_balanced_original_rule","20260724","4BA8932F890B72F225D3E4A59A28704CA7F69CB81ABDF8BFF9991A2B46A146EB","rbv01_0213C5737861DD256119EF44D45CD1CECAF08BA1B29FE2AD47F7CEE0237AF618","0"
"record_balanced_original_rule","20260724","4BB905050347B836AB901BA55DF415E433120FBA51A8E3A20F2BDAD110B61702","rbv01_08EC8F274B3390CA9A557C1810F52FE38EAF9404CF035F8A1D70A5AAAFA3EA60","2"
"record_balanced_original_rule","20260724","4BF70BED02886DBB1B4BBDC99C922AFFFBF05DBA462F541F030050DC546DDEE9","rbv01_0213C5737861DD256119EF44D45CD1CECAF08BA1B29FE2AD47F7CEE0237AF618","0"
"record_balanced_original_rule","20260724","4C17B0B8C9855F210E5E0686AB5C138B8900568C770055EADC8ED6583965AEFD","rbv01_011B84DDF86961F6053ED2B20908582AF6425C6EFA13305F705F7C498093367C","1"
"record_balanced_original_rule","20260724","4C246C49379D39671B1C1E73C076C00560D36F82BAD1B1C850A84C9931ADFFAD","rbv01_011B84DDF86961F6053ED2B20908582AF6425C6EFA13305F705F7C498093367C","1"
"record_balanced_original_rule","20260724","4D309BEA4507777F3A4248A6C711912DFB50A2F9445EAA470AA25DDB2E25D43D","rbv01_2358EC0C12B602E4B7C5F9C580844910C6D49ACB512E9988307B46ECAFCD07F3","4"
"record_balanced_original_rule","20260724","4D6EE8DA84AF6D99212327D362FFAD481C666DA081AA72CB3F7E29E423B4A2F8","rbv01_0213C5737861DD256119EF44D45CD1CECAF08BA1B29FE2AD47F7CEE0237AF618","0"
"record_balanced_original_rule","20260724","4DDDC216782D2960AEAEF9370B334BFB65C8D314C1BAB9BBA18455370DB3342F","rbv01_011B84DDF86961F6053ED2B20908582AF6425C6EFA13305F705F7C498093367C","1"
"record_balanced_original_rule","20260724","4DEFC47228E4B12BDC04646BB8BB24245A7FD2A635F65D64CEC8DEDF620DD6C4","rbv01_01C322D9FB99669376EAE9C000289E1B0BF73B04313F3AF1BFE6D03B29E89068","3"
"record_balanced_original_rule","20260724","4E2DE2EDF2A6245DDD07BAE533336D7C3EAD221EAAD4864C9787E47FD828B7E7","rbv01_01C322D9FB99669376EAE9C000289E1B0BF73B04313F3AF1BFE6D03B29E89068","3"
"record_balanced_original_rule","20260724","4EB2767698EC813807F2FBC0AF44794BD389BBD3A39519B4912202E199CB91CF","rbv01_054201B2ED3ADADFBB0028C07B1A262219631DC717FDE4862C42583AB67D10C2","1"
"record_balanced_original_rule","20260724","4F2B583FE4E7764C42D005CE39EFBBFC2106F3E1E70AA23761211B98F5A7B319","rbv01_0DA9CA625518CEB3C5B20C7295004FB7CDC5BC108FF93282C63467286DA188EB","3"
"record_balanced_original_rule","20260724","4F616FF5D7F89A5D8CD2F80944E68D5D9016AD33F3CCB7CE44165A7E4D48582A","rbv01_0DA9CA625518CEB3C5B20C7295004FB7CDC5BC108FF93282C63467286DA188EB","3"
"record_balanced_original_rule","20260724","5045C2C6959EA40470DFEECDBFF501C04B7FB52D432E3636366EE63391BB26DF","rbv01_011B84DDF86961F6053ED2B20908582AF6425C6EFA13305F705F7C498093367C","1"
"record_balanced_original_rule","20260724","511219158301CB59D03A8430389179F1DF8B9F3EAD0B65457F7DC5C860B65143","rbv01_2358EC0C12B602E4B7C5F9C580844910C6D49ACB512E9988307B46ECAFCD07F3","4"
"record_balanced_original_rule","20260724","51AED83FEBEBBBDF81BF76A9DEBDC2496EDF80BE005F5E74BDF6EC48025D254E","rbv01_011B84DDF86961F6053ED2B20908582AF6425C6EFA13305F705F7C498093367C","1"
"record_balanced_original_rule","20260724","5224D6BB74AF0B9DFAE3AEB255D416B041D9B1D98CB4B32636FE77B29EB7EF80","rbv01_011B84DDF86961F6053ED2B20908582AF6425C6EFA13305F705F7C498093367C","1"
"record_balanced_original_rule","20260724","526CB10D1926DF75FFE3294A10036820F5E9B397E289C7619F9BFBDF7E001D5F","rbv01_011B84DDF86961F6053ED2B20908582AF6425C6EFA13305F705F7C498093367C","1"
"record_balanced_original_rule","20260724","527FAB735F1124C4763E261857868A75747E78A9E2AE1E6A8FDB0768F3C7F876","rbv01_76BCAA01B24B5B79F90CBEA55222EB028CC0DA3AC4CAD5CF5008C6EE1291E4FC","0"
"record_balanced_original_rule","20260724","529420CA06A50691BF6BF36D9CD498662A360E73D696F422A144A9DBFA524461","rbv01_021729FAD057771AC5A3F59730477FE06019418FF0104B829F6E153E2D91134D","3"
"record_balanced_original_rule","20260724","534F9F6A382D86CD0AC2FD148D9647C8F4DABAED9725DE3F2EDCD815DE3A6744","rbv01_2358EC0C12B602E4B7C5F9C580844910C6D49ACB512E9988307B46ECAFCD07F3","4"
"record_balanced_original_rule","20260724","53B57017738A840DE09247C52226912C224E73007DEC7D366B81EF86BCF0C802","rbv01_2358EC0C12B602E4B7C5F9C580844910C6D49ACB512E9988307B46ECAFCD07F3","4"
"record_balanced_original_rule","20260724","53BB7B0BA4D65E00579D7CB4D5801C992D8D730035DC3644B14DF19167B40B46","rbv01_054201B2ED3ADADFBB0028C07B1A262219631DC717FDE4862C42583AB67D10C2","1"
"record_balanced_original_rule","20260724","53BFDBB9B8E0218E1494423F87B6DE59EB63C3014CDEC30C4BC068AFD5B6B835","rbv01_0E9E0FC3E20BED0F32C5DF6A0164CCE77E206A06E5378ED855756B22A2C4F6E6","3"
"record_balanced_original_rule","20260724","53E3752651A5631B1DBB70D27EAE92E6E60AD4A741291A8BC14F4925FDC95823","rbv01_0E9E0FC3E20BED0F32C5DF6A0164CCE77E206A06E5378ED855756B22A2C4F6E6","3"
"record_balanced_original_rule","20260724","540640EFFF86AE4AEDB91DC09CBE8EA2B29C46299239AA9BE2F56CE7D83DF037","rbv01_0213C5737861DD256119EF44D45CD1CECAF08BA1B29FE2AD47F7CEE0237AF618","0"
"record_balanced_original_rule","20260724","545D8357071AE6D64E54617785D37552C9DAF6E20F4553C56E64730AE30DA43A","rbv01_0E9E0FC3E20BED0F32C5DF6A0164CCE77E206A06E5378ED855756B22A2C4F6E6","3"
"record_balanced_original_rule","20260724","5468D9B9D12EA6F793E3D6F744C9DAF90D2E455EB7906DACF0516BBDA253EBA9","rbv01_046276E5E1EC434CD47FE2E1D4137204B7C79D59E90B81B5BFE9A77BC6C0BB54","2"
"record_balanced_original_rule","20260724","547A7ECB082E1396DC5BF15010A4A42C46C061C8725A118FA7824033BB0BC50A","rbv01_0E9E0FC3E20BED0F32C5DF6A0164CCE77E206A06E5378ED855756B22A2C4F6E6","3"
"record_balanced_original_rule","20260724","55014121E5C882552CF9155F776E0CF47718145447C7BC4EABB2DAC2C0E7DE25","rbv01_0E9E0FC3E20BED0F32C5DF6A0164CCE77E206A06E5378ED855756B22A2C4F6E6","3"
"record_balanced_original_rule","20260724","553FAFC31B25E52B6C086339C65A6235181C325B0F590ED23612B07B731756F2","rbv01_011B84DDF86961F6053ED2B20908582AF6425C6EFA13305F705F7C498093367C","1"
"record_balanced_original_rule","20260724","55634C205CFA0E4C6E0C00A73AEF26E144B5B00B101D11A5570063A4858C7B84","rbv01_011B84DDF86961F6053ED2B20908582AF6425C6EFA13305F705F7C498093367C","1"
"record_balanced_original_rule","20260724","558F416E7B0A01D9A2560B557EC90ACEDD265ADDF96D27310D9CDBB7EC5BEC9C","rbv01_01C322D9FB99669376EAE9C000289E1B0BF73B04313F3AF1BFE6D03B29E89068","3"
"record_balanced_original_rule","20260724","55AF0F4A3B9E4E6C2857380D9C27D5A3CFCB006691BFBF934300C26D8927901E","rbv01_2358EC0C12B602E4B7C5F9C580844910C6D49ACB512E9988307B46ECAFCD07F3","4"
"record_balanced_original_rule","20260724","560D72B3593A990815FE48B1155EBBE88C3C0435ABE07CE239CE9C7307C15D56","rbv01_0213C5737861DD256119EF44D45CD1CECAF08BA1B29FE2AD47F7CEE0237AF618","0"
"record_balanced_original_rule","20260724","5639318B014A2C944CC5285A00F41B8E74052DF50863E0EFD87BAD21ADBCACE6","rbv01_011B84DDF86961F6053ED2B20908582AF6425C6EFA13305F705F7C498093367C","1"
"record_balanced_original_rule","20260724","56C214C3F046023DA6B0771E67FAB270EFF584ABF9D9F973757415ADCE1A99F3","rbv01_011B84DDF86961F6053ED2B20908582AF6425C6EFA13305F705F7C498093367C","1"
"record_balanced_original_rule","20260724","57050E6A8DEDDE7DB4CAFFBF7AEEACB012030BC6576ECD99999F3C8A7976C375","rbv01_0213C5737861DD256119EF44D45CD1CECAF08BA1B29FE2AD47F7CEE0237AF618","0"
"record_balanced_original_rule","20260724","57E45F7478676079B8B072E89DE3BFA39F6A00778BA8222E21BED5B3D48BB3D2","rbv01_011B84DDF86961F6053ED2B20908582AF6425C6EFA13305F705F7C498093367C","1"
"record_balanced_original_rule","20260724","57E97D0A553803661F82EB973E74A82B4A4FF3B4FA5A6B09EBA7B2C3BB32A2A7","rbv01_011B84DDF86961F6053ED2B20908582AF6425C6EFA13305F705F7C498093367C","1"
"record_balanced_original_rule","20260724","585604A3364E953D27D7E96337FD9B2AB42645B7A86BD54240E68C8622CAE86E","rbv01_0213C5737861DD256119EF44D45CD1CECAF08BA1B29FE2AD47F7CEE0237AF618","0"
"record_balanced_original_rule","20260724","5859EC6E9C64004E87D38D7D86AA4D3F2773AAA7C2DC56D6F71CF8A9F7001727","rbv01_0213C5737861DD256119EF44D45CD1CECAF08BA1B29FE2AD47F7CEE0237AF618","0"
"record_balanced_original_rule","20260724","5873A6B1ABADDBD30A3EC32573C3936AE36D498CCD6A333EAF7CB4A2944E3005","rbv01_2358EC0C12B602E4B7C5F9C580844910C6D49ACB512E9988307B46ECAFCD07F3","4"
"record_balanced_original_rule","20260724","587F949A84CB56FE11AB6B6D62E7790A37AEA7DB27CB595C3498FDACF036FDC5","rbv01_0E9E0FC3E20BED0F32C5DF6A0164CCE77E206A06E5378ED855756B22A2C4F6E6","3"
"record_balanced_original_rule","20260724","589909DA400CDA359FA0E7A50DF7A5251AC809128D4617304628995B9E71301E","rbv01_01C322D9FB99669376EAE9C000289E1B0BF73B04313F3AF1BFE6D03B29E89068","3"
"record_balanced_original_rule","20260724","593386B6291210BC5B8FF118B6B2A17D08B338381A28602C61E99B0FDA6867B9","rbv01_0213C5737861DD256119EF44D45CD1CECAF08BA1B29FE2AD47F7CEE0237AF618","0"
"record_balanced_original_rule","20260724","59C2FE5686A10BA06EC84AC544A92FA2E677E6A490A1F44AC5FAAF3E4AE4C03C","rbv01_0E9E0FC3E20BED0F32C5DF6A0164CCE77E206A06E5378ED855756B22A2C4F6E6","3"
"record_balanced_original_rule","20260724","5A34B647354A5293524F20A0436591EFC8C26D9AFEFD91527FA94AE94D4592E7","rbv01_011B84DDF86961F6053ED2B20908582AF6425C6EFA13305F705F7C498093367C","1"
"record_balanced_original_rule","20260724","5A5F363DDF5138B82CC8A2D2E16B99326EFA2D7C66A6BA0AE7936C640E48DB3C","rbv01_011B84DDF86961F6053ED2B20908582AF6425C6EFA13305F705F7C498093367C","1"
"record_balanced_original_rule","20260724","5AF732DB4071EF1AE930CD7722F2971A337C01ACA23BE39B063C81B442EDFA30","rbv01_0213C5737861DD256119EF44D45CD1CECAF08BA1B29FE2AD47F7CEE0237AF618","0"
"record_balanced_original_rule","20260724","5B0920E92A70337286CFAD56B29C6D9D1DAB06EF6E218462A5F0C0BC751D8FFE","rbv01_0D49377FA046416BEACFBB00B72B25CF04B27FCDD1DFA22E7E8C3ECE070E08F2","4"
"record_balanced_original_rule","20260724","5C405999428C131305A40C881E8D00DAE368C9E29F30FBC763519E5AA36FDB74","rbv01_011B84DDF86961F6053ED2B20908582AF6425C6EFA13305F705F7C498093367C","1"
"record_balanced_original_rule","20260724","5C4A573C9E11E22CD4CA466DAFB46D88B772EF6130F2B9E61FA62DB4B7D13E64","rbv01_011B84DDF86961F6053ED2B20908582AF6425C6EFA13305F705F7C498093367C","1"
"record_balanced_original_rule","20260724","5CB46307AFB5C3CEC13FA622A8F81A5E448DF596917242D1B61C4A778D9E9D7D","rbv01_0213C5737861DD256119EF44D45CD1CECAF08BA1B29FE2AD47F7CEE0237AF618","0"
"record_balanced_original_rule","20260724","5CD6C75FBE29FA80E3BB7F5775589164AC3B2E3D1A5C2EE8E8C433BB6BF43510","rbv01_011B84DDF86961F6053ED2B20908582AF6425C6EFA13305F705F7C498093367C","1"
"record_balanced_original_rule","20260724","5CE0FA3E17A2E4B395186D7EBB7CD22DF86A5C57EA7FDC72CC741F891C3C6757","rbv01_0E9E0FC3E20BED0F32C5DF6A0164CCE77E206A06E5378ED855756B22A2C4F6E6","3"
"record_balanced_original_rule","20260724","5D63FAD27555B9DB68AD10175AEB6A60FD59F0AFD0FE146695953486FAAE45FB","rbv01_08EC8F274B3390CA9A557C1810F52FE38EAF9404CF035F8A1D70A5AAAFA3EA60","2"
"record_balanced_original_rule","20260724","5E0071CD5CB55992A750BCE258ADDBC8B0C9CF1D50FD77C5A24D6DFC814011CC","rbv01_147C763D2DD7A735DC5DA68C31ECD7579510C8C8494E1BBB99D46B386B713D84","4"
"record_balanced_original_rule","20260724","5E0281654E30919D5D82F901F17AED34F85BF0A1AB24DE74043602CB526809F0","rbv01_011B84DDF86961F6053ED2B20908582AF6425C6EFA13305F705F7C498093367C","1"
"record_balanced_original_rule","20260724","5E06FD7724DAA44666253EBCB056D98D636326C24480117CBCD8FAD871EB876C","rbv01_0C68AE2824568C19A46D2947C2D1EB95DFE6E72AF600B3275A62492DFFF69BF3","3"
"record_balanced_original_rule","20260724","5F36CCB2F2766F08143AA3B93A9252C8E51E6B0904375C2353C376C92E2E57EE","rbv01_147C763D2DD7A735DC5DA68C31ECD7579510C8C8494E1BBB99D46B386B713D84","4"
"record_balanced_original_rule","20260724","5FC7F592B55D903EF47A4A3A0B2DF59F146AFCCD6B6EEC56595A34392212186A","rbv01_011B84DDF86961F6053ED2B20908582AF6425C6EFA13305F705F7C498093367C","1"
"record_balanced_original_rule","20260724","5FC9599CDCDE496EC24CFCBB80224C8DDADDA4DACD78E4FB274073A1FB81DD78","rbv01_011B84DDF86961F6053ED2B20908582AF6425C6EFA13305F705F7C498093367C","1"
"record_balanced_original_rule","20260724","607F64DDB025C3F5C3B87DDE0E830EE58D66385CD5CADB63CAF0BC1C1BE9E25A","rbv01_01C322D9FB99669376EAE9C000289E1B0BF73B04313F3AF1BFE6D03B29E89068","3"
"record_balanced_original_rule","20260724","6092B66F178B3C7E0D960FEF9575ADD9A60E346D4ECDBBF528DEE179E4F71DA7","rbv01_046276E5E1EC434CD47FE2E1D4137204B7C79D59E90B81B5BFE9A77BC6C0BB54","2"
"record_balanced_original_rule","20260724","609749579572B2FA6E14FA1EEB1F875B07B2F9FF9C72A3E3939FB6EDD90DBEEB","rbv01_0213C5737861DD256119EF44D45CD1CECAF08BA1B29FE2AD47F7CEE0237AF618","0"
"record_balanced_original_rule","20260724","60FE2F0C145E2CFD68F826BE3443271BEC5594C868617B24A4CEBD34586C265D","rbv01_01C322D9FB99669376EAE9C000289E1B0BF73B04313F3AF1BFE6D03B29E89068","3"
"record_balanced_original_rule","20260724","61016099D502283DA40D4EE4B9F7C0ED7DF6F7D964401D6A2D8CF3EB6248FCF1","rbv01_0E9E0FC3E20BED0F32C5DF6A0164CCE77E206A06E5378ED855756B22A2C4F6E6","3"
"record_balanced_original_rule","20260724","6112398A5A27A1DDBAE7D6EEB8F1D68BD7CF7787D3B91DF1A831D7E5CADC9093","rbv01_054201B2ED3ADADFBB0028C07B1A262219631DC717FDE4862C42583AB67D10C2","1"
"record_balanced_original_rule","20260724","6142EE048B1B633FA5249772D940196675EC543F3226DDDC2433B4DBB15E3B25","rbv01_01C322D9FB99669376EAE9C000289E1B0BF73B04313F3AF1BFE6D03B29E89068","3"
"record_balanced_original_rule","20260724","6174FF925532C926AAA32B79CA43300752AD193CF23A92B8659393C437840F13","rbv01_0213C5737861DD256119EF44D45CD1CECAF08BA1B29FE2AD47F7CEE0237AF618","0"
"record_balanced_original_rule","20260724","61A09FA5B6C964AC5A1B5CF9C6D57743E0A6CDC9A9F8052EFE320510632BBCBF","rbv01_011B84DDF86961F6053ED2B20908582AF6425C6EFA13305F705F7C498093367C","1"
"record_balanced_original_rule","20260724","6216459473676649F75F11A9C627388BF00109948ECF84C5364ECC7519473562","rbv01_011B84DDF86961F6053ED2B20908582AF6425C6EFA13305F705F7C498093367C","1"
"record_balanced_original_rule","20260724","62A5E1A05A38F7781B623E66C3C9663D8D191152A46CFCA583EE0FFCA699D18E","rbv01_2358EC0C12B602E4B7C5F9C580844910C6D49ACB512E9988307B46ECAFCD07F3","4"
"record_balanced_original_rule","20260724","62FBDE22D30C21640013F7960847A31F801A567F17DD3466485C84E68C2F4A76","rbv01_0213C5737861DD256119EF44D45CD1CECAF08BA1B29FE2AD47F7CEE0237AF618","0"
"record_balanced_original_rule","20260724","63CB23ECC2CBBC2F66E3FA210899309DE3B993E414146D1BA55D2766A60D1D3C","rbv01_011B84DDF86961F6053ED2B20908582AF6425C6EFA13305F705F7C498093367C","1"
"record_balanced_original_rule","20260724","63DF561656502F71DB9CF94570A0BAEC8C6EB0A93198BD12C45E1B5323792361","rbv01_0E9E0FC3E20BED0F32C5DF6A0164CCE77E206A06E5378ED855756B22A2C4F6E6","3"
"record_balanced_original_rule","20260724","640ADC9C9E5B52E8423895DF788D46B5B2B7ECBBB00F7AC4C1EE8102766842AB","rbv01_0E9E0FC3E20BED0F32C5DF6A0164CCE77E206A06E5378ED855756B22A2C4F6E6","3"
"record_balanced_original_rule","20260724","6486B0B00B6A64D5FF711049D18835756EC3243B4AE0B146640B61E3DBBF3B1B","rbv01_2358EC0C12B602E4B7C5F9C580844910C6D49ACB512E9988307B46ECAFCD07F3","4"
"record_balanced_original_rule","20260724","64BCED7CD45A062E0D93E9DA6A459E08E7DE3EE75334CEC74B37EC8FF0D387FB","rbv01_25A206590D1048D18147FD26B701861897281071258782AED6A00779FFF7210A","1"
"record_balanced_original_rule","20260724","64C619A75D94EA4475D6BBF73AB84509C81BE1871176F2040555FB74C94DF678","rbv01_054201B2ED3ADADFBB0028C07B1A262219631DC717FDE4862C42583AB67D10C2","1"
"record_balanced_original_rule","20260724","64D37F8EC94157972501866F2C0409596E19184285BE6BB17F05CD21384C6C66","rbv01_011B84DDF86961F6053ED2B20908582AF6425C6EFA13305F705F7C498093367C","1"
"record_balanced_original_rule","20260724","64FB82376477A79AB45C3F7EA5AAFB49EE7423DF9CEE856D7DC34E22794A133C","rbv01_0DA9CA625518CEB3C5B20C7295004FB7CDC5BC108FF93282C63467286DA188EB","3"
"record_balanced_original_rule","20260724","6547A33CB61AB244D15ECF247ABF262D96D6472DC78D3F5CAE326622A202F9FB","rbv01_0E9E0FC3E20BED0F32C5DF6A0164CCE77E206A06E5378ED855756B22A2C4F6E6","3"
"record_balanced_original_rule","20260724","656390EED1FD9897918FE16673DD9919DA443EEF28949541135699DE80A4846F","rbv01_0DA9CA625518CEB3C5B20C7295004FB7CDC5BC108FF93282C63467286DA188EB","3"
"record_balanced_original_rule","20260724","657EEF51C5520A0224536CE12861644354A6A9B5C07D2B3879D62C05ABEDDD32","rbv01_0213C5737861DD256119EF44D45CD1CECAF08BA1B29FE2AD47F7CEE0237AF618","0"
"record_balanced_original_rule","20260724","661FC0C39FF5A85F97A0C6688C297F8B7E98C764E4A11420E164B018D9E7226C","rbv01_4C51CFDB4AF8C1E97EE68AD316E14EE38D69EBF9BC08EA86615CC9553C187FB5","2"
"record_balanced_original_rule","20260724","6627CE031858FF0E6CF28EBB1CB041EBA4FE95AB467047BDD1561249CCF925A1","rbv01_011D932A057B34C28A553A7C900731E1D7B1E42FD9312A7495A3DF8ECA2AF3C9","4"
"record_balanced_original_rule","20260724","66353004E46A7D2DEA8AAFE7F83594C8F92144747DA49A5CF301F31E84591F1D","rbv01_2358EC0C12B602E4B7C5F9C580844910C6D49ACB512E9988307B46ECAFCD07F3","4"
"record_balanced_original_rule","20260724","66A1BE2CD6F6FF08C11A2C3357EF8EC0C032A86D5D87B13B11945FBD45127931","rbv01_0213C5737861DD256119EF44D45CD1CECAF08BA1B29FE2AD47F7CEE0237AF618","0"
"record_balanced_original_rule","20260724","66BAC981C1C4701485BEE46F46AF3026FED8EBB0BCF9929C549C58791E83067E","rbv01_011B84DDF86961F6053ED2B20908582AF6425C6EFA13305F705F7C498093367C","1"
"record_balanced_original_rule","20260724","6704B9633DCEBC2BA01FDECDFD5EA4A5370D106858137FFEAAAC036EFB3FD757","rbv01_0213C5737861DD256119EF44D45CD1CECAF08BA1B29FE2AD47F7CEE0237AF618","0"
"record_balanced_original_rule","20260724","6835116907D67386298A9EF5227E3B49C83D7F220C27D7E8DD2D87BF3A43EF25","rbv01_0213C5737861DD256119EF44D45CD1CECAF08BA1B29FE2AD47F7CEE0237AF618","0"
"record_balanced_original_rule","20260724","6871BE6DDBAEC27287050ECFCAB5CFC294576AA669561D671D6FB888E6328DFD","rbv01_0213C5737861DD256119EF44D45CD1CECAF08BA1B29FE2AD47F7CEE0237AF618","0"
"record_balanced_original_rule","20260724","68F263FF68635FB84AD0D3374FC9B9E01894B2311A0B168682615C327AD57C9D","rbv01_011B84DDF86961F6053ED2B20908582AF6425C6EFA13305F705F7C498093367C","1"
"record_balanced_original_rule","20260724","6941EF9147030F468EE2273E4A1E92FDB438B995704E775A9791FFD169DA606E","rbv01_046276E5E1EC434CD47FE2E1D4137204B7C79D59E90B81B5BFE9A77BC6C0BB54","2"
"record_balanced_original_rule","20260724","69F9E99C1BC30717A040E1750774FFC9D8C8D5C2512C4E4A212E94803FFE0AE6","rbv01_0213C5737861DD256119EF44D45CD1CECAF08BA1B29FE2AD47F7CEE0237AF618","0"
"record_balanced_original_rule","20260724","6A8E5EF237A69BFE6D5A70FB5C1488D0FAEC6E1B92FA28AC8D95C05C357B5E63","rbv01_0213C5737861DD256119EF44D45CD1CECAF08BA1B29FE2AD47F7CEE0237AF618","0"
"record_balanced_original_rule","20260724","6AA1B00D7021262502B6FC95332455EE8A2AF272251C8E28591E30E64E069844","rbv01_011B84DDF86961F6053ED2B20908582AF6425C6EFA13305F705F7C498093367C","1"
"record_balanced_original_rule","20260724","6B62116FD3F14E23A9BB0F458049B58C6EAC702097C8DB30EEA0A6299A978491","rbv01_011B84DDF86961F6053ED2B20908582AF6425C6EFA13305F705F7C498093367C","1"
"record_balanced_original_rule","20260724","6B76A22D19B1D56262EEF9CAFD58D3BFA5B9643F2632351328F814F15539D869","rbv01_02F3E19E40F367B65842ED87339C30DC3CDDB63BF424A5DC683F489D6C8C8311","4"
"record_balanced_original_rule","20260724","6BDF067CFC053B069E3183683DC72BBE0A12C15DC196EE8D3F4953977C271993","rbv01_0213C5737861DD256119EF44D45CD1CECAF08BA1B29FE2AD47F7CEE0237AF618","0"
"record_balanced_original_rule","20260724","6C922E08B80DE2068FBBC9A2442520E7645A9213FBFA99AD3C6BD159413E6984","rbv01_054201B2ED3ADADFBB0028C07B1A262219631DC717FDE4862C42583AB67D10C2","1"
"record_balanced_original_rule","20260724","6CEDF7B181B79ABE208B9B3629075DE29BC2DE50AA954EA2D9B290AD89289D3E","rbv01_0213C5737861DD256119EF44D45CD1CECAF08BA1B29FE2AD47F7CEE0237AF618","0"
"record_balanced_original_rule","20260724","6DC61C5079EAE1BF435C0CAF99FA1F723762BF4F36B7217EAC665DEBB7019D22","rbv01_0213C5737861DD256119EF44D45CD1CECAF08BA1B29FE2AD47F7CEE0237AF618","0"
"record_balanced_original_rule","20260724","6DDCAE134AB83721AD746E97F4EB54587BD68D18364D0DC55F8549DF5F0BFCAC","rbv01_0213C5737861DD256119EF44D45CD1CECAF08BA1B29FE2AD47F7CEE0237AF618","0"
"record_balanced_original_rule","20260724","6DFCD6D1DE431CD3BF5FB02128D7E6FDA2A67CB8ECCE454753A3C0AD25F0D5E7","rbv01_021729FAD057771AC5A3F59730477FE06019418FF0104B829F6E153E2D91134D","3"
"record_balanced_original_rule","20260724","6E16D5A3B7D6E582F57D49E897AAC0B8AE660A58B9052725EB1E58296FA6DD9E","rbv01_08EC8F274B3390CA9A557C1810F52FE38EAF9404CF035F8A1D70A5AAAFA3EA60","2"
"record_balanced_original_rule","20260724","6E187297C1AE74CB8901ED1168D5875901332BEB5D5995CE7800BD4F6E63F598","rbv01_0D49377FA046416BEACFBB00B72B25CF04B27FCDD1DFA22E7E8C3ECE070E08F2","4"
"record_balanced_original_rule","20260724","6E2CE6662A3F7CED5954DFCF2748D1100486272089328053160D35570DEF9176","rbv01_2358EC0C12B602E4B7C5F9C580844910C6D49ACB512E9988307B46ECAFCD07F3","4"
"record_balanced_original_rule","20260724","6E3D7AFFC6CFBC1997F093BFC1EE37CE65F804210E91FA782BC18EB91E20276D","rbv01_0E9E0FC3E20BED0F32C5DF6A0164CCE77E206A06E5378ED855756B22A2C4F6E6","3"
"record_balanced_original_rule","20260724","6E7EC6A2B99FF56CD1CC1524A3946C806CD9E95632811B0148C8616EE45158CB","rbv01_2358EC0C12B602E4B7C5F9C580844910C6D49ACB512E9988307B46ECAFCD07F3","4"
"record_balanced_original_rule","20260724","6F1A04651BA12124A63D7EE5D8B2AEBD48FFB9DBA0EF9D2AD18DD998806DAB84","rbv01_046276E5E1EC434CD47FE2E1D4137204B7C79D59E90B81B5BFE9A77BC6C0BB54","2"
"record_balanced_original_rule","20260724","6FC81B17E3416F9C59041B8CB05B9B1EBBAF63CC8CD0EE6E4EF0468633802282","rbv01_01C322D9FB99669376EAE9C000289E1B0BF73B04313F3AF1BFE6D03B29E89068","3"
"record_balanced_original_rule","20260724","6FD342A5B3945B082CBD550209195D135DC89542AEC23F7418667340E5A199BC","rbv01_046276E5E1EC434CD47FE2E1D4137204B7C79D59E90B81B5BFE9A77BC6C0BB54","2"
"record_balanced_original_rule","20260724","7001E110B0B28C6032141C04E13BB35E17AD7F565ED72191757F0E919841569B","rbv01_011B84DDF86961F6053ED2B20908582AF6425C6EFA13305F705F7C498093367C","1"
"record_balanced_original_rule","20260724","7029B557234AC6051E24A16C9B339519D5E3579E6FDB8C49B4A0260D580494F3","rbv01_0213C5737861DD256119EF44D45CD1CECAF08BA1B29FE2AD47F7CEE0237AF618","0"
"record_balanced_original_rule","20260724","703BE4FB6B5EAE49BA8409E3AEF0A1DA144EE1C72AA5E90D707BDA8CB02F33C3","rbv01_011B84DDF86961F6053ED2B20908582AF6425C6EFA13305F705F7C498093367C","1"
"record_balanced_original_rule","20260724","705A52AFC96DD8F8A0680986F37753D0F1F6A2CBDEBC3F72280B466B6CDB50ED","rbv01_011D932A057B34C28A553A7C900731E1D7B1E42FD9312A7495A3DF8ECA2AF3C9","4"
"record_balanced_original_rule","20260724","707DA448FC2DFE79C4960A7D1DE4CFCF3451C22AA827CF0D09DCCDD2CD3C1F39","rbv01_011B84DDF86961F6053ED2B20908582AF6425C6EFA13305F705F7C498093367C","1"
"record_balanced_original_rule","20260724","70BC49653619BB7835874DFD94FF64268AF6A2C06E47D4DFBFEF7ADD4D1F1120","rbv01_0213C5737861DD256119EF44D45CD1CECAF08BA1B29FE2AD47F7CEE0237AF618","0"
"record_balanced_original_rule","20260724","713CAE6D9C810853CAA85719BEF1E7ADBAD4FFA2E92902EB2D5D5738BEAB0C65","rbv01_011B84DDF86961F6053ED2B20908582AF6425C6EFA13305F705F7C498093367C","1"
"record_balanced_original_rule","20260724","71AD8BB01A72E70509B0F9639C592D7E0C41AE9A4A27D999B262303039764CF7","rbv01_0213C5737861DD256119EF44D45CD1CECAF08BA1B29FE2AD47F7CEE0237AF618","0"
"record_balanced_original_rule","20260724","71E0A6FD60241D170159AE8A16A1FEB4273E2FE09D3E12702BEE6F21EE5DA4F1","rbv01_08EC8F274B3390CA9A557C1810F52FE38EAF9404CF035F8A1D70A5AAAFA3EA60","2"
"record_balanced_original_rule","20260724","7211B9B2889F483AE44A9727A4849CEA1E6240D7C4422DC4FC04D4E49FC55A24","rbv01_011B84DDF86961F6053ED2B20908582AF6425C6EFA13305F705F7C498093367C","1"
"record_balanced_original_rule","20260724","722AC44069039667B277FA0C2B5B7C392E00983D059A534B7D52658A01D8CFDE","rbv01_021729FAD057771AC5A3F59730477FE06019418FF0104B829F6E153E2D91134D","3"
"record_balanced_original_rule","20260724","726B528E61491529A6A0C94B16217808470BB9A473127CE62C8FB518C955BAB7","rbv01_0213C5737861DD256119EF44D45CD1CECAF08BA1B29FE2AD47F7CEE0237AF618","0"
"record_balanced_original_rule","20260724","736FC34A836F960541AEE1FC818367DCF83048C32817BCEA8C3FEFEBDCCD1098","rbv01_011B84DDF86961F6053ED2B20908582AF6425C6EFA13305F705F7C498093367C","1"
"record_balanced_original_rule","20260724","73E3BE3DD8F7297499AA3A3DD96CAAFDED3AFC7AFD0167112401F6A2429286B4","rbv01_0213C5737861DD256119EF44D45CD1CECAF08BA1B29FE2AD47F7CEE0237AF618","0"
"record_balanced_original_rule","20260724","7433126F697E3274B8BC3154977B87D7B8DBC4095ACA33FB8802E00598ED7120","rbv01_011B84DDF86961F6053ED2B20908582AF6425C6EFA13305F705F7C498093367C","1"
"record_balanced_original_rule","20260724","74DFB4FD1256FB7CC67CF7F5582D490405547298B3EE387029E625D6972B640F","rbv01_011B84DDF86961F6053ED2B20908582AF6425C6EFA13305F705F7C498093367C","1"
"record_balanced_original_rule","20260724","759E52C2C2F43D99896050CE86E6DFDE11FE522EF9DD394DDA978524F101D953","rbv01_01C322D9FB99669376EAE9C000289E1B0BF73B04313F3AF1BFE6D03B29E89068","3"
"record_balanced_original_rule","20260724","75FDA890D0520C0094B6D2D70B20226FB88197ED9B4A868EDEBA787FE2F4CD8B","rbv01_4C51CFDB4AF8C1E97EE68AD316E14EE38D69EBF9BC08EA86615CC9553C187FB5","2"
"record_balanced_original_rule","20260724","760038AE4D83E69D3950F813FB2CFDE096FC0F7A3CB3ECB9EC4D0E8CD8AE532B","rbv01_2358EC0C12B602E4B7C5F9C580844910C6D49ACB512E9988307B46ECAFCD07F3","4"
"record_balanced_original_rule","20260724","761E7106DC5BA4CE7DD1B9546304F5C8E39644F7AC483FC299C9CE6D755A7850","rbv01_25865A5FDDFF4A9F27EC5C10E5442A5D79D45CFAD482750F086BB81DD1C607F9","2"
"record_balanced_original_rule","20260724","766764B56BDD951FF8381162FD8A526722A910553545374D4178BB647F115D96","rbv01_0C68AE2824568C19A46D2947C2D1EB95DFE6E72AF600B3275A62492DFFF69BF3","3"
"record_balanced_original_rule","20260724","7716CF6F67DD130F321CFBA976FA00D3EF30329E1E96A42F15118BBCD05CCECC","rbv01_011B84DDF86961F6053ED2B20908582AF6425C6EFA13305F705F7C498093367C","1"
"record_balanced_original_rule","20260724","7742DD4BE001F0334BE658E868FDCBEC91A607C85C16B862D62F2664E532B332","rbv01_1A2E259AFB28A34C9C6E003C355FAC70F5755F63B27530053ACE4BA8A31F3C72","4"
"record_balanced_original_rule","20260724","77604112D3B238868D7D3E5B8DF4426A8F37887D6442866A33C3DDF0523A0EF3","rbv01_2358EC0C12B602E4B7C5F9C580844910C6D49ACB512E9988307B46ECAFCD07F3","4"
"record_balanced_original_rule","20260724","77708406F2F043B41D0AA0DA15FB80202871940C693837D9FEEBAA3C13AFEA2C","rbv01_0213C5737861DD256119EF44D45CD1CECAF08BA1B29FE2AD47F7CEE0237AF618","0"
"record_balanced_original_rule","20260724","7790E8A56AF1E00E7437AA2E1E7A1DA1BE4B23C1FBA7699A17122CAEDCBD16FD","rbv01_0213C5737861DD256119EF44D45CD1CECAF08BA1B29FE2AD47F7CEE0237AF618","0"
"record_balanced_original_rule","20260724","787A570CB42F97FA3D6D18A2DDA23F76AC7C65FA832E1882E48141C60050AF18","rbv01_011B84DDF86961F6053ED2B20908582AF6425C6EFA13305F705F7C498093367C","1"
"record_balanced_original_rule","20260724","78D251288A3018EEA78A874D1B7F5F46F0088E0B454D9235FAEA899F83E9B05F","rbv01_021729FAD057771AC5A3F59730477FE06019418FF0104B829F6E153E2D91134D","3"
"record_balanced_original_rule","20260724","78D98B6F9704D5D2B0425DAEEE18FF9F33CD7048497BFC027B63B5FD5A2072C8","rbv01_01C322D9FB99669376EAE9C000289E1B0BF73B04313F3AF1BFE6D03B29E89068","3"
"record_balanced_original_rule","20260724","793A4745373AA06A9ED3889F1971528DE5032F5BF0C24CEFACCE60044A9AB7A2","rbv01_011B84DDF86961F6053ED2B20908582AF6425C6EFA13305F705F7C498093367C","1"
"record_balanced_original_rule","20260724","793E91265FCA94A2D87F35E0FA4239C4A1C521F12CF61569CFDF16ED2C6D543D","rbv01_0E9E0FC3E20BED0F32C5DF6A0164CCE77E206A06E5378ED855756B22A2C4F6E6","3"
"record_balanced_original_rule","20260724","79638C93ED9AEA52C38B817A949E769DC6EDF13D05D49207874FC3013FC2A67E","rbv01_011B84DDF86961F6053ED2B20908582AF6425C6EFA13305F705F7C498093367C","1"
"record_balanced_original_rule","20260724","79A1860EE5B38BDFA8B202D3A1AFBEC8D8DA6FE3A0655EA29BA0A5489109839C","rbv01_0213C5737861DD256119EF44D45CD1CECAF08BA1B29FE2AD47F7CEE0237AF618","0"
"record_balanced_original_rule","20260724","79AB07403AC06ED7F796D7FED64397A42B9FCCAE7053A5F51719205E4471018D","rbv01_011B84DDF86961F6053ED2B20908582AF6425C6EFA13305F705F7C498093367C","1"
"record_balanced_original_rule","20260724","79C95AFBE047168EB7BC6E3920B23295FA09ABDE03FCD66952FBB3D1ABB313B9","rbv01_011B84DDF86961F6053ED2B20908582AF6425C6EFA13305F705F7C498093367C","1"
"record_balanced_original_rule","20260724","79EF293ADB205FCB3C5277EE36241F10D61A94CADBAB29EB959DEBFBC46634CB","rbv01_021729FAD057771AC5A3F59730477FE06019418FF0104B829F6E153E2D91134D","3"
"record_balanced_original_rule","20260724","79F1F18FB3DCD3F1CECFD36CCF7385AFF069973B43B3489B9A47B1A09DECFAD5","rbv01_01C322D9FB99669376EAE9C000289E1B0BF73B04313F3AF1BFE6D03B29E89068","3"
"record_balanced_original_rule","20260724","7A30CAC79982862553A37493B27A574A34EF0BF651BFC5BD7EB59A2146E62B98","rbv01_08EC8F274B3390CA9A557C1810F52FE38EAF9404CF035F8A1D70A5AAAFA3EA60","2"
"record_balanced_original_rule","20260724","7A5AC3BEA990AE4F927D37E334DEC12A940728B8C9BF75EB2A6FE6FB08B76D2E","rbv01_0213C5737861DD256119EF44D45CD1CECAF08BA1B29FE2AD47F7CEE0237AF618","0"
"record_balanced_original_rule","20260724","7A81B57BB190344EA26AC8CD7829F6B678F5E5030DED8EB97841BA97C0493CA7","rbv01_0213C5737861DD256119EF44D45CD1CECAF08BA1B29FE2AD47F7CEE0237AF618","0"
"record_balanced_original_rule","20260724","7AF7736561E1112502D6EF4B98E11660339B955EFC85FCC7AEAA62DDC335C141","rbv01_01C322D9FB99669376EAE9C000289E1B0BF73B04313F3AF1BFE6D03B29E89068","3"
"record_balanced_original_rule","20260724","7B76CF30B5FE2AF38163BF00E0FEE74108F710C9E7697C596F4774F419421EC8","rbv01_011B84DDF86961F6053ED2B20908582AF6425C6EFA13305F705F7C498093367C","1"
"record_balanced_original_rule","20260724","7BAC19A7E768E8030C060BD3F3FE5CE352F400B100EDA10A31778858DD50B8DB","rbv01_4A6CDC7218F267E114B083B225FC435EA4AECE9A8307DC39925FE5F442FDB97A","2"
"record_balanced_original_rule","20260724","7BB8A7C58505587787A562604E6D2AB015E8E38A45072BFF0595A6C552F9EF06","rbv01_054201B2ED3ADADFBB0028C07B1A262219631DC717FDE4862C42583AB67D10C2","1"
"record_balanced_original_rule","20260724","7BC08410D6F337F3C56031EE28EBB165B3FD4A79586174F0572F4AF1729EC77B","rbv01_0213C5737861DD256119EF44D45CD1CECAF08BA1B29FE2AD47F7CEE0237AF618","0"
"record_balanced_original_rule","20260724","7BCACE98F398A641FB75601B1583263E243DD9AB19A72DAFC7108209B044AE51","rbv01_011B84DDF86961F6053ED2B20908582AF6425C6EFA13305F705F7C498093367C","1"
"record_balanced_original_rule","20260724","7C1EF5B571765FD33FC916D743B8495439C771256B4BA392A567D421B6CA9375","rbv01_054201B2ED3ADADFBB0028C07B1A262219631DC717FDE4862C42583AB67D10C2","1"
"record_balanced_original_rule","20260724","7C51D7B79D0E04F6C1695758F0E6F471543C9D275195DC0B61928C78B097C181","rbv01_0C68AE2824568C19A46D2947C2D1EB95DFE6E72AF600B3275A62492DFFF69BF3","3"
"record_balanced_original_rule","20260724","7D612B9B4F90A7D2F9FDE087AA59EE3AF532A68D98A51A81204400C7CC92E7D3","rbv01_011B84DDF86961F6053ED2B20908582AF6425C6EFA13305F705F7C498093367C","1"
"record_balanced_original_rule","20260724","7DB8519C7DCCC184C537FDE4E5A4FC0C1C1AF2EE418505CA78DC950A3BDAF7F1","rbv01_01C322D9FB99669376EAE9C000289E1B0BF73B04313F3AF1BFE6D03B29E89068","3"
"record_balanced_original_rule","20260724","7DE7DCF4A8FB3AB5FB3DE04EC28E769B5131E1757AA9915A482B54921A9E341E","rbv01_2358EC0C12B602E4B7C5F9C580844910C6D49ACB512E9988307B46ECAFCD07F3","4"
"record_balanced_original_rule","20260724","7DFB14C8B539B45B79954CAFF434CD3D6169D2239388D74AD031623883ECD984","rbv01_0DA9CA625518CEB3C5B20C7295004FB7CDC5BC108FF93282C63467286DA188EB","3"
"record_balanced_original_rule","20260724","7E50397E70E624D3CB680DE4499C7C3C2A31B99F9F6F11B7C5C749C72A233F8C","rbv01_0E9E0FC3E20BED0F32C5DF6A0164CCE77E206A06E5378ED855756B22A2C4F6E6","3"
"record_balanced_original_rule","20260724","7F0EC2443CEA913F9A1B35CC9A7E76898E0DBB69376C4B0131B07E5F4A877197","rbv01_2358EC0C12B602E4B7C5F9C580844910C6D49ACB512E9988307B46ECAFCD07F3","4"
"record_balanced_original_rule","20260724","7F8E44D9E4265FDA0D56D8D58B8037724ECADC6E4AC1D9459B915216DE37CF02","rbv01_046276E5E1EC434CD47FE2E1D4137204B7C79D59E90B81B5BFE9A77BC6C0BB54","2"
"record_balanced_original_rule","20260724","7FBCA986590F9D0215B1DB3EF2B7F9A4AE2E3037E7EB3F3EC8D80B822616263B","rbv01_011B84DDF86961F6053ED2B20908582AF6425C6EFA13305F705F7C498093367C","1"
"record_balanced_original_rule","20260724","7FEB4716CE762D190EE7E8C03FBB29D3B6F478B05B636073EB527EB0D5324120","rbv01_011B84DDF86961F6053ED2B20908582AF6425C6EFA13305F705F7C498093367C","1"
"record_balanced_original_rule","20260724","81521EA05234B705DC92E0C5A61134CE31987DDF99D91B0CCA8B1D8802BD5E62","rbv01_011B84DDF86961F6053ED2B20908582AF6425C6EFA13305F705F7C498093367C","1"
"record_balanced_original_rule","20260724","8157516169AD74C49A3D42D94C8AFAB3F035A93806EB1A6C2473173DFDAFCFC4","rbv01_011D932A057B34C28A553A7C900731E1D7B1E42FD9312A7495A3DF8ECA2AF3C9","4"
"record_balanced_original_rule","20260724","8180FFF5D2D6FEFF5B73AEBD1AA7260F8E86E74B5A8501CECF2629E5BA199D8A","rbv01_2358EC0C12B602E4B7C5F9C580844910C6D49ACB512E9988307B46ECAFCD07F3","4"
"record_balanced_original_rule","20260724","81BCA3EE845D78643EE6BB1F6EA44D4ED907DA1BC5EAC70F346B9F65910C7FEA","rbv01_01C322D9FB99669376EAE9C000289E1B0BF73B04313F3AF1BFE6D03B29E89068","3"
"record_balanced_original_rule","20260724","821C5E43026508A32B69ECF634B7AEFB9531D02ECDAC21B3BC82784ED318407F","rbv01_08EC8F274B3390CA9A557C1810F52FE38EAF9404CF035F8A1D70A5AAAFA3EA60","2"
"record_balanced_original_rule","20260724","8278F06D0BA5C51D80ADE10C9D223D254E28FB26D3C0A75A5B609B12424D7E31","rbv01_011D932A057B34C28A553A7C900731E1D7B1E42FD9312A7495A3DF8ECA2AF3C9","4"
"record_balanced_original_rule","20260724","8287D86665975892EE1F0FF52484534008D43F6062232AC56AFAD2ABA5A99486","rbv01_08EC8F274B3390CA9A557C1810F52FE38EAF9404CF035F8A1D70A5AAAFA3EA60","2"
"record_balanced_original_rule","20260724","832AE8B0D15AC0AECF90187084668F727238D717D3A90BCB327951A27BA8924C","rbv01_0213C5737861DD256119EF44D45CD1CECAF08BA1B29FE2AD47F7CEE0237AF618","0"
"record_balanced_original_rule","20260724","836E64CCBF89B4E45A3369B60529BD98C6DB75ACAD3F198A3375E463AF1C5FF7","rbv01_011B84DDF86961F6053ED2B20908582AF6425C6EFA13305F705F7C498093367C","1"
"record_balanced_original_rule","20260724","83B96AF7A142ED771DE7C64D125C1F5FDD116B03448596C60C99A9F515A3EF07","rbv01_011B84DDF86961F6053ED2B20908582AF6425C6EFA13305F705F7C498093367C","1"
"record_balanced_original_rule","20260724","83BAD3D0D0698E0D02A7B4B09CFB4C3A27A81342D507D73C71ADF42849533C47","rbv01_0213C5737861DD256119EF44D45CD1CECAF08BA1B29FE2AD47F7CEE0237AF618","0"
"record_balanced_original_rule","20260724","848623533F806F61CEBB7FBFC2E9B8757093EC110FC8D8CABA69A09A4418DC7E","rbv01_0E9E0FC3E20BED0F32C5DF6A0164CCE77E206A06E5378ED855756B22A2C4F6E6","3"
"record_balanced_original_rule","20260724","84AD21B6E68482268D6A586245E11D34252F339680532EB46842D1CD7FBE0271","rbv01_0213C5737861DD256119EF44D45CD1CECAF08BA1B29FE2AD47F7CEE0237AF618","0"
"record_balanced_original_rule","20260724","84AD2D9663BB8B26821590CD21447163579766A47BDD30F971678E33271115A5","rbv01_054201B2ED3ADADFBB0028C07B1A262219631DC717FDE4862C42583AB67D10C2","1"
"record_balanced_original_rule","20260724","84EFAB7534BEAF22D6B186CDBC10D0E95ED771ECBA632A24DD1B485F698FEF7E","rbv01_25A206590D1048D18147FD26B701861897281071258782AED6A00779FFF7210A","1"
"record_balanced_original_rule","20260724","857EDAF824854295BAC8757E69BF8590CC0BB5BF91AED85C795297309FC78103","rbv01_011B84DDF86961F6053ED2B20908582AF6425C6EFA13305F705F7C498093367C","1"
"record_balanced_original_rule","20260724","85862250B4E7637DF508CA74B2F8330C45C00F33199F95D0C311FE26CD71E1B1","rbv01_0FAB0DD3DEC2E0DA5B1841B2949196B7B1E5F846FFA0C8F4AF1461F9D3B66BCE","0"
"record_balanced_original_rule","20260724","85A86A5C92F219E35F8B478C226B350FE00381D72DA91F5BF36B43B324B049D5","rbv01_011B84DDF86961F6053ED2B20908582AF6425C6EFA13305F705F7C498093367C","1"
"record_balanced_original_rule","20260724","864BD79A3893763BF280CD4FB95D7A6342E57CC7FDE39E075E2DE9C652798DEC","rbv01_2358EC0C12B602E4B7C5F9C580844910C6D49ACB512E9988307B46ECAFCD07F3","4"
"record_balanced_original_rule","20260724","867FC0D4D76430CB7C914338E342EC479358938FCCE1706F2B7AD9EFF66056AE","rbv01_011B84DDF86961F6053ED2B20908582AF6425C6EFA13305F705F7C498093367C","1"
"record_balanced_original_rule","20260724","86B8910659A9A91763F13E756DCFAC43765D1471BD66F194A2BA86C07E23CD3F","rbv01_011B84DDF86961F6053ED2B20908582AF6425C6EFA13305F705F7C498093367C","1"
"record_balanced_original_rule","20260724","86F95F241E4C9CCADBA621F4BD733E3F8C2AB456E1D351AAB2BB85231105DCC8","rbv01_011B84DDF86961F6053ED2B20908582AF6425C6EFA13305F705F7C498093367C","1"
"record_balanced_original_rule","20260724","86FA5AFF7D10D4AC88282D02891F5B0C044E9BAB209D065C2ADA51A3A356B2AC","rbv01_011B84DDF86961F6053ED2B20908582AF6425C6EFA13305F705F7C498093367C","1"
"record_balanced_original_rule","20260724","87048C681934AA8A56C2D9E80C5E17C21A69939A0F36CE153A5B65CA13A149F9","rbv01_25A206590D1048D18147FD26B701861897281071258782AED6A00779FFF7210A","1"
"record_balanced_original_rule","20260724","880229002152E02A9065E1C5A05F490F0A8A6EF74E771A64BD133F8BA6D6E32E","rbv01_054201B2ED3ADADFBB0028C07B1A262219631DC717FDE4862C42583AB67D10C2","1"
"record_balanced_original_rule","20260724","88152E41D893D7E4F8EC9D04DBF0DDB979E1B81C86CA4C5505EAE7D5E1C8DC42","rbv01_0213C5737861DD256119EF44D45CD1CECAF08BA1B29FE2AD47F7CEE0237AF618","0"
"record_balanced_original_rule","20260724","884394A397DE3E8E0637C9857BAB557990A694ACE6039755C57B45A74194ECBB","rbv01_0213C5737861DD256119EF44D45CD1CECAF08BA1B29FE2AD47F7CEE0237AF618","0"
"record_balanced_original_rule","20260724","885B6B5631BC73EBCD0C58AEA5A5E48ABFF9C23DB8B5A757AA2285279C590111","rbv01_2358EC0C12B602E4B7C5F9C580844910C6D49ACB512E9988307B46ECAFCD07F3","4"
"record_balanced_original_rule","20260724","889F4B52D73FA9EF5E8E7A29B5E4A10AE047762FA488DEB2744CFA14E639EF6D","rbv01_011B84DDF86961F6053ED2B20908582AF6425C6EFA13305F705F7C498093367C","1"
"record_balanced_original_rule","20260724","88BFB8A118CBB3187F1BD67F89A231D7370FD58365B909C7D19C851DA262223D","rbv01_054201B2ED3ADADFBB0028C07B1A262219631DC717FDE4862C42583AB67D10C2","1"
"record_balanced_original_rule","20260724","88FAA71E50CC4F8B644B3908EAACC579E71BCBE02FE8093EF58F6BA427AD6E3D","rbv01_2358EC0C12B602E4B7C5F9C580844910C6D49ACB512E9988307B46ECAFCD07F3","4"
"record_balanced_original_rule","20260724","891E0184FD25A2CF5A1D7BF6A08A5FA04129275E283E15244DA763EC8E9E4E0E","rbv01_0213C5737861DD256119EF44D45CD1CECAF08BA1B29FE2AD47F7CEE0237AF618","0"
"record_balanced_original_rule","20260724","893148D257FD7B0FFC6A3323660414F949FF4CC80E1B0D66D804D8CC383E217E","rbv01_011D932A057B34C28A553A7C900731E1D7B1E42FD9312A7495A3DF8ECA2AF3C9","4"
"record_balanced_original_rule","20260724","899AE4A1B45FE367D0A28B3F91A526C034C3705C2B3BB4D4B004F3DA7D8DA066","rbv01_4C51CFDB4AF8C1E97EE68AD316E14EE38D69EBF9BC08EA86615CC9553C187FB5","2"
"record_balanced_original_rule","20260724","89B1E9DD5410B81A59BC4821448A185CD1FD6846C959790ADA5DBB0737ECBA29","rbv01_011B84DDF86961F6053ED2B20908582AF6425C6EFA13305F705F7C498093367C","1"
"record_balanced_original_rule","20260724","8A112B147B4AEC5A697AF30CAFBFDA52E98994EF7AF5EA103A4E20E252F12E4C","rbv01_08EC8F274B3390CA9A557C1810F52FE38EAF9404CF035F8A1D70A5AAAFA3EA60","2"
"record_balanced_original_rule","20260724","8ACD3AD88535F3731196DD81D796B93D0BBEBAC5F896FE700A95D913D66865DC","rbv01_011B84DDF86961F6053ED2B20908582AF6425C6EFA13305F705F7C498093367C","1"
"record_balanced_original_rule","20260724","8AD04B912049222329F6ADC8DF356FCAB4CF34DAA52A769A601F312C4C67083E","rbv01_0DA9CA625518CEB3C5B20C7295004FB7CDC5BC108FF93282C63467286DA188EB","3"
"record_balanced_original_rule","20260724","8ADA53CACF27A3C4BB4F0DB641982EE6F2D597D80275A78829AC0B6CA6B12CB9","rbv01_046276E5E1EC434CD47FE2E1D4137204B7C79D59E90B81B5BFE9A77BC6C0BB54","2"
"record_balanced_original_rule","20260724","8B1E266DB6C93E4548EE9DC16894F9A7E6DC118A4A7671CAD1A7F5F16F331273","rbv01_2358EC0C12B602E4B7C5F9C580844910C6D49ACB512E9988307B46ECAFCD07F3","4"
"record_balanced_original_rule","20260724","8B294756112EE8C367063AB58448CD8BA5061AED133C1278FFA52DE6D2E01DD5","rbv01_0213C5737861DD256119EF44D45CD1CECAF08BA1B29FE2AD47F7CEE0237AF618","0"
"record_balanced_original_rule","20260724","8B6D00BB4B3D31BEAF510B13EF008F89DAD796783258A930A805F5CCB5241891","rbv01_0213C5737861DD256119EF44D45CD1CECAF08BA1B29FE2AD47F7CEE0237AF618","0"
"record_balanced_original_rule","20260724","8B7ADC6299FA9B729519F3E00DAB7AB78386D37852C546ED498269FA10C4DE8C","rbv01_011B84DDF86961F6053ED2B20908582AF6425C6EFA13305F705F7C498093367C","1"
"record_balanced_original_rule","20260724","8BD2BA6BC69394B010133B33BD94D4126CB9DDE9AEBBB6A1909C207F18018E2F","rbv01_01C322D9FB99669376EAE9C000289E1B0BF73B04313F3AF1BFE6D03B29E89068","3"
"record_balanced_original_rule","20260724","8C8ADCC5EE805FF228EBD7E9837D46BC52E39E084AB5D77B93AA9061F6A8F4E6","rbv01_011B84DDF86961F6053ED2B20908582AF6425C6EFA13305F705F7C498093367C","1"
"record_balanced_original_rule","20260724","8CA995663AD521BD881EBFCAB3673CB58E430FACC0A2D44393A1A8545784A19F","rbv01_01C322D9FB99669376EAE9C000289E1B0BF73B04313F3AF1BFE6D03B29E89068","3"
"record_balanced_original_rule","20260724","8D0F5D8F2B9CC4348508F31D4DBDFDDA6686E7FA7BDEA7A4F10458774EE90BDD","rbv01_0213C5737861DD256119EF44D45CD1CECAF08BA1B29FE2AD47F7CEE0237AF618","0"
"record_balanced_original_rule","20260724","8D2367B073C93A6B7AF1F8C302E360ACC48CBB135F2A471D241C20D256BC7DD0","rbv01_011B84DDF86961F6053ED2B20908582AF6425C6EFA13305F705F7C498093367C","1"
"record_balanced_original_rule","20260724","8D5BE5B965AE78C84F7AF39A39A4818E32874C03171F3A38140D9DA93317D993","rbv01_0213C5737861DD256119EF44D45CD1CECAF08BA1B29FE2AD47F7CEE0237AF618","0"
"record_balanced_original_rule","20260724","8DC13221CDC8A299BDF5C089A9AFA15FF408F9258F8DD381AB85FAC56C927F0C","rbv01_011B84DDF86961F6053ED2B20908582AF6425C6EFA13305F705F7C498093367C","1"
"record_balanced_original_rule","20260724","8DFD3DC5692B9F40CFC589C5E3587170DFEB95671BD1AE500463F3B3F15DE121","rbv01_054201B2ED3ADADFBB0028C07B1A262219631DC717FDE4862C42583AB67D10C2","1"
"record_balanced_original_rule","20260724","8E087950A8D3B17DDBC4234439CF1150E4FA89FAC9FDD627203B54916F942BAE","rbv01_0213C5737861DD256119EF44D45CD1CECAF08BA1B29FE2AD47F7CEE0237AF618","0"
"record_balanced_original_rule","20260724","8E2FE0379BCA69566921FB316DBA59AD90F83FCF3314764B9A9E18CF073A8FBD","rbv01_0213C5737861DD256119EF44D45CD1CECAF08BA1B29FE2AD47F7CEE0237AF618","0"
"record_balanced_original_rule","20260724","8E3BD2A0BD188A089E10E1613F4F00D6ADF2A7837AD10FE9FD457C84E4559999","rbv01_011B84DDF86961F6053ED2B20908582AF6425C6EFA13305F705F7C498093367C","1"
"record_balanced_original_rule","20260724","8EA7D97DA4254925A2D4D2FA08D53D90EA8D22BBA9A12E0D10994A3C85E47BA5","rbv01_0213C5737861DD256119EF44D45CD1CECAF08BA1B29FE2AD47F7CEE0237AF618","0"
"record_balanced_original_rule","20260724","8ED9A28FD1E99D6AAB57A56A09165645B2F9CEDCC29D59C392D023EEA19BE2B6","rbv01_2358EC0C12B602E4B7C5F9C580844910C6D49ACB512E9988307B46ECAFCD07F3","4"
"record_balanced_original_rule","20260724","8EEFDEF743BB0DE60C2186D81805DD93204A59469330D933C96795F964672D0D","rbv01_0213C5737861DD256119EF44D45CD1CECAF08BA1B29FE2AD47F7CEE0237AF618","0"
"record_balanced_original_rule","20260724","8EFB7207458F7BA2A3C43D9EE98E42B70DD5ED07B0D884A5D3A9ED9140F4C3C7","rbv01_0213C5737861DD256119EF44D45CD1CECAF08BA1B29FE2AD47F7CEE0237AF618","0"
"record_balanced_original_rule","20260724","8FB55FD05A532C990B653111AC098B695A15E680F8E285A727D45CC1C0428E1D","rbv01_0E9E0FC3E20BED0F32C5DF6A0164CCE77E206A06E5378ED855756B22A2C4F6E6","3"
"record_balanced_original_rule","20260724","8FBFBA16638DF5C68BE6030F57ED504D0902E2E0065ED14A517B7A6BA22B26B6","rbv01_2E07CE0B7A1B55DF7DB4D4392437AF0F59B5B306F82BBC43DD35B9CBA85F5BB7","1"
"record_balanced_original_rule","20260724","8FF33DA21215A8C336C541FF29354A450497EBD2C35C6EB19AD5097976D723E3","rbv01_011B84DDF86961F6053ED2B20908582AF6425C6EFA13305F705F7C498093367C","1"
"record_balanced_original_rule","20260724","90463CAA376EEA8E0CF9697C988C4F0851BF8A5F9403F2592D92294D613492DB","rbv01_011B84DDF86961F6053ED2B20908582AF6425C6EFA13305F705F7C498093367C","1"
"record_balanced_original_rule","20260724","90AEE9FAA4F0065415C4969100825A4EC85E2C0DF2BCF44FF1FEE2C730BCDD7D","rbv01_0213C5737861DD256119EF44D45CD1CECAF08BA1B29FE2AD47F7CEE0237AF618","0"
"record_balanced_original_rule","20260724","9144C0803960B48E93CFB8EF8D364ACAC34493BA8A7B9F06869130677381A3C8","rbv01_011B84DDF86961F6053ED2B20908582AF6425C6EFA13305F705F7C498093367C","1"
"record_balanced_original_rule","20260724","91B6E42F20C629F9D84CE9961CD3091D5FC24FA86448E625E05E530FD5BD836C","rbv01_011B84DDF86961F6053ED2B20908582AF6425C6EFA13305F705F7C498093367C","1"
"record_balanced_original_rule","20260724","91D7600E094FBF44D355227A17F9325BDE206AFD72E8E3DD714BE294152A6659","rbv01_011B84DDF86961F6053ED2B20908582AF6425C6EFA13305F705F7C498093367C","1"
"record_balanced_original_rule","20260724","9230E7640525F42401FC8423F2734CF80C0FA11E2C61338927E5F882EE956219","rbv01_0213C5737861DD256119EF44D45CD1CECAF08BA1B29FE2AD47F7CEE0237AF618","0"
"record_balanced_original_rule","20260724","92744507A7E4976EE7523AB813CFF3D4E8B998C81D31BB8BAF04EC93CC4B360E","rbv01_0213C5737861DD256119EF44D45CD1CECAF08BA1B29FE2AD47F7CEE0237AF618","0"
"record_balanced_original_rule","20260724","92CF7A7CFBDB00AB37841E2D54D77E2D3E9965A84F0AB708942D57CD193DC1B3","rbv01_0213C5737861DD256119EF44D45CD1CECAF08BA1B29FE2AD47F7CEE0237AF618","0"
"record_balanced_original_rule","20260724","92EFDC8A6BB36DEE83BD78E6BDF15C863F942B3ACF947CE06B7FC528B184BD63","rbv01_0213C5737861DD256119EF44D45CD1CECAF08BA1B29FE2AD47F7CEE0237AF618","0"
"record_balanced_original_rule","20260724","93029E3ADD7CA60DF7AED6F122F30CDE36489AD8DB49669DBBDBF3E23D0C49F5","rbv01_2358EC0C12B602E4B7C5F9C580844910C6D49ACB512E9988307B46ECAFCD07F3","4"
"record_balanced_original_rule","20260724","932676D0130009C414A7293C0A8AECFD19C7E70A16A44565170EC9941B1FB9B7","rbv01_054201B2ED3ADADFBB0028C07B1A262219631DC717FDE4862C42583AB67D10C2","1"
"record_balanced_original_rule","20260724","935A5BFF056F4CEECF3A0CA3F0D5E363379E0A83BA11395E40D7CEADB5E1E2A1","rbv01_0DA9CA625518CEB3C5B20C7295004FB7CDC5BC108FF93282C63467286DA188EB","3"
"record_balanced_original_rule","20260724","935FFE5428FFD057750B38420EC714D317B269F40A5B100C18D5FB9072238F44","rbv01_021729FAD057771AC5A3F59730477FE06019418FF0104B829F6E153E2D91134D","3"
"record_balanced_original_rule","20260724","93DC47FA87BC3CAAA2F54C7F7275820256854FC87D634BBA9943ABB7C830B563","rbv01_011B84DDF86961F6053ED2B20908582AF6425C6EFA13305F705F7C498093367C","1"
"record_balanced_original_rule","20260724","93EA3AFE695AB72944CE960C445216A8F7DE5E38A3EF70EBD6B001B873C9E7F5","rbv01_2358EC0C12B602E4B7C5F9C580844910C6D49ACB512E9988307B46ECAFCD07F3","4"
"record_balanced_original_rule","20260724","941DA1E93147AC449A34766BEB9E6F779F6BB7D673D56EA2500183F7D7EA99A6","rbv01_2358EC0C12B602E4B7C5F9C580844910C6D49ACB512E9988307B46ECAFCD07F3","4"
"record_balanced_original_rule","20260724","9431525AF974BF8AE9A617E873DFE987B3462CE89EF52826ED563590B48713B2","rbv01_011B84DDF86961F6053ED2B20908582AF6425C6EFA13305F705F7C498093367C","1"
"record_balanced_original_rule","20260724","94403B00F4C27692A15471785DEC4558C6E4441D298D1CD27E5DD15A09F50958","rbv01_0213C5737861DD256119EF44D45CD1CECAF08BA1B29FE2AD47F7CEE0237AF618","0"
"record_balanced_original_rule","20260724","9456034CBD939EFD3C631CBF990E9900B8D100408C444146AEAD0DBC4F117AA5","rbv01_0E9E0FC3E20BED0F32C5DF6A0164CCE77E206A06E5378ED855756B22A2C4F6E6","3"
"record_balanced_original_rule","20260724","9472CCFC458432F0245782DF81EF3CCC162727EB2B663D6D2ABD7325BF9EDEBA","rbv01_0213C5737861DD256119EF44D45CD1CECAF08BA1B29FE2AD47F7CEE0237AF618","0"
"record_balanced_original_rule","20260724","94BBE98B9617FFAD695B03E0D385ABA86ADE5DFC27FC99552CAB8B6E6EE39CBA","rbv01_011B84DDF86961F6053ED2B20908582AF6425C6EFA13305F705F7C498093367C","1"
"record_balanced_original_rule","20260724","94E8FE3326EDB15EAF268D32075CCC7938670F7828D1309E37FCE14727E825B5","rbv01_011B84DDF86961F6053ED2B20908582AF6425C6EFA13305F705F7C498093367C","1"
"record_balanced_original_rule","20260724","954F49615105E0169DF75A1B369CBC70F167FFFCACD17251A7A4212FC9C1BE53","rbv01_011B84DDF86961F6053ED2B20908582AF6425C6EFA13305F705F7C498093367C","1"
"record_balanced_original_rule","20260724","965B72C36BD8B554A0F7C2095B27D698627074A7DD65AF384EFEC7BC20813684","rbv01_011B84DDF86961F6053ED2B20908582AF6425C6EFA13305F705F7C498093367C","1"
"record_balanced_original_rule","20260724","967A9E25194C9B926C1EB51CFCDDEACDF2AEC9C60ACFA22F3041C33D2B4FD12E","rbv01_08EC8F274B3390CA9A557C1810F52FE38EAF9404CF035F8A1D70A5AAAFA3EA60","2"
"record_balanced_original_rule","20260724","96AD3CCF49E68431A0EBCBE695FCC44631DFA5A24E1F1ACB5E9C535E6972CA1F","rbv01_021729FAD057771AC5A3F59730477FE06019418FF0104B829F6E153E2D91134D","3"
"record_balanced_original_rule","20260724","96AD8F483A39B1F766C01826424C7A7C7756FCF851D0794C7AB35FC706DB3E27","rbv01_0E9E0FC3E20BED0F32C5DF6A0164CCE77E206A06E5378ED855756B22A2C4F6E6","3"
"record_balanced_original_rule","20260724","96B06DF71A8D9C328723CF4729DCB38E7B0CA7A11605FCED7909AD6990EE0DED","rbv01_011B84DDF86961F6053ED2B20908582AF6425C6EFA13305F705F7C498093367C","1"
"record_balanced_original_rule","20260724","96BF9EEC71C3D8BFDA0879DFDB0A3B638521E633CEF973318E9E8AF06FECD1BD","rbv01_2E07CE0B7A1B55DF7DB4D4392437AF0F59B5B306F82BBC43DD35B9CBA85F5BB7","1"
"record_balanced_original_rule","20260724","96CC1BF094805E6DBB1D499E797637D017363A2616D9FD77CBCD370057B124A5","rbv01_021729FAD057771AC5A3F59730477FE06019418FF0104B829F6E153E2D91134D","3"
"record_balanced_original_rule","20260724","97275CF486F7243A55298CE3E8C80F6FB7C2834FC83F8C0A22D8CDEE58328F7C","rbv01_011B84DDF86961F6053ED2B20908582AF6425C6EFA13305F705F7C498093367C","1"
"record_balanced_original_rule","20260724","974AA12B016201D6FAF186D688B35D72ECB70F6ABD5B8013C11599F96E5D1C0B","rbv01_021729FAD057771AC5A3F59730477FE06019418FF0104B829F6E153E2D91134D","3"
"record_balanced_original_rule","20260724","989F989BB3E2A76DC8D6FD3AF1CC1C5F53D56C556DBA6E94DAAE8A34207308C3","rbv01_08EC8F274B3390CA9A557C1810F52FE38EAF9404CF035F8A1D70A5AAAFA3EA60","2"
"record_balanced_original_rule","20260724","98CE880F8E208D7E8F19E48AAB152230CD7A3F825A669EE41A7B2C5AAC470847","rbv01_011B84DDF86961F6053ED2B20908582AF6425C6EFA13305F705F7C498093367C","1"
"record_balanced_original_rule","20260724","993DD9019DE3A63CBC2CFA11871F4A8D1177C11E9F2D8D500EBED6FDF5513970","rbv01_08EC8F274B3390CA9A557C1810F52FE38EAF9404CF035F8A1D70A5AAAFA3EA60","2"
"record_balanced_original_rule","20260724","996F7E2BCF4156C3C40B6BF50230E04FA4B8633A44EBAD8DF9B946848B7BF911","rbv01_011B84DDF86961F6053ED2B20908582AF6425C6EFA13305F705F7C498093367C","1"
"record_balanced_original_rule","20260724","9978A3D9F2C007B814433CCCF551876A3F2BE07803E58DF5790F0BF71B95A4F3","rbv01_011B84DDF86961F6053ED2B20908582AF6425C6EFA13305F705F7C498093367C","1"
"record_balanced_original_rule","20260724","99BEE47E926F5C197166A27C03EA73070890451C2E941F4B5F212DD4A8ABEE7F","rbv01_01C322D9FB99669376EAE9C000289E1B0BF73B04313F3AF1BFE6D03B29E89068","3"
"record_balanced_original_rule","20260724","99C2D87E3AC1A70712BAECA49F2B90424C2CCBD7DC5BDA399A0E0E53F5E6FA95","rbv01_25A206590D1048D18147FD26B701861897281071258782AED6A00779FFF7210A","1"
"record_balanced_original_rule","20260724","99D2EDF93FA5DF3EDDEEE8E76424E57BE5A0F979A0F40AF8748AD39BFB7D4783","rbv01_021729FAD057771AC5A3F59730477FE06019418FF0104B829F6E153E2D91134D","3"
"record_balanced_original_rule","20260724","9A4EDE29DC7D57B746DA089725C2CA147311764FE784F915DA9AF42311096FF5","rbv01_01C322D9FB99669376EAE9C000289E1B0BF73B04313F3AF1BFE6D03B29E89068","3"
"record_balanced_original_rule","20260724","9A6EB222721A4B3AFB8A6907BADD79B05988DE825E93E45A20478B47AF65EA1C","rbv01_011B84DDF86961F6053ED2B20908582AF6425C6EFA13305F705F7C498093367C","1"
"record_balanced_original_rule","20260724","9AE244575472CEB614CE97F37476AE02D1582E47E44D3A8AE6B6A14DDE83377A","rbv01_147C763D2DD7A735DC5DA68C31ECD7579510C8C8494E1BBB99D46B386B713D84","4"
"record_balanced_original_rule","20260724","9AEB2C9AB7668AECFD219A43B3553F9C0C0D44F7513541BE452EE9D2F385A89B","rbv01_011B84DDF86961F6053ED2B20908582AF6425C6EFA13305F705F7C498093367C","1"
"record_balanced_original_rule","20260724","9B409D08D4F7DF4F100BEB9D526A01CCFF66F55895040F1649A1793FB6BE6A27","rbv01_0E9E0FC3E20BED0F32C5DF6A0164CCE77E206A06E5378ED855756B22A2C4F6E6","3"
"record_balanced_original_rule","20260724","9BC61785CCFF4F5A3023D44E81BD5FBA0459D924693C6CAFACD77B673D54CE0C","rbv01_011B84DDF86961F6053ED2B20908582AF6425C6EFA13305F705F7C498093367C","1"
"record_balanced_original_rule","20260724","9BE6D8B513D4AEE0E44A0EA7D1D64F9005E4D5FA148A5875434B3768B348526F","rbv01_011B84DDF86961F6053ED2B20908582AF6425C6EFA13305F705F7C498093367C","1"
"record_balanced_original_rule","20260724","9BF4B873F61C85C5CFCBF3E28C06C55E460DB91115B4900F24B2267F4B89F7F7","rbv01_011B84DDF86961F6053ED2B20908582AF6425C6EFA13305F705F7C498093367C","1"
"record_balanced_original_rule","20260724","9CDE208E1774B95E20C26DDC5A05032155DAA99CAF37297475EB6877BF5D9E6C","rbv01_011B84DDF86961F6053ED2B20908582AF6425C6EFA13305F705F7C498093367C","1"
"record_balanced_original_rule","20260724","9CE4990F4468E8CA1A30D72782D89C31EE02F25547376564F6E00DDEA4C50E15","rbv01_011D932A057B34C28A553A7C900731E1D7B1E42FD9312A7495A3DF8ECA2AF3C9","4"
"record_balanced_original_rule","20260724","9D1D95BC7B3BB8CD662337B9D315ABBFF95A91650CFBB0A569F283020522FDDB","rbv01_0213C5737861DD256119EF44D45CD1CECAF08BA1B29FE2AD47F7CEE0237AF618","0"
"record_balanced_original_rule","20260724","9D50C4E2BFE7655BA57A8AF97F9D7297BA9230FF7237D3015886A2734660711D","rbv01_011B84DDF86961F6053ED2B20908582AF6425C6EFA13305F705F7C498093367C","1"
"record_balanced_original_rule","20260724","9E094D6A22EE73270E623A74D3921BCDC42B7EBCFA76ABDBB08F6EA171667C89","rbv01_0213C5737861DD256119EF44D45CD1CECAF08BA1B29FE2AD47F7CEE0237AF618","0"
"record_balanced_original_rule","20260724","9E0F74D47709718EAE0E82943E828C47DE8F3423B04058635BED4D9EABAEAFE2","rbv01_011B84DDF86961F6053ED2B20908582AF6425C6EFA13305F705F7C498093367C","1"
"record_balanced_original_rule","20260724","9E1F554A0A95B97E0CA4D62F9E7BAA5CF3D55DADDAECD0ECD0FCEA74E3325611","rbv01_2358EC0C12B602E4B7C5F9C580844910C6D49ACB512E9988307B46ECAFCD07F3","4"
"record_balanced_original_rule","20260724","9E294AED38242D18340C17BB55612BC399214101D26979BEBDB3928D0BD6B2BF","rbv01_01C322D9FB99669376EAE9C000289E1B0BF73B04313F3AF1BFE6D03B29E89068","3"
"record_balanced_original_rule","20260724","9EE349148B7433C58335607776CF84F62DB29A060746D726376C2718DDFAB49D","rbv01_0213C5737861DD256119EF44D45CD1CECAF08BA1B29FE2AD47F7CEE0237AF618","0"
"record_balanced_original_rule","20260724","9F16BA7CC9039F46FD172EA592109267E4CF8E0F63EBFD16763109C46036C6B8","rbv01_0213C5737861DD256119EF44D45CD1CECAF08BA1B29FE2AD47F7CEE0237AF618","0"
"record_balanced_original_rule","20260724","9F362D5DD7C83F7B68F074524A6B21E13A3A8D534211346638F9565ED29B907D","rbv01_0C68AE2824568C19A46D2947C2D1EB95DFE6E72AF600B3275A62492DFFF69BF3","3"
"record_balanced_original_rule","20260724","9F3B90D743E91CEB141A07626829FE7390543716A2DF2875078E57C09189203E","rbv01_01C322D9FB99669376EAE9C000289E1B0BF73B04313F3AF1BFE6D03B29E89068","3"
"record_balanced_original_rule","20260724","9F56327DC9136A6B454AAFD369C3D9BE77566E0C0BFF906EFAF97349EE9F0469","rbv01_0213C5737861DD256119EF44D45CD1CECAF08BA1B29FE2AD47F7CEE0237AF618","0"
"record_balanced_original_rule","20260724","9FAF203403482C0607C27C42C6120FC8817C20F743CA9B1C0F32C8A781B66D82","rbv01_01C322D9FB99669376EAE9C000289E1B0BF73B04313F3AF1BFE6D03B29E89068","3"
"record_balanced_original_rule","20260724","9FBB7975B685AACF9E57A7EE27540D3B3082599BF55B3914F11B5DAAE063C6C3","rbv01_0213C5737861DD256119EF44D45CD1CECAF08BA1B29FE2AD47F7CEE0237AF618","0"
"record_balanced_original_rule","20260724","9FEF4DAA1FA8F9DC2C4CFFA392AE4F2C70131D6ECF1F52F9959286EDD30234F6","rbv01_011B84DDF86961F6053ED2B20908582AF6425C6EFA13305F705F7C498093367C","1"
"record_balanced_original_rule","20260724","A00CF8DB35FD2BF16C89039CEB287322989D9A5DBC4E126CF84A8AF89A2F9FBD","rbv01_011B84DDF86961F6053ED2B20908582AF6425C6EFA13305F705F7C498093367C","1"
"record_balanced_original_rule","20260724","A02229A62F69D229523467E9D761C49E4B255243C54CCE3956D7C788C15AEB48","rbv01_08EC8F274B3390CA9A557C1810F52FE38EAF9404CF035F8A1D70A5AAAFA3EA60","2"
"record_balanced_original_rule","20260724","A026675FC213C116EA7B6D584A1026B358E634B8D1A5C73C71657238A9B24E3C","rbv01_0213C5737861DD256119EF44D45CD1CECAF08BA1B29FE2AD47F7CEE0237AF618","0"
"record_balanced_original_rule","20260724","A094988D3810C1636445052E51033B2B64DFAA9D112186730649765788F07785","rbv01_0213C5737861DD256119EF44D45CD1CECAF08BA1B29FE2AD47F7CEE0237AF618","0"
"record_balanced_original_rule","20260724","A0BDECBEC08B8CA56BE96CBCA952AD1F346B55E11EF34B840FEBC35FDC2B635B","rbv01_011D932A057B34C28A553A7C900731E1D7B1E42FD9312A7495A3DF8ECA2AF3C9","4"
"record_balanced_original_rule","20260724","A0E9A770206BB0D079EEF0E807E89604D9EF4EA42B8AAC4840689FB0279D17E3","rbv01_011B84DDF86961F6053ED2B20908582AF6425C6EFA13305F705F7C498093367C","1"
"record_balanced_original_rule","20260724","A129611254B45B29BE1F723940F1308A2E2132F5C5327EAFC116AD573287C377","rbv01_029BDA298EE9F6CF5E11C8E41A870100C0DF57502218FA6619B580755530C213","2"
"record_balanced_original_rule","20260724","A178871189DE7F85434B18372DC55B6D45313743570D59F0C46A88B414C218EF","rbv01_046276E5E1EC434CD47FE2E1D4137204B7C79D59E90B81B5BFE9A77BC6C0BB54","2"
"record_balanced_original_rule","20260724","A19D5F8B4C279ED3EEDA8F3CBE08754AB56784BB32F62B80A5003C8693AF25F8","rbv01_011B84DDF86961F6053ED2B20908582AF6425C6EFA13305F705F7C498093367C","1"
"record_balanced_original_rule","20260724","A1EBA7A51CB4677CC3D75B17D99A5F29EB749DD797EEACCC358C4832E663AB61","rbv01_011B84DDF86961F6053ED2B20908582AF6425C6EFA13305F705F7C498093367C","1"
"record_balanced_original_rule","20260724","A2540BBD4A04A8F4CA491AEDA11C861ECA084B5FA0FDED598221CE5E39B327F9","rbv01_021729FAD057771AC5A3F59730477FE06019418FF0104B829F6E153E2D91134D","3"
"record_balanced_original_rule","20260724","A28817D9AE3D590061F1907BDE77674C6F139174633A66C183CA5E37D9445C82","rbv01_2358EC0C12B602E4B7C5F9C580844910C6D49ACB512E9988307B46ECAFCD07F3","4"
"record_balanced_original_rule","20260724","A2B31A48B1121D0B46B56867CFC3B0221C246A334309BB1FF56C0FB5627F9BF6","rbv01_021729FAD057771AC5A3F59730477FE06019418FF0104B829F6E153E2D91134D","3"
"record_balanced_original_rule","20260724","A31FBF14CC521381726B74331187B09728C8CC0AEC645E0B1C008CDB1D4C8B79","rbv01_0213C5737861DD256119EF44D45CD1CECAF08BA1B29FE2AD47F7CEE0237AF618","0"
"record_balanced_original_rule","20260724","A342A8C19B6289AA9968296E81CAC34E6ED57ED699CF975FBEFDB8FB873F8753","rbv01_011D932A057B34C28A553A7C900731E1D7B1E42FD9312A7495A3DF8ECA2AF3C9","4"
"record_balanced_original_rule","20260724","A3566D7A7D6571F5A149F069808E2FFD84C7089999AB5B5DBEA4B040AA498FF5","rbv01_046276E5E1EC434CD47FE2E1D4137204B7C79D59E90B81B5BFE9A77BC6C0BB54","2"
"record_balanced_original_rule","20260724","A3EE792239C7B445684568BBD26CD49449A433FCAF4629840B503FBB3FD657C3","rbv01_01C322D9FB99669376EAE9C000289E1B0BF73B04313F3AF1BFE6D03B29E89068","3"
"record_balanced_original_rule","20260724","A45A0D981DC15E411A8A730F065ED2A4450522B88986DE42076FA62913C55966","rbv01_01C322D9FB99669376EAE9C000289E1B0BF73B04313F3AF1BFE6D03B29E89068","3"
"record_balanced_original_rule","20260724","A4A1A30142167D3E63853575135270BEF4B6F64B8E30C918CB9C641B8F6D8DE5","rbv01_011B84DDF86961F6053ED2B20908582AF6425C6EFA13305F705F7C498093367C","1"
"record_balanced_original_rule","20260724","A5020B604A71D846CE9EB162E024A3492E94044EE2760F5C96377349FD8B3845","rbv01_021729FAD057771AC5A3F59730477FE06019418FF0104B829F6E153E2D91134D","3"
"record_balanced_original_rule","20260724","A50B0284D4DC64BCEADB9E38CA4DF3779C2198D54A2E9132F4A69FD7F589F1EE","rbv01_011B84DDF86961F6053ED2B20908582AF6425C6EFA13305F705F7C498093367C","1"
"record_balanced_original_rule","20260724","A53DD7CE4D97EC023635AF994A24FFFB169B08F9F7783227D507F55874B782FE","rbv01_0E9E0FC3E20BED0F32C5DF6A0164CCE77E206A06E5378ED855756B22A2C4F6E6","3"
"record_balanced_original_rule","20260724","A56DFE7845D180B57AD4C32B60E788C1B646B5543F489B4BAE30F3E52C7378A0","rbv01_021729FAD057771AC5A3F59730477FE06019418FF0104B829F6E153E2D91134D","3"
"record_balanced_original_rule","20260724","A5A6AC999BBB9C6393219762984D8A9B25C1CF2A2D4E3A2B48CCAD6CA26B5D94","rbv01_0213C5737861DD256119EF44D45CD1CECAF08BA1B29FE2AD47F7CEE0237AF618","0"
"record_balanced_original_rule","20260724","A5BA79BDB38526D47E7D3DB83BEEC1CB0341B5779614CC0C3EAE317012DD7CC1","rbv01_25A206590D1048D18147FD26B701861897281071258782AED6A00779FFF7210A","1"
"record_balanced_original_rule","20260724","A694B173CC51F90D9919DBD439565A2261557CE37752DA3AD45DE8F182C5A9C8","rbv01_2358EC0C12B602E4B7C5F9C580844910C6D49ACB512E9988307B46ECAFCD07F3","4"
"record_balanced_original_rule","20260724","A6A5FE04AD499E2F8A513C5F9C7F9F53454E611A0686C82B192DC3565E51E29D","rbv01_021729FAD057771AC5A3F59730477FE06019418FF0104B829F6E153E2D91134D","3"
"record_balanced_original_rule","20260724","A6B39E4CCCD266E14329E22E184B44C3B5E471F9336AB86F6B5063971253EF4F","rbv01_01C322D9FB99669376EAE9C000289E1B0BF73B04313F3AF1BFE6D03B29E89068","3"
"record_balanced_original_rule","20260724","A6D3F09F58CACD9A105956CDE5D46CAF31CA0671FD2B965FD4521A2EB05CE80B","rbv01_0E9E0FC3E20BED0F32C5DF6A0164CCE77E206A06E5378ED855756B22A2C4F6E6","3"
"record_balanced_original_rule","20260724","A6F6ADB62D7854164181E3F53C781C0596810450B6BBD2D78F3CBA2D3F4BD375","rbv01_011B84DDF86961F6053ED2B20908582AF6425C6EFA13305F705F7C498093367C","1"
"record_balanced_original_rule","20260724","A7242C71450DFE4C9F6516F79D3E00888AD68314435F9221E82E3BFFD7BFB941","rbv01_0E9E0FC3E20BED0F32C5DF6A0164CCE77E206A06E5378ED855756B22A2C4F6E6","3"
"record_balanced_original_rule","20260724","A75CBAF883526AD3EE84C3467D5958568225690F4519303FD58E18D53699E9C9","rbv01_011B84DDF86961F6053ED2B20908582AF6425C6EFA13305F705F7C498093367C","1"
"record_balanced_original_rule","20260724","A7AEDB9ADAEC5EFA654038B3B350AC8BB9ABCF5A84785FA1FE635B6E2A1DDEDB","rbv01_011B84DDF86961F6053ED2B20908582AF6425C6EFA13305F705F7C498093367C","1"
"record_balanced_original_rule","20260724","A8250C60F6976A49EEFC3BE2A8017C21CE7A8777B0FA994CB4DEAF4B51A4CAB3","rbv01_0213C5737861DD256119EF44D45CD1CECAF08BA1B29FE2AD47F7CEE0237AF618","0"
"record_balanced_original_rule","20260724","A857D6C962A1BB8A30AA42EF52223204FE49A5FD357CDF3D30CD0CCC159F7782","rbv01_0213C5737861DD256119EF44D45CD1CECAF08BA1B29FE2AD47F7CEE0237AF618","0"
"record_balanced_original_rule","20260724","A85985AFD9787B9471DE1718399A26426312CB22045B5875B628AC7B1755E6E2","rbv01_021729FAD057771AC5A3F59730477FE06019418FF0104B829F6E153E2D91134D","3"
"record_balanced_original_rule","20260724","A8FB89FCBB715862E336B4554EF21B1C2C40EFBE0889EC4AE5DDC6270BD84D84","rbv01_021729FAD057771AC5A3F59730477FE06019418FF0104B829F6E153E2D91134D","3"
"record_balanced_original_rule","20260724","A900525F615C6EA901B005920CBB90465784D92E2C6FA6123B30963A6EBC557C","rbv01_0E9E0FC3E20BED0F32C5DF6A0164CCE77E206A06E5378ED855756B22A2C4F6E6","3"
"record_balanced_original_rule","20260724","A9FE8E8891E83371DB9900D5341EF1E7DD8BAF2C77E6838FDBD874A1196E3839","rbv01_01C322D9FB99669376EAE9C000289E1B0BF73B04313F3AF1BFE6D03B29E89068","3"
"record_balanced_original_rule","20260724","AA2168DCA96C9A68C56FB8DEE1273CF3453B6EED916BA3843C1AD4BEBD07DF89","rbv01_011B84DDF86961F6053ED2B20908582AF6425C6EFA13305F705F7C498093367C","1"
"record_balanced_original_rule","20260724","AA34DC06B546A5EBB289CA8683E31E711E577F368184C87AFBABD4E096978F0E","rbv01_0213C5737861DD256119EF44D45CD1CECAF08BA1B29FE2AD47F7CEE0237AF618","0"
"record_balanced_original_rule","20260724","AA715982F79C850C8196EB84DD84E8347AA8321A82031E1016D45BA6D2DAA2A3","rbv01_01C322D9FB99669376EAE9C000289E1B0BF73B04313F3AF1BFE6D03B29E89068","3"
"record_balanced_original_rule","20260724","AA8584CE275124EC11DDF0DE314B6EA9723B689214A0C1F0B246ADDE992F590A","rbv01_021729FAD057771AC5A3F59730477FE06019418FF0104B829F6E153E2D91134D","3"
"record_balanced_original_rule","20260724","AAC2A801563F3D58E4290EFB2E9CF97DADD187949955C9C6EEAB72D43F7B1147","rbv01_0213C5737861DD256119EF44D45CD1CECAF08BA1B29FE2AD47F7CEE0237AF618","0"
"record_balanced_original_rule","20260724","AADAE32213B79CEC5C017C126403033CD07288D85FD723A98A29874B774A99C1","rbv01_011B84DDF86961F6053ED2B20908582AF6425C6EFA13305F705F7C498093367C","1"
"record_balanced_original_rule","20260724","AB339D8E020767FCFF4474FAE669B20D7067C901F503EB50DEFD2CF4E69B33E6","rbv01_0213C5737861DD256119EF44D45CD1CECAF08BA1B29FE2AD47F7CEE0237AF618","0"
"record_balanced_original_rule","20260724","AB41398641C12C9408E69857A4C231D30D2A92962FD29AAE008D43DC9CADDA0E","rbv01_08EC8F274B3390CA9A557C1810F52FE38EAF9404CF035F8A1D70A5AAAFA3EA60","2"
"record_balanced_original_rule","20260724","AB52920C056BC3D626F45523B472C65C44FCA9DC9A623EA5457683E94132C1BC","rbv01_0213C5737861DD256119EF44D45CD1CECAF08BA1B29FE2AD47F7CEE0237AF618","0"
"record_balanced_original_rule","20260724","AB9017B74EDBA5356EFD2EC657C83D9D19B7ADA73C33B879061587D492AF1944","rbv01_011B84DDF86961F6053ED2B20908582AF6425C6EFA13305F705F7C498093367C","1"
"record_balanced_original_rule","20260724","ABB876EB13648B1298D139D4922374C58C19A4BDF29FDCE7D987BD3D3368992B","rbv01_01C322D9FB99669376EAE9C000289E1B0BF73B04313F3AF1BFE6D03B29E89068","3"
"record_balanced_original_rule","20260724","AC6FE594DD7ECB18A1B6E73786A79CB0FFFA5A656955D4AC61673767B15F9B9E","rbv01_021729FAD057771AC5A3F59730477FE06019418FF0104B829F6E153E2D91134D","3"
"record_balanced_original_rule","20260724","AC74F5EDBB316F0065CBBD7BACBFC9BA5698CC5DE0C466E34D85E3DD672994C4","rbv01_0213C5737861DD256119EF44D45CD1CECAF08BA1B29FE2AD47F7CEE0237AF618","0"
"record_balanced_original_rule","20260724","AC7E8AC1FBFB912D1FFFD4F44CCCB54CA00E3286DEC1FC355EA9713F7AE1ABF0","rbv01_0213C5737861DD256119EF44D45CD1CECAF08BA1B29FE2AD47F7CEE0237AF618","0"
"record_balanced_original_rule","20260724","AC96EDC92C16AE974D029E7C3EC79830377200F2AD647CB0839E57426654CC9D","rbv01_0213C5737861DD256119EF44D45CD1CECAF08BA1B29FE2AD47F7CEE0237AF618","0"
"record_balanced_original_rule","20260724","ACAB98F0C12CC6F991436AEB48A300F67A86445A6510BFF2C8E8768AA9C33BC4","rbv01_0213C5737861DD256119EF44D45CD1CECAF08BA1B29FE2AD47F7CEE0237AF618","0"
"record_balanced_original_rule","20260724","ACEBCF22CAEF9C9C02F0786C289750F766EFD28E1BFFD1F02B61CE569FE2E580","rbv01_011B84DDF86961F6053ED2B20908582AF6425C6EFA13305F705F7C498093367C","1"
"record_balanced_original_rule","20260724","AD7CD4A46FC4EE7DE1D8AB6389CF8611CDCC6BEACDA38C4B07156D5345D23070","rbv01_011B84DDF86961F6053ED2B20908582AF6425C6EFA13305F705F7C498093367C","1"
"record_balanced_original_rule","20260724","ADF32FABCAC2700D763411EB6FA3EFE78D894E5EA5E2F441B74E7F3C399A302C","rbv01_011B84DDF86961F6053ED2B20908582AF6425C6EFA13305F705F7C498093367C","1"
"record_balanced_original_rule","20260724","AE060FBBAB2E247C0B79C1F9B6565EAB1F4C889FEAA03B7B0BDABEEFB7FAEADC","rbv01_0213C5737861DD256119EF44D45CD1CECAF08BA1B29FE2AD47F7CEE0237AF618","0"
"record_balanced_original_rule","20260724","AE06FDB7F5581A7D50CB291B4BC504907018DBF91EEBFD748519E5114196B99B","rbv01_0213C5737861DD256119EF44D45CD1CECAF08BA1B29FE2AD47F7CEE0237AF618","0"
"record_balanced_original_rule","20260724","AE457019834DE2438EADCFDB7A45B3BA5F9FE533B0667F6E368E1FC3002435FE","rbv01_0DA9CA625518CEB3C5B20C7295004FB7CDC5BC108FF93282C63467286DA188EB","3"
"record_balanced_original_rule","20260724","AF0D75317982A0E738A58779CB4D71BA4C5D3CC26F032C2E6EFE98B3DC8C3EDB","rbv01_021729FAD057771AC5A3F59730477FE06019418FF0104B829F6E153E2D91134D","3"
"record_balanced_original_rule","20260724","AF33E009B8494A61158C95F0369ED1017797A678F3EF0CBF663BDB55E3BBE70B","rbv01_0213C5737861DD256119EF44D45CD1CECAF08BA1B29FE2AD47F7CEE0237AF618","0"
"record_balanced_original_rule","20260724","AFE2243B4A6313F75EC08783353D54521F9F38D6D7BC9AE0D75B0701E04C5F24","rbv01_054201B2ED3ADADFBB0028C07B1A262219631DC717FDE4862C42583AB67D10C2","1"
"record_balanced_original_rule","20260724","B06E21958CD4549AACE77E83D22C28877440A8AD0AF72D91EFE3AB4CC613C029","rbv01_01C322D9FB99669376EAE9C000289E1B0BF73B04313F3AF1BFE6D03B29E89068","3"
"record_balanced_original_rule","20260724","B145D46C6B0610141563B3D6BF4900725422A6057E0042E247C6780ECF90D4D7","rbv01_0213C5737861DD256119EF44D45CD1CECAF08BA1B29FE2AD47F7CEE0237AF618","0"
"record_balanced_original_rule","20260724","B1838BAC87D0C258143D1BD324B696E54E470ECF260D0E94EEE6A4C3646A8506","rbv01_0213C5737861DD256119EF44D45CD1CECAF08BA1B29FE2AD47F7CEE0237AF618","0"
"record_balanced_original_rule","20260724","B1EE7DBE14997AD832D2E3B1D15CD7117CD0BD7441A20C2D734153ECF8F03AA4","rbv01_01C322D9FB99669376EAE9C000289E1B0BF73B04313F3AF1BFE6D03B29E89068","3"
"record_balanced_original_rule","20260724","B200D86B8772A6CDABAA7D4FC509BEF8CE48F162F95F720A2D1CC39AE8ABDEAB","rbv01_0E9E0FC3E20BED0F32C5DF6A0164CCE77E206A06E5378ED855756B22A2C4F6E6","3"
"record_balanced_original_rule","20260724","B29953F7D4F0FA8CF6F15E29AB86FE99E389F8361C845BFC072A8D925C96ED7D","rbv01_054201B2ED3ADADFBB0028C07B1A262219631DC717FDE4862C42583AB67D10C2","1"
"record_balanced_original_rule","20260724","B2A91EA5E1E20CDD45E2A6DBD5221F4C2BCF3CEBB9C561698EE5E95C5382BA47","rbv01_011B84DDF86961F6053ED2B20908582AF6425C6EFA13305F705F7C498093367C","1"
"record_balanced_original_rule","20260724","B2CD5F47D035F19D6E0133B9749EAC1E83AB88C02CE3862A36E707B74BC4904C","rbv01_011B84DDF86961F6053ED2B20908582AF6425C6EFA13305F705F7C498093367C","1"
"record_balanced_original_rule","20260724","B348C9E6BEE2B307688E043EB498EBA86B6279660BAA6972D34F1611A092DB08","rbv01_011D932A057B34C28A553A7C900731E1D7B1E42FD9312A7495A3DF8ECA2AF3C9","4"
"record_balanced_original_rule","20260724","B3759A0C61400E55ACF97C46DD8E1338BC2E1D1BAF23760B330329772F508D56","rbv01_0A5AC21E5BA740588E2CBBCCF2F521223BEEC9FB27076F153A79601562B5DA7C","3"
"record_balanced_original_rule","20260724","B37AE0189199B24FD4C49D8EAFA64FAAC75B65B904402B44678B8D937FCE973A","rbv01_021729FAD057771AC5A3F59730477FE06019418FF0104B829F6E153E2D91134D","3"
"record_balanced_original_rule","20260724","B39F4EC3413F813DE60B2E85C96D8B1911D848DC8C7736BB3A3CB27B6F27F92E","rbv01_054201B2ED3ADADFBB0028C07B1A262219631DC717FDE4862C42583AB67D10C2","1"
"record_balanced_original_rule","20260724","B3CA2613D5C3FE50D6A832EFB117A99A0448C3350EE0535E440154F6EF143A8B","rbv01_011B84DDF86961F6053ED2B20908582AF6425C6EFA13305F705F7C498093367C","1"
"record_balanced_original_rule","20260724","B519ECCDF65739257F48A201228250169491DB87668182427D58C9969E0FF76B","rbv01_046276E5E1EC434CD47FE2E1D4137204B7C79D59E90B81B5BFE9A77BC6C0BB54","2"
"record_balanced_original_rule","20260724","B5741EADFFB6C447500186972531336C960E3B33523732AE2514BFE0FE5801DD","rbv01_011B84DDF86961F6053ED2B20908582AF6425C6EFA13305F705F7C498093367C","1"
"record_balanced_original_rule","20260724","B5C8942EDA8C11D378B5423AD08DA153434FE3FA13BD75E891D599BE6D0EE1A9","rbv01_76BCAA01B24B5B79F90CBEA55222EB028CC0DA3AC4CAD5CF5008C6EE1291E4FC","0"
"record_balanced_original_rule","20260724","B5F2C01FB2A7D3B67FE58B77FAE8319DB2F4745B234630C40F8D2807F1EA6BFD","rbv01_0C68AE2824568C19A46D2947C2D1EB95DFE6E72AF600B3275A62492DFFF69BF3","3"
"record_balanced_original_rule","20260724","B6EEDBC7569A107C2A6A8061EAB3FBDBF15FDDF94B81CE3FDF4CA5EC83431154","rbv01_011B84DDF86961F6053ED2B20908582AF6425C6EFA13305F705F7C498093367C","1"
"record_balanced_original_rule","20260724","B7EBC5F16557717928BFAA68B4AE69586AAA0B2C26F157F2614161FAAC407C7F","rbv01_2358EC0C12B602E4B7C5F9C580844910C6D49ACB512E9988307B46ECAFCD07F3","4"
"record_balanced_original_rule","20260724","B8100B810C31F4477DBAA22FF74BD4FEB089626D057AD5A5B625ADEB3FC58842","rbv01_2358EC0C12B602E4B7C5F9C580844910C6D49ACB512E9988307B46ECAFCD07F3","4"
"record_balanced_original_rule","20260724","B86659A0E2D9B5BA88BA985BE047EF9A47252D224C31573B33CF1A23BC22A03B","rbv01_08EC8F274B3390CA9A557C1810F52FE38EAF9404CF035F8A1D70A5AAAFA3EA60","2"
"record_balanced_original_rule","20260724","B868B875CC1AA88D1796EDF1F4B51F7D67F8EE095EBAE40D3AE5129225D8DFDF","rbv01_011B84DDF86961F6053ED2B20908582AF6425C6EFA13305F705F7C498093367C","1"
"record_balanced_original_rule","20260724","B8F019C4D99BE1379301DB1F13A7F76D968564E34A078592DF03119F4B70438A","rbv01_0213C5737861DD256119EF44D45CD1CECAF08BA1B29FE2AD47F7CEE0237AF618","0"
"record_balanced_original_rule","20260724","B93A04708485D4EC46BB9191716C5BC32A292BF37BA4FBB35BFB3F1AA95CFE9A","rbv01_1A2E259AFB28A34C9C6E003C355FAC70F5755F63B27530053ACE4BA8A31F3C72","4"
"record_balanced_original_rule","20260724","B94154C8899CFBEC4230E47BA20C4D8424D8473764034D77FC9D0A1EDA884548","rbv01_011B84DDF86961F6053ED2B20908582AF6425C6EFA13305F705F7C498093367C","1"
"record_balanced_original_rule","20260724","B94D8856A497C9A6DB9B4C2779EC59EB2691D760CAA26895730BE0BE602B40A8","rbv01_011B84DDF86961F6053ED2B20908582AF6425C6EFA13305F705F7C498093367C","1"
"record_balanced_original_rule","20260724","B9BD7EB4F5BD12D41795C4CE132116A980B7E7733D8B7165B7C3B2642F076E18","rbv01_0213C5737861DD256119EF44D45CD1CECAF08BA1B29FE2AD47F7CEE0237AF618","0"
"record_balanced_original_rule","20260724","B9BD9565C71BA9B0497C0941CFBC60B2B14BD87260FB308D63D43B4C0D637EDF","rbv01_011B84DDF86961F6053ED2B20908582AF6425C6EFA13305F705F7C498093367C","1"
"record_balanced_original_rule","20260724","B9D724760C86604BBB0864C4AA14987C209A32E35A60D266151B006A2E5008AE","rbv01_0E9E0FC3E20BED0F32C5DF6A0164CCE77E206A06E5378ED855756B22A2C4F6E6","3"
"record_balanced_original_rule","20260724","B9D9A2E1C4B4CD247E864EBD7E2812FDA455003AC283FE1B222F923FD58B19FC","rbv01_0213C5737861DD256119EF44D45CD1CECAF08BA1B29FE2AD47F7CEE0237AF618","0"
"record_balanced_original_rule","20260724","BA4F1B10819A8F9E97119CC5D7076594BC81BCB8B817E983D5377B0B84C40D41","rbv01_046276E5E1EC434CD47FE2E1D4137204B7C79D59E90B81B5BFE9A77BC6C0BB54","2"
"record_balanced_original_rule","20260724","BAA06761F485A4ABA9AE803C1E5945748AFA196FA102FB05F99C3BF5E2038016","rbv01_08EC8F274B3390CA9A557C1810F52FE38EAF9404CF035F8A1D70A5AAAFA3EA60","2"
"record_balanced_original_rule","20260724","BB53F7CAC1B5EFF06D4D271BEB7D4376A80ACFB147C128F3032AE94D703C27E6","rbv01_011B84DDF86961F6053ED2B20908582AF6425C6EFA13305F705F7C498093367C","1"
"record_balanced_original_rule","20260724","BB540B24F63759F19B2A8272AC569D12A6AADE54ADB3A9E9D53897FBFD4941BB","rbv01_0E9E0FC3E20BED0F32C5DF6A0164CCE77E206A06E5378ED855756B22A2C4F6E6","3"
"record_balanced_original_rule","20260724","BB79574A85B67E96D8D51BFFCE53004FC56EA9E7419BC27D155E73DB77300407","rbv01_011B84DDF86961F6053ED2B20908582AF6425C6EFA13305F705F7C498093367C","1"
"record_balanced_original_rule","20260724","BB7E305C33C5A679AB9A6E999CDB56EAC15AE4B74DC7DDD941093AE731C4592B","rbv01_011D932A057B34C28A553A7C900731E1D7B1E42FD9312A7495A3DF8ECA2AF3C9","4"
"record_balanced_original_rule","20260724","BB861A32BF81583BC93DCF9202EC1749E18A6B3F55BF3A8736329AB89A38B6E7","rbv01_011B84DDF86961F6053ED2B20908582AF6425C6EFA13305F705F7C498093367C","1"
"record_balanced_original_rule","20260724","BB9CA604639983710E38AF2634203CD47193835B57165344FC8077DDDB5D4FC5","rbv01_2358EC0C12B602E4B7C5F9C580844910C6D49ACB512E9988307B46ECAFCD07F3","4"
"record_balanced_original_rule","20260724","BBA485F1B43AE7780C35E46FC658849FC877F626FF3B0C114C5A25BD83C36800","rbv01_01C322D9FB99669376EAE9C000289E1B0BF73B04313F3AF1BFE6D03B29E89068","3"
"record_balanced_original_rule","20260724","BBB218297BA7A0CA2DCEB9981A9878288D21364396EF071F5F0938E446211BEB","rbv01_021729FAD057771AC5A3F59730477FE06019418FF0104B829F6E153E2D91134D","3"
"record_balanced_original_rule","20260724","BBF3D6E7C1884A3AE2175E051614292C2F30A4B609072AF20182038BAEC747FE","rbv01_054201B2ED3ADADFBB0028C07B1A262219631DC717FDE4862C42583AB67D10C2","1"
"record_balanced_original_rule","20260724","BC108F1A9D8E57900D11637C16F7EB73251D901E7C21452F3569F9BDB00F1D5A","rbv01_021729FAD057771AC5A3F59730477FE06019418FF0104B829F6E153E2D91134D","3"
"record_balanced_original_rule","20260724","BC17A649667C68A0D97BA413FA5CD94AADA0571F0648298DC32E2D81DF818289","rbv01_0213C5737861DD256119EF44D45CD1CECAF08BA1B29FE2AD47F7CEE0237AF618","0"
"record_balanced_original_rule","20260724","BC59AB749AF1DCD339D13991C02EA8906D3AD95744F19773A9A9F7CF9F9E1C27","rbv01_011B84DDF86961F6053ED2B20908582AF6425C6EFA13305F705F7C498093367C","1"
"record_balanced_original_rule","20260724","BCC2CD5F0D3647BBF209E6EB9A41289EEAD47E5D2823FB7348E594E67D9FDDF2","rbv01_011B84DDF86961F6053ED2B20908582AF6425C6EFA13305F705F7C498093367C","1"
"record_balanced_original_rule","20260724","BD0215C009B94F443FBB7C13314D0698576F1E924DD98C10D1BF6EA4EE2A5B27","rbv01_0213C5737861DD256119EF44D45CD1CECAF08BA1B29FE2AD47F7CEE0237AF618","0"
"record_balanced_original_rule","20260724","BDDE832A1AB36BBB98D1729FFE9D170B71D1C7855D714105EE36F49DAA5130C6","rbv01_011B84DDF86961F6053ED2B20908582AF6425C6EFA13305F705F7C498093367C","1"
"record_balanced_original_rule","20260724","BDEC379DE72E119131CCD9A28E283FF0DEB5D4EE1C8A8327467A365F1A8DC98D","rbv01_021729FAD057771AC5A3F59730477FE06019418FF0104B829F6E153E2D91134D","3"
"record_balanced_original_rule","20260724","BE1142D58C43A688F6B2D06F3F208781610B34DC0FE9EC96C2C95A721F86252D","rbv01_011B84DDF86961F6053ED2B20908582AF6425C6EFA13305F705F7C498093367C","1"
"record_balanced_original_rule","20260724","BE3CBACB270E7D8402567193A0B8DFE5B222A18115E5E051661A41E4C7224047","rbv01_011B84DDF86961F6053ED2B20908582AF6425C6EFA13305F705F7C498093367C","1"
"record_balanced_original_rule","20260724","BF13459ED4C51FC764B8D32D8DC7E945F652AB995DED7EC5BF054B273AB00E8F","rbv01_0213C5737861DD256119EF44D45CD1CECAF08BA1B29FE2AD47F7CEE0237AF618","0"
"record_balanced_original_rule","20260724","C099836BC703D927F83DDE65F456933C8F1A94EB40993699CAFA1089989225B7","rbv01_0213C5737861DD256119EF44D45CD1CECAF08BA1B29FE2AD47F7CEE0237AF618","0"
"record_balanced_original_rule","20260724","C18EA628946D04F2EC112F1CF72E8344E0DF3EB19712BA76CC7E85737851D2ED","rbv01_2358EC0C12B602E4B7C5F9C580844910C6D49ACB512E9988307B46ECAFCD07F3","4"
"record_balanced_original_rule","20260724","C1C2010C013730168967BCC65E0D421A7D28D6DC093D274B3BA75B67BB461EC4","rbv01_0213C5737861DD256119EF44D45CD1CECAF08BA1B29FE2AD47F7CEE0237AF618","0"
"record_balanced_original_rule","20260724","C1FF16F877F184D1345F0716C0D36A443D54121CA683A5AD4D7CE9A4C9C1FCEC","rbv01_0D49377FA046416BEACFBB00B72B25CF04B27FCDD1DFA22E7E8C3ECE070E08F2","4"
"record_balanced_original_rule","20260724","C2E9A284B53A07C539ABE6167C643B459414F42D225BFD9C0F63896281626D91","rbv01_011B84DDF86961F6053ED2B20908582AF6425C6EFA13305F705F7C498093367C","1"
"record_balanced_original_rule","20260724","C32126F322122558C66377512853B4D6C0B06A49B4EB41A226ECE9FE5C842AD5","rbv01_4C51CFDB4AF8C1E97EE68AD316E14EE38D69EBF9BC08EA86615CC9553C187FB5","2"
"record_balanced_original_rule","20260724","C3876C0DA76BBFAB3CA30CBF0637C93F1955CFFB510209097FF630AA52F4DC3B","rbv01_2358EC0C12B602E4B7C5F9C580844910C6D49ACB512E9988307B46ECAFCD07F3","4"
"record_balanced_original_rule","20260724","C3D2C97E3DEC0BB5D8D8B6EC626E169FF6F7DA7C040B266616CFE0B2DB64044C","rbv01_01C322D9FB99669376EAE9C000289E1B0BF73B04313F3AF1BFE6D03B29E89068","3"
"record_balanced_original_rule","20260724","C3ECC9037D31BE4431B6E41933FCC564AD88C94968C0E087B6F9B3A85284C6CD","rbv01_046276E5E1EC434CD47FE2E1D4137204B7C79D59E90B81B5BFE9A77BC6C0BB54","2"
"record_balanced_original_rule","20260724","C3F7A6E5E0532194F9147B8BF2A22ADF5B185E9769050D0E0514582D36228137","rbv01_2358EC0C12B602E4B7C5F9C580844910C6D49ACB512E9988307B46ECAFCD07F3","4"
"record_balanced_original_rule","20260724","C4213A6EAEB15B5790B4360F2B6E218D019741654D0FA832E9B6476A24B3E85E","rbv01_01C322D9FB99669376EAE9C000289E1B0BF73B04313F3AF1BFE6D03B29E89068","3"
"record_balanced_original_rule","20260724","C46B125AA6FD16BB09E22BB23A8D872A46AC0D526525EECF48BF1BE79095577C","rbv01_011B84DDF86961F6053ED2B20908582AF6425C6EFA13305F705F7C498093367C","1"
"record_balanced_original_rule","20260724","C470F8B4B10DA4148C4CED620968FE4401AEF4244CF79E0642EA2E50861D4C97","rbv01_011B84DDF86961F6053ED2B20908582AF6425C6EFA13305F705F7C498093367C","1"
"record_balanced_original_rule","20260724","C47896C9D53550EDF40D1485D2ECF809FA4C7AAF81443C7CCFCC4FF77C902BB5","rbv01_021729FAD057771AC5A3F59730477FE06019418FF0104B829F6E153E2D91134D","3"
"record_balanced_original_rule","20260724","C4FDE08E990972AB90E02DEA79BC4406F9953968511881C7BDBDD65720740145","rbv01_011B84DDF86961F6053ED2B20908582AF6425C6EFA13305F705F7C498093367C","1"
"record_balanced_original_rule","20260724","C4FE16D78D333D24B6FB9C7EB3A8D7225EC1450F10F57F828F917B0E2615AB09","rbv01_011B84DDF86961F6053ED2B20908582AF6425C6EFA13305F705F7C498093367C","1"
"record_balanced_original_rule","20260724","C5871DAE82ABAFA71A24BAF08810AD7ED5C7C3B840159CC274C83347FA18E6A3","rbv01_011B84DDF86961F6053ED2B20908582AF6425C6EFA13305F705F7C498093367C","1"
"record_balanced_original_rule","20260724","C5F4F742403A2ACBAEBC7DE5C0689EC7635EDBEEA05A3DF0A29E8C3D50B61649","rbv01_0E9E0FC3E20BED0F32C5DF6A0164CCE77E206A06E5378ED855756B22A2C4F6E6","3"
"record_balanced_original_rule","20260724","C658CE0CFA0E8FE9D350C38887123C4659BCD299DBC1AE54BA68F164D1B8565E","rbv01_011B84DDF86961F6053ED2B20908582AF6425C6EFA13305F705F7C498093367C","1"
"record_balanced_original_rule","20260724","C675997CF2F823E3D603A0B58900E01C299127F834AF36A33AEE14BA27C9BEF4","rbv01_08EC8F274B3390CA9A557C1810F52FE38EAF9404CF035F8A1D70A5AAAFA3EA60","2"
"record_balanced_original_rule","20260724","C67620705F70632039C8225E8A46C21289DA592650AE2A36F5A407BF00821BC5","rbv01_011B84DDF86961F6053ED2B20908582AF6425C6EFA13305F705F7C498093367C","1"
"record_balanced_original_rule","20260724","C69B53FF41F92A205289CD2EB49FEB1D531505793EF182D5A729A5228B96DB90","rbv01_0213C5737861DD256119EF44D45CD1CECAF08BA1B29FE2AD47F7CEE0237AF618","0"
"record_balanced_original_rule","20260724","C6E29CBAFA5E735C159B8EFDB288D586C0E356BAB7D1D065A9E2A2E813DABE6B","rbv01_0D49377FA046416BEACFBB00B72B25CF04B27FCDD1DFA22E7E8C3ECE070E08F2","4"
"record_balanced_original_rule","20260724","C77AD87E7C3B4C46DA55DB10181B23030C10090C3DE757E8D9FAA123FAA0F97F","rbv01_011D932A057B34C28A553A7C900731E1D7B1E42FD9312A7495A3DF8ECA2AF3C9","4"
"record_balanced_original_rule","20260724","C7A781BF9A1C3FE7A3DAF10DD9D274D10FB50389FA3D4EBDF39E7A1D958DF3D0","rbv01_0E9E0FC3E20BED0F32C5DF6A0164CCE77E206A06E5378ED855756B22A2C4F6E6","3"
"record_balanced_original_rule","20260724","C7B54BDF60C92518872D1C57AEF2D3C8BDCCB3F712ACB6DE17BAC8F2D99C0A47","rbv01_011B84DDF86961F6053ED2B20908582AF6425C6EFA13305F705F7C498093367C","1"
"record_balanced_original_rule","20260724","C83EC75B022C34D3F55812FD730977C1F2AE511752744CE19605D2E51B954C1B","rbv01_0213C5737861DD256119EF44D45CD1CECAF08BA1B29FE2AD47F7CEE0237AF618","0"
"record_balanced_original_rule","20260724","C8A1B03EB686F7C8CAD3B14667DB5DFC9A4AC5430412C154D0BBE7F1CE2592E8","rbv01_011B84DDF86961F6053ED2B20908582AF6425C6EFA13305F705F7C498093367C","1"
"record_balanced_original_rule","20260724","C91589BD71C2809B016880159E0213C30A24A69C983785D5D0638F17F89CB9B6","rbv01_2358EC0C12B602E4B7C5F9C580844910C6D49ACB512E9988307B46ECAFCD07F3","4"
"record_balanced_original_rule","20260724","CA11F7BF23531F30358FC7BF01CFE7D5D2D3E1DC583FBAA509D220816FD2138C","rbv01_0213C5737861DD256119EF44D45CD1CECAF08BA1B29FE2AD47F7CEE0237AF618","0"
"record_balanced_original_rule","20260724","CA26DFBEFDE496F1EA153FE5E11E545A17F7BA36189F57C309392DFFFB1A362D","rbv01_021729FAD057771AC5A3F59730477FE06019418FF0104B829F6E153E2D91134D","3"
"record_balanced_original_rule","20260724","CAC25E66C72FAE2F2EE200CAFF349DC8202EFBAA843AEAC6D57755BF8EC5C5DD","rbv01_011B84DDF86961F6053ED2B20908582AF6425C6EFA13305F705F7C498093367C","1"
"record_balanced_original_rule","20260724","CAF19075880F62FAF8048157A1028994F27E9E95B9AE0BE97F801FB910EE227E","rbv01_0213C5737861DD256119EF44D45CD1CECAF08BA1B29FE2AD47F7CEE0237AF618","0"
"record_balanced_original_rule","20260724","CB344079F12CE6E7854BEB1B12CFCFC69D87B06F60759FBB602561B0B8F2C5A8","rbv01_046276E5E1EC434CD47FE2E1D4137204B7C79D59E90B81B5BFE9A77BC6C0BB54","2"
"record_balanced_original_rule","20260724","CBB306D563AF1475DD70483341742AD46B3DC3BB5E7397FBBEE3E7AD38F09981","rbv01_0A5AC21E5BA740588E2CBBCCF2F521223BEEC9FB27076F153A79601562B5DA7C","3"
"record_balanced_original_rule","20260724","CC1FE8BECBFA48728DF9831D4A48B906A91F0CD3C655DD332A8ABACA1DD5AE91","rbv01_25A206590D1048D18147FD26B701861897281071258782AED6A00779FFF7210A","1"
"record_balanced_original_rule","20260724","CC6B6023F88A67BD99E41B1981B0AC1D92E796BCDD5AA2CF1A0B70FA4895FD44","rbv01_0213C5737861DD256119EF44D45CD1CECAF08BA1B29FE2AD47F7CEE0237AF618","0"
"record_balanced_original_rule","20260724","CC9102A2732EF11FC0913FA7085F6FAA505F4CF73C976CBA72EE8C20AB9CADE4","rbv01_011B84DDF86961F6053ED2B20908582AF6425C6EFA13305F705F7C498093367C","1"
"record_balanced_original_rule","20260724","CCE05234A4781635373B610B3FEA0BE4C5CA371189DC43BA6576E4CC4A270BC3","rbv01_0213C5737861DD256119EF44D45CD1CECAF08BA1B29FE2AD47F7CEE0237AF618","0"
"record_balanced_original_rule","20260724","CCE1CB2CFC3C13ACA42B9D516F04CFDC1B24CF2B52E868812152B2345EBE9B4F","rbv01_0213C5737861DD256119EF44D45CD1CECAF08BA1B29FE2AD47F7CEE0237AF618","0"
"record_balanced_original_rule","20260724","CD1B62181F83E387D8E24FF67CCBD8A1E11BA5AD8970337517DB9317DE2E4874","rbv01_0213C5737861DD256119EF44D45CD1CECAF08BA1B29FE2AD47F7CEE0237AF618","0"
"record_balanced_original_rule","20260724","CD1F3C4B685E71AC58B0775AC907F7CDC0AD44EE4C9534126D696279E361F90A","rbv01_011B84DDF86961F6053ED2B20908582AF6425C6EFA13305F705F7C498093367C","1"
"record_balanced_original_rule","20260724","CD7B0849E1C2E9264C494CA00C61B16DBB847BF2CBC3464624D4D11B54F94CEB","rbv01_011B84DDF86961F6053ED2B20908582AF6425C6EFA13305F705F7C498093367C","1"
"record_balanced_original_rule","20260724","CE2557F4248198F5922C14D08246E384A04862FB5CA317E6700868FC2E2537D0","rbv01_0D49377FA046416BEACFBB00B72B25CF04B27FCDD1DFA22E7E8C3ECE070E08F2","4"
"record_balanced_original_rule","20260724","CEA55450F2602D6717293450C4FB0AB0EBEFF0210F59AFAD6885903EE9A7435E","rbv01_011B84DDF86961F6053ED2B20908582AF6425C6EFA13305F705F7C498093367C","1"
"record_balanced_original_rule","20260724","CEE3D488D361FABD5E13DA86AF2CD985FD52ABB6A62DFCF520752F25F7F008C9","rbv01_054201B2ED3ADADFBB0028C07B1A262219631DC717FDE4862C42583AB67D10C2","1"
"record_balanced_original_rule","20260724","CF4F92F197F7B829D1B13CA0A83C1D47AEE882369E3021042EDB08014733FD5C","rbv01_01C322D9FB99669376EAE9C000289E1B0BF73B04313F3AF1BFE6D03B29E89068","3"
"record_balanced_original_rule","20260724","D0110E69D722C5EFB0A0F40F12E6D49EC6A0E1F8EE6390C488F17ABEC1D35C57","rbv01_0213C5737861DD256119EF44D45CD1CECAF08BA1B29FE2AD47F7CEE0237AF618","0"
"record_balanced_original_rule","20260724","D024D5C16CC82A40BF9565D31A5E5A630A32509DDDC0A0A825D16D41D02CA37F","rbv01_011B84DDF86961F6053ED2B20908582AF6425C6EFA13305F705F7C498093367C","1"
"record_balanced_original_rule","20260724","D0E71F868DED2D54488E37688EA0490F320A02635C336ED210E91ABE86AF92AE","rbv01_08EC8F274B3390CA9A557C1810F52FE38EAF9404CF035F8A1D70A5AAAFA3EA60","2"
"record_balanced_original_rule","20260724","D0F24AA6C7D25A6C15735F248E293D5000E67C9862550D33B2EDFA1FA92FDB97","rbv01_0213C5737861DD256119EF44D45CD1CECAF08BA1B29FE2AD47F7CEE0237AF618","0"
"record_balanced_original_rule","20260724","D11954EE94AD1EAA891628A01E2A50576FE4E22655EE2F3A6882EC88EB10FF00","rbv01_0213C5737861DD256119EF44D45CD1CECAF08BA1B29FE2AD47F7CEE0237AF618","0"
"record_balanced_original_rule","20260724","D13E13989D9D572066EC50B21645248CD70EAAA6E186F74861D10A25D20A42EB","rbv01_011D932A057B34C28A553A7C900731E1D7B1E42FD9312A7495A3DF8ECA2AF3C9","4"
"record_balanced_original_rule","20260724","D14F54F5B9E0A5B5051AC7757C4A76128E9D1B38536B9FD1A4503515CE2F79B1","rbv01_011B84DDF86961F6053ED2B20908582AF6425C6EFA13305F705F7C498093367C","1"
"record_balanced_original_rule","20260724","D168C7B7A6E6EC373F71A4F1F106D40E3FDBA8C5EB600636FF7735B230443759","rbv01_011D932A057B34C28A553A7C900731E1D7B1E42FD9312A7495A3DF8ECA2AF3C9","4"
"record_balanced_original_rule","20260724","D181DD2B3B5D070839CFD1D0138DAF7E441F398AAF45E287897478354BFADA2C","rbv01_011B84DDF86961F6053ED2B20908582AF6425C6EFA13305F705F7C498093367C","1"
"record_balanced_original_rule","20260724","D26A263DD301869FCB7372BB31B02E1D37D663506189161262612EF0D95476C0","rbv01_0E9E0FC3E20BED0F32C5DF6A0164CCE77E206A06E5378ED855756B22A2C4F6E6","3"
"record_balanced_original_rule","20260724","D273CBA99AF3CF030A0DC964E6B80B7372948948414C816F0BCB074D9D53AB5E","rbv01_01C322D9FB99669376EAE9C000289E1B0BF73B04313F3AF1BFE6D03B29E89068","3"
"record_balanced_original_rule","20260724","D274464C683058BF2EE2D703BF4D13DE275A630E86C5DAF6A2EE91E402982AB9","rbv01_011B84DDF86961F6053ED2B20908582AF6425C6EFA13305F705F7C498093367C","1"
"record_balanced_original_rule","20260724","D2C4965D162FAC423C91E7418E8F0B1FD9AB929C562C6AAB168762CA4B40DE35","rbv01_2358EC0C12B602E4B7C5F9C580844910C6D49ACB512E9988307B46ECAFCD07F3","4"
"record_balanced_original_rule","20260724","D2C523D15169AF68191B44D5F1216EE245DE3E82702C3CFA27CAB8F3E43771B2","rbv01_01C322D9FB99669376EAE9C000289E1B0BF73B04313F3AF1BFE6D03B29E89068","3"
"record_balanced_original_rule","20260724","D39A17E5B7FDF333F16D26D1E33355CAC56400A2EA00120507B19B9EE0D1108A","rbv01_021729FAD057771AC5A3F59730477FE06019418FF0104B829F6E153E2D91134D","3"
"record_balanced_original_rule","20260724","D3E50F0CB1BE63063A607D3C03CDC227FAB5D696E3373CEEB165A3FFF3391083","rbv01_021729FAD057771AC5A3F59730477FE06019418FF0104B829F6E153E2D91134D","3"
"record_balanced_original_rule","20260724","D42DEB898D8B5EEB119EA3C7E184A675194B9BFC68FF6714839C111E14A0C5A3","rbv01_011B84DDF86961F6053ED2B20908582AF6425C6EFA13305F705F7C498093367C","1"
"record_balanced_original_rule","20260724","D4BF6F5B5355EADE55788320E767CAF2D3F00C82DAAB6C0474C7E6BFF6E91BE6","rbv01_046276E5E1EC434CD47FE2E1D4137204B7C79D59E90B81B5BFE9A77BC6C0BB54","2"
"record_balanced_original_rule","20260724","D5856478D52086FDDC34BE189FE45DC90DF02788C7B2899AA8124E06E22949B2","rbv01_0213C5737861DD256119EF44D45CD1CECAF08BA1B29FE2AD47F7CEE0237AF618","0"
"record_balanced_original_rule","20260724","D58D8B9680E06B6A9787187D15517C4D341652FC9C1B422893906677A266C98B","rbv01_0E9E0FC3E20BED0F32C5DF6A0164CCE77E206A06E5378ED855756B22A2C4F6E6","3"
"record_balanced_original_rule","20260724","D5A9A7EACFF32F00C11CFC6EA88250E5CFBD4357E2DA02C05BDFA7C9AAC75203","rbv01_0213C5737861DD256119EF44D45CD1CECAF08BA1B29FE2AD47F7CEE0237AF618","0"
"record_balanced_original_rule","20260724","D5F0160DDF8B7E1A062DC48C97B1A64F621535F24B90F32B3FE6810D98396424","rbv01_0E9E0FC3E20BED0F32C5DF6A0164CCE77E206A06E5378ED855756B22A2C4F6E6","3"
"record_balanced_original_rule","20260724","D6D53E83661C5EE51D894096A3F6BF030633B9D90587642284A361D3145284D9","rbv01_011B84DDF86961F6053ED2B20908582AF6425C6EFA13305F705F7C498093367C","1"
"record_balanced_original_rule","20260724","D6E3F6648F41498A302BAAEA11B7A2BC6C44FC8C1A8DFE77D9602735B7D84643","rbv01_011B84DDF86961F6053ED2B20908582AF6425C6EFA13305F705F7C498093367C","1"
"record_balanced_original_rule","20260724","D756EBF38F58013435F3227F56D8314A2EB2F231E4710B689C0C1331A89392A9","rbv01_0213C5737861DD256119EF44D45CD1CECAF08BA1B29FE2AD47F7CEE0237AF618","0"
"record_balanced_original_rule","20260724","D809BA101F51162F3BAABB24C38428E67BC5802BEC2627C3E03AB55C6CD2438D","rbv01_0213C5737861DD256119EF44D45CD1CECAF08BA1B29FE2AD47F7CEE0237AF618","0"
"record_balanced_original_rule","20260724","D816DE8FCD28544DE0EBA1B895B4E45AD75BDBB87E245CA97712F9170AD8675D","rbv01_01C322D9FB99669376EAE9C000289E1B0BF73B04313F3AF1BFE6D03B29E89068","3"
"record_balanced_original_rule","20260724","D829A5E8A5761584469072433FCFF2F4EDF34A8883EA0A033682C169380F8DFC","rbv01_08EC8F274B3390CA9A557C1810F52FE38EAF9404CF035F8A1D70A5AAAFA3EA60","2"
"record_balanced_original_rule","20260724","D8309C0B23A7624AB1BA0F233B34A7591A55DFBFD071444A7D6223B72CDC514F","rbv01_046276E5E1EC434CD47FE2E1D4137204B7C79D59E90B81B5BFE9A77BC6C0BB54","2"
"record_balanced_original_rule","20260724","D8634956B97FCABE2E58A3B3EBE21AC3A6A89CBF49E1FE063079730368A680C1","rbv01_011D932A057B34C28A553A7C900731E1D7B1E42FD9312A7495A3DF8ECA2AF3C9","4"
"record_balanced_original_rule","20260724","D8AC1F08FAACB5E65C7142B0486DE27DE1AE9EF36D9B54DF3E4162E8DCF6A3E4","rbv01_011B84DDF86961F6053ED2B20908582AF6425C6EFA13305F705F7C498093367C","1"
"record_balanced_original_rule","20260724","D92E50FC1E2ADAB1E5545B26196DD3C1FB39B2CB02C5C938EEE1B8EA91EB8971","rbv01_011D932A057B34C28A553A7C900731E1D7B1E42FD9312A7495A3DF8ECA2AF3C9","4"
"record_balanced_original_rule","20260724","D964937E6BE96D9353F4DEDBDB96AA7014F842165DE5BBA754A582AA18EE9AA3","rbv01_0213C5737861DD256119EF44D45CD1CECAF08BA1B29FE2AD47F7CEE0237AF618","0"
"record_balanced_original_rule","20260724","D97FD3F690E2192D58AD9C63FB8F836769BF8D63D8E3DB5490F483A225F851E3","rbv01_147C763D2DD7A735DC5DA68C31ECD7579510C8C8494E1BBB99D46B386B713D84","4"
"record_balanced_original_rule","20260724","D9CB92E7DD2B1A28EB350206ACAFD189EFC0A24BF995072C35C7A59AD8C6D4F4","rbv01_0213C5737861DD256119EF44D45CD1CECAF08BA1B29FE2AD47F7CEE0237AF618","0"
"record_balanced_original_rule","20260724","DA28F4487632C33CB00C52E8821A93E99738BF9EF2CF5F5FD2BD5DACE2B32E75","rbv01_011B84DDF86961F6053ED2B20908582AF6425C6EFA13305F705F7C498093367C","1"
"record_balanced_original_rule","20260724","DA87D1B20C84BDAA4FEB81B8451277C6AF990112C968DC5D74C384C37336C144","rbv01_0213C5737861DD256119EF44D45CD1CECAF08BA1B29FE2AD47F7CEE0237AF618","0"
"record_balanced_original_rule","20260724","DA8C1B25FDF1EE64F11D446274300BDF5592F7B139059ACB887CB48B22085C10","rbv01_0E9E0FC3E20BED0F32C5DF6A0164CCE77E206A06E5378ED855756B22A2C4F6E6","3"
"record_balanced_original_rule","20260724","DAB191A79F3937CEF80CB10C8EDAD30AB819D7B7A1EC945ED97DEA121B2146E2","rbv01_0E9E0FC3E20BED0F32C5DF6A0164CCE77E206A06E5378ED855756B22A2C4F6E6","3"
"record_balanced_original_rule","20260724","DAC13FF5AD273AD8D227FE070BB68E34F3E91243CAA730D1F76645444FFB63BF","rbv01_0213C5737861DD256119EF44D45CD1CECAF08BA1B29FE2AD47F7CEE0237AF618","0"
"record_balanced_original_rule","20260724","DAEEACE4EBBEB18110C37FB754679517B1A7FE241F31A8E5668E2D6390379906","rbv01_011B84DDF86961F6053ED2B20908582AF6425C6EFA13305F705F7C498093367C","1"
"record_balanced_original_rule","20260724","DB0FDB40CB323EB001B1D91D69E5B617D9AE7C9214B8AC8F5351693C50C53615","rbv01_0213C5737861DD256119EF44D45CD1CECAF08BA1B29FE2AD47F7CEE0237AF618","0"
"record_balanced_original_rule","20260724","DB5CAF2F10E70591652983B0A9A674D5E1E0A6CAFCB99BAEE295AB1492D059AE","rbv01_2358EC0C12B602E4B7C5F9C580844910C6D49ACB512E9988307B46ECAFCD07F3","4"
"record_balanced_original_rule","20260724","DB6023577266D822EE30F61EBDAAE903E90873B5C7E6B878BC88B989B3743FD1","rbv01_0213C5737861DD256119EF44D45CD1CECAF08BA1B29FE2AD47F7CEE0237AF618","0"
"record_balanced_original_rule","20260724","DBA2A9C9D31BBDEE4AE615AEF05DF801FFDE8D783038511D8418A5C2E4CC3D95","rbv01_2358EC0C12B602E4B7C5F9C580844910C6D49ACB512E9988307B46ECAFCD07F3","4"
"record_balanced_original_rule","20260724","DBB57993260E834EEB15A6981BC9455910A500A218B017DC99086C49926EFC0F","rbv01_0213C5737861DD256119EF44D45CD1CECAF08BA1B29FE2AD47F7CEE0237AF618","0"
"record_balanced_original_rule","20260724","DBD36E2A9E31A331706778808DC745B01B0DBC84928ED659EB39552DB66DA217","rbv01_011B84DDF86961F6053ED2B20908582AF6425C6EFA13305F705F7C498093367C","1"
"record_balanced_original_rule","20260724","DBFD188359B33E344DD3575A7FEF9ACF1FE1390ADC5DEB18F272F2F5BDAA24ED","rbv01_0213C5737861DD256119EF44D45CD1CECAF08BA1B29FE2AD47F7CEE0237AF618","0"
"record_balanced_original_rule","20260724","DD08863B15193FDE15029C5261CACE0781A9916CCB5F23922150C5D4FE02F260","rbv01_0213C5737861DD256119EF44D45CD1CECAF08BA1B29FE2AD47F7CEE0237AF618","0"
"record_balanced_original_rule","20260724","DD237E2522897A78EE430D05C0E17F80DAB09F45409397155B2F4D6F0180BD38","rbv01_0E9E0FC3E20BED0F32C5DF6A0164CCE77E206A06E5378ED855756B22A2C4F6E6","3"
"record_balanced_original_rule","20260724","DD2B23F31F967DE66B35A226C6484F84D8C8B41422EFD1B367744CB15F6994A2","rbv01_011B84DDF86961F6053ED2B20908582AF6425C6EFA13305F705F7C498093367C","1"
"record_balanced_original_rule","20260724","DD43E02D5CA778418A9767334CB836741E66B9EDA031AABEF626981151956467","rbv01_0E9E0FC3E20BED0F32C5DF6A0164CCE77E206A06E5378ED855756B22A2C4F6E6","3"
"record_balanced_original_rule","20260724","DD77BDEE41FF5C34708DFDFC7BF2008446A368436BAE00A79365E4C128EA8115","rbv01_24E94D68923D29AEF856F56175B9FAD71A2143AB1D61B0C7F522B1582143C11A","2"
"record_balanced_original_rule","20260724","DD9C57CC0BAB03835D7B5AC7D53B279083E442C737B89715F25C16F8CF8F1062","rbv01_046276E5E1EC434CD47FE2E1D4137204B7C79D59E90B81B5BFE9A77BC6C0BB54","2"
"record_balanced_original_rule","20260724","DD9F868A6C11AA8C89B38F17D42235636C77D51D167C7E6AFA3730C56D7C3EDC","rbv01_0213C5737861DD256119EF44D45CD1CECAF08BA1B29FE2AD47F7CEE0237AF618","0"
"record_balanced_original_rule","20260724","DE1D8D245C904B68CE8DB1516D102D16665289744931A79E20BB0A19C281B686","rbv01_011B84DDF86961F6053ED2B20908582AF6425C6EFA13305F705F7C498093367C","1"
"record_balanced_original_rule","20260724","DE3FF391F564658A93C91EFAB17A175894DB6BD3F0556331B9BD27487F2182C0","rbv01_0213C5737861DD256119EF44D45CD1CECAF08BA1B29FE2AD47F7CEE0237AF618","0"
"record_balanced_original_rule","20260724","DE7E5E6899137CAE9A7B199C673ADA5A612E1CECA597A88314B667187065F2EF","rbv01_0213C5737861DD256119EF44D45CD1CECAF08BA1B29FE2AD47F7CEE0237AF618","0"
"record_balanced_original_rule","20260724","DE98A651F2CEC87FC16A85CB4A8B80AE87F912EAE31F37D6A85779DB84F16BAB","rbv01_1A2E259AFB28A34C9C6E003C355FAC70F5755F63B27530053ACE4BA8A31F3C72","4"
"record_balanced_original_rule","20260724","DF31E0615B70C788DF08D4776C884DAF966C77010327E24F6E56F6C14028749B","rbv01_046276E5E1EC434CD47FE2E1D4137204B7C79D59E90B81B5BFE9A77BC6C0BB54","2"
"record_balanced_original_rule","20260724","DF47C97CA253340A9C8F0B691ABBEB76888CAA31AC1A5B6F06316E765E8C723C","rbv01_021729FAD057771AC5A3F59730477FE06019418FF0104B829F6E153E2D91134D","3"
"record_balanced_original_rule","20260724","E05B384AA51098E63B9810C8BD7D222243A0FB3A4150AE91000A4CD1C1FCDF91","rbv01_0213C5737861DD256119EF44D45CD1CECAF08BA1B29FE2AD47F7CEE0237AF618","0"
"record_balanced_original_rule","20260724","E09E57623295975B73F78759CA10BA593AAA8CCFFF9747860916DFD6ED4EEAF1","rbv01_0C68AE2824568C19A46D2947C2D1EB95DFE6E72AF600B3275A62492DFFF69BF3","3"
"record_balanced_original_rule","20260724","E0CD3670928525AE106B3A06A885DD15FFDEEB9E442A6018F1D73685A2B3691D","rbv01_0213C5737861DD256119EF44D45CD1CECAF08BA1B29FE2AD47F7CEE0237AF618","0"
"record_balanced_original_rule","20260724","E212D9F79128ABBB96EDDFE468D758EC2D427AE831F5B6BCD7B5704593191D39","rbv01_011B84DDF86961F6053ED2B20908582AF6425C6EFA13305F705F7C498093367C","1"
"record_balanced_original_rule","20260724","E22A0AD26EC5BA655AB29225AF2AFF772CFB634720145D73A5F019FA5C631AEB","rbv01_011B84DDF86961F6053ED2B20908582AF6425C6EFA13305F705F7C498093367C","1"
"record_balanced_original_rule","20260724","E246B7CEABA27350D6B2CA1E4F0576FF64672859ECF9744F48BBD0F5BF91A1A5","rbv01_08EC8F274B3390CA9A557C1810F52FE38EAF9404CF035F8A1D70A5AAAFA3EA60","2"
"record_balanced_original_rule","20260724","E25170032897207B1D57B8514E9D800005F4BB30800E0E35C3D0215346D1A7D7","rbv01_0E9E0FC3E20BED0F32C5DF6A0164CCE77E206A06E5378ED855756B22A2C4F6E6","3"
"record_balanced_original_rule","20260724","E2CA78A0D54B2D21E7AED63C7DBB74EBA59843F56C20E28B03BBF2123A9393AA","rbv01_011B84DDF86961F6053ED2B20908582AF6425C6EFA13305F705F7C498093367C","1"
"record_balanced_original_rule","20260724","E359383FC1A17609E2FA8EE2F11DACBE69125625A6D74F830BD6719073F2B818","rbv01_3944733A0CAA861AE1BF7F69E83315DFE9AC8D1B7B910FB105834A8D8DA25040","3"
"record_balanced_original_rule","20260724","E36F6BE8491D1F802A89DD02BDFF97453211E5A8D6E05D550249FDD5C731CE4F","rbv01_011B84DDF86961F6053ED2B20908582AF6425C6EFA13305F705F7C498093367C","1"
"record_balanced_original_rule","20260724","E41FAE599EE5F8E24A25B1C83349FE69114C135F269932E570B90FCB7E0C2067","rbv01_2358EC0C12B602E4B7C5F9C580844910C6D49ACB512E9988307B46ECAFCD07F3","4"
"record_balanced_original_rule","20260724","E42CAD3DF4347CF86E39E6ACB7DB9CEA77E4BDFAF49C1929FD4E269016E868E3","rbv01_0213C5737861DD256119EF44D45CD1CECAF08BA1B29FE2AD47F7CEE0237AF618","0"
"record_balanced_original_rule","20260724","E451F3923EC19618AAF9955AA563AAB2168BD9782BB49DCF90BFB2071402A6F8","rbv01_0213C5737861DD256119EF44D45CD1CECAF08BA1B29FE2AD47F7CEE0237AF618","0"
"record_balanced_original_rule","20260724","E46DD288B55473137F64F755EC58FC90D4A061519DBBB27F6035515B542CB2D8","rbv01_0213C5737861DD256119EF44D45CD1CECAF08BA1B29FE2AD47F7CEE0237AF618","0"
"record_balanced_original_rule","20260724","E49323691B55FCB332DDAB0DA6B6E5DE29C81416064B2F0BA210067FE0BAC637","rbv01_021729FAD057771AC5A3F59730477FE06019418FF0104B829F6E153E2D91134D","3"
"record_balanced_original_rule","20260724","E4B56AC396D6047F5BBD1565C8D6818F58334D941EC5EB060A454DD96A17C4CB","rbv01_011B84DDF86961F6053ED2B20908582AF6425C6EFA13305F705F7C498093367C","1"
"record_balanced_original_rule","20260724","E4DB8A3060E5F8D3D98602DCFA684F69561C0EFA5E4A0E072DAE34184F3D35A4","rbv01_0213C5737861DD256119EF44D45CD1CECAF08BA1B29FE2AD47F7CEE0237AF618","0"
"record_balanced_original_rule","20260724","E521C231C9D763DF15BA4FEFE0A7C20B41AF6AC72FEBB9C63218D37B3E0071C0","rbv01_08EC8F274B3390CA9A557C1810F52FE38EAF9404CF035F8A1D70A5AAAFA3EA60","2"
"record_balanced_original_rule","20260724","E59F36CD18A8FDEF11D6C01D78BE7CB10B8E1495BB0D296A840FB29A8E5763A4","rbv01_0E9E0FC3E20BED0F32C5DF6A0164CCE77E206A06E5378ED855756B22A2C4F6E6","3"
"record_balanced_original_rule","20260724","E5E3891D7FB2DC9C566D9093F6E554EA58C01D97636B7CDB94AFC78C059F2032","rbv01_054201B2ED3ADADFBB0028C07B1A262219631DC717FDE4862C42583AB67D10C2","1"
"record_balanced_original_rule","20260724","E67B8C903A50C6CF124FCA8E4B7FC3CB99181BDB0B8A1E0BC550A90BE0C0C45E","rbv01_011B84DDF86961F6053ED2B20908582AF6425C6EFA13305F705F7C498093367C","1"
"record_balanced_original_rule","20260724","E67EF7B4DD462A33D35355EF7A3B8B1413801E90CF90CABEFA677A0E0630A89B","rbv01_1A2E259AFB28A34C9C6E003C355FAC70F5755F63B27530053ACE4BA8A31F3C72","4"
"record_balanced_original_rule","20260724","E69D195B4230DAB213A806B90B115D0D7B3968D14B4BAD7EB4B49FB15D950D35","rbv01_0DA9CA625518CEB3C5B20C7295004FB7CDC5BC108FF93282C63467286DA188EB","3"
"record_balanced_original_rule","20260724","E6DBF5237E90E59E4E6CD74FAB6724E4A33E94B3A100AE58EFC87F2BE93BB6E4","rbv01_2358EC0C12B602E4B7C5F9C580844910C6D49ACB512E9988307B46ECAFCD07F3","4"
"record_balanced_original_rule","20260724","E6F94AE5F02D685DECBDDC51F6B172CB4983966F7071806E9C0360047EDABB66","rbv01_08EC8F274B3390CA9A557C1810F52FE38EAF9404CF035F8A1D70A5AAAFA3EA60","2"
"record_balanced_original_rule","20260724","E729E263CDF3C7F543B6A3494DFA83EF957EC307AE57986DDA986B57DB0D91BB","rbv01_2358EC0C12B602E4B7C5F9C580844910C6D49ACB512E9988307B46ECAFCD07F3","4"
"record_balanced_original_rule","20260724","E76BF31B3CE6ED8BC178BD526D9A95DCD2CC48FCBD9ECD1D90EE39541DFF27A7","rbv01_011B84DDF86961F6053ED2B20908582AF6425C6EFA13305F705F7C498093367C","1"
"record_balanced_original_rule","20260724","E799598E768E10ADAFD31DC1D715EEF99376FECD6F35911799BD3970EF21E2A9","rbv01_0C68AE2824568C19A46D2947C2D1EB95DFE6E72AF600B3275A62492DFFF69BF3","3"
"record_balanced_original_rule","20260724","E79B26F30D235E537051B7412C1787AB5A29BC05CD4FD561E3D12C0659247041","rbv01_011B84DDF86961F6053ED2B20908582AF6425C6EFA13305F705F7C498093367C","1"
"record_balanced_original_rule","20260724","E7B8602606CC99C6CC616DB2C94A77210052458B2D91A5DC1A809DAF369F01F1","rbv01_011B84DDF86961F6053ED2B20908582AF6425C6EFA13305F705F7C498093367C","1"
"record_balanced_original_rule","20260724","E847CA3AA584CF46562C4C10D0A89CF1C89A16A42896F4FC74BA1CA1C5B78344","rbv01_011D932A057B34C28A553A7C900731E1D7B1E42FD9312A7495A3DF8ECA2AF3C9","4"
"record_balanced_original_rule","20260724","E849CE78D91B1766FEFD3FD7C6D99088CB84710ED932C712463811303A85095E","rbv01_021729FAD057771AC5A3F59730477FE06019418FF0104B829F6E153E2D91134D","3"
"record_balanced_original_rule","20260724","E8592CB96C2B3DEC8133ADD6E91CA773892E79E1DA43CE38BAD57634C99EAB5F","rbv01_011B84DDF86961F6053ED2B20908582AF6425C6EFA13305F705F7C498093367C","1"
"record_balanced_original_rule","20260724","E8F835A38BA16A59A738591A2E589BA63BFD707AD4E62E659FB82FC98E1172D3","rbv01_2358EC0C12B602E4B7C5F9C580844910C6D49ACB512E9988307B46ECAFCD07F3","4"
"record_balanced_original_rule","20260724","E907D01B340E5320A6505866BABF1382F2B0EFCEFB644780748158FF4EE73A43","rbv01_25A206590D1048D18147FD26B701861897281071258782AED6A00779FFF7210A","1"
"record_balanced_original_rule","20260724","E95AD3BB879ECB09299C1F8976ADCB63A2137E77E02FF300135252641AF0B52A","rbv01_0DA9CA625518CEB3C5B20C7295004FB7CDC5BC108FF93282C63467286DA188EB","3"
"record_balanced_original_rule","20260724","EACC6C6EFC26ADDCDB4F96FA097950C4623D9F2C764D217A0A52EB0AF77C11F6","rbv01_021729FAD057771AC5A3F59730477FE06019418FF0104B829F6E153E2D91134D","3"
"record_balanced_original_rule","20260724","EAD9C9CB1D434C72D4A78ED36BEA28F0724C014AD887E51E501DC55B5E096606","rbv01_021729FAD057771AC5A3F59730477FE06019418FF0104B829F6E153E2D91134D","3"
"record_balanced_original_rule","20260724","EAED8AB4DD40DD10F50904618EB7150748A849D2A3C166B92D3A9C25EA18E4E6","rbv01_011B84DDF86961F6053ED2B20908582AF6425C6EFA13305F705F7C498093367C","1"
"record_balanced_original_rule","20260724","EB3B7F5B9E7CC8B3E7467913F998E6CDEC3A0553C95B8A9A0D7517C7FCF2435F","rbv01_0213C5737861DD256119EF44D45CD1CECAF08BA1B29FE2AD47F7CEE0237AF618","0"
"record_balanced_original_rule","20260724","EB5E7CB4EF87D291D7C1438CAC1D5AEAE3596577CF3AD6BE61F08AC99D5C324A","rbv01_0213C5737861DD256119EF44D45CD1CECAF08BA1B29FE2AD47F7CEE0237AF618","0"
"record_balanced_original_rule","20260724","EBD1208A158A14AA0CA7A21B7118FFB8711F3F04724EBFC43831EABAD2BD13C5","rbv01_0213C5737861DD256119EF44D45CD1CECAF08BA1B29FE2AD47F7CEE0237AF618","0"
"record_balanced_original_rule","20260724","EBD5D6705380112DC6346FF9BDEDE4A025EED3D14B81AFB5EF6A2A1842B037DD","rbv01_2358EC0C12B602E4B7C5F9C580844910C6D49ACB512E9988307B46ECAFCD07F3","4"
"record_balanced_original_rule","20260724","EC79577A9CED78FB22E68C932AEF96309581B5A8E273078603682FFA65BD7145","rbv01_2358EC0C12B602E4B7C5F9C580844910C6D49ACB512E9988307B46ECAFCD07F3","4"
"record_balanced_original_rule","20260724","EC93F9802477F1BEDACB39C6F85AA5B33C4F62697E1ADEBDC3D827D38C8F7121","rbv01_0213C5737861DD256119EF44D45CD1CECAF08BA1B29FE2AD47F7CEE0237AF618","0"
"record_balanced_original_rule","20260724","ED66BFD0BB747981271D06AAE546808BE69333C8F415A36265D48FFAD84384AE","rbv01_011B84DDF86961F6053ED2B20908582AF6425C6EFA13305F705F7C498093367C","1"
"record_balanced_original_rule","20260724","EE7A338842F10D2231287B6A699031F5493F4CEB5065979861CF8ADEDD808AB0","rbv01_011B84DDF86961F6053ED2B20908582AF6425C6EFA13305F705F7C498093367C","1"
"record_balanced_original_rule","20260724","EEAB11C775E2BD0A870D095471D87325125D88852F5EC45FEE87D1A3930721D9","rbv01_0213C5737861DD256119EF44D45CD1CECAF08BA1B29FE2AD47F7CEE0237AF618","0"
"record_balanced_original_rule","20260724","EF88F779209314CEC12600A1072E25EF52D938EBEBE9EE2506B6A8D5C421FB5E","rbv01_011B84DDF86961F6053ED2B20908582AF6425C6EFA13305F705F7C498093367C","1"
"record_balanced_original_rule","20260724","F01685EE0EB19C0DD9646956D33BE38F229C81AA2E15FDBB91E8CC16F58FB720","rbv01_25865A5FDDFF4A9F27EC5C10E5442A5D79D45CFAD482750F086BB81DD1C607F9","2"
"record_balanced_original_rule","20260724","F03B193C3BE69EA6F64919BF1E7FB76EFCE302A4EB30F8C248A1832AD3B8C668","rbv01_08EC8F274B3390CA9A557C1810F52FE38EAF9404CF035F8A1D70A5AAAFA3EA60","2"
"record_balanced_original_rule","20260724","F0B2B002D6A8D0BBB0F782A25E86170FBB4170670B6C445AB43EABA2B635D550","rbv01_01C322D9FB99669376EAE9C000289E1B0BF73B04313F3AF1BFE6D03B29E89068","3"
"record_balanced_original_rule","20260724","F0CAC88291CEAE0BB01D0CF7A1DA85A0648AB4997C7B375BDE06A457EC53B2EA","rbv01_2358EC0C12B602E4B7C5F9C580844910C6D49ACB512E9988307B46ECAFCD07F3","4"
"record_balanced_original_rule","20260724","F0CAD1D19912CDF05DD3B7A440D109EFDBAB59229E8E18AB5CC3303C71A471CA","rbv01_011B84DDF86961F6053ED2B20908582AF6425C6EFA13305F705F7C498093367C","1"
"record_balanced_original_rule","20260724","F0DC85694294ACEBD7428FEA7C0261ECAA2539C511BA650A203BCDBBEF7FB4DC","rbv01_2358EC0C12B602E4B7C5F9C580844910C6D49ACB512E9988307B46ECAFCD07F3","4"
"record_balanced_original_rule","20260724","F11400F7F4FA7E0DED93B856E7450804ABBE797955B86343FA298EE405CF7204","rbv01_011D932A057B34C28A553A7C900731E1D7B1E42FD9312A7495A3DF8ECA2AF3C9","4"
"record_balanced_original_rule","20260724","F14CC222548E3305375C273EE2B72C2FCDEEA8A809C4CCEE2A399E0EB795B6EB","rbv01_011B84DDF86961F6053ED2B20908582AF6425C6EFA13305F705F7C498093367C","1"
"record_balanced_original_rule","20260724","F16C18FFAE8C822002C99716227E855DBAAD773A0A513CC851D39C5E481E473D","rbv01_2358EC0C12B602E4B7C5F9C580844910C6D49ACB512E9988307B46ECAFCD07F3","4"
"record_balanced_original_rule","20260724","F187AF7A43C17C67D1C7793135299E6DB0CDFCF1E647667C56F864D73C0BB201","rbv01_0213C5737861DD256119EF44D45CD1CECAF08BA1B29FE2AD47F7CEE0237AF618","0"
"record_balanced_original_rule","20260724","F295A4F51A74A27B6635093B8289BFF8675FE24FE25DBFA1A4A560E788F703C5","rbv01_0213C5737861DD256119EF44D45CD1CECAF08BA1B29FE2AD47F7CEE0237AF618","0"
"record_balanced_original_rule","20260724","F30EF3CB2921DBFA99702A66F2DEE1A3FA5A523754A66C3D77DD7FE92AD303B9","rbv01_011B84DDF86961F6053ED2B20908582AF6425C6EFA13305F705F7C498093367C","1"
"record_balanced_original_rule","20260724","F31311258B667003D4EDCE890972EF97DF4DFFD48319476991DE54DBB24C3ABF","rbv01_011B84DDF86961F6053ED2B20908582AF6425C6EFA13305F705F7C498093367C","1"
"record_balanced_original_rule","20260724","F377EFC88EA706578710A7532DCEEBCAD32E16B8273943E4064581AA68B3956A","rbv01_054201B2ED3ADADFBB0028C07B1A262219631DC717FDE4862C42583AB67D10C2","1"
"record_balanced_original_rule","20260724","F380C1D0F0BE41FB387A3673C899E3B17B7F7E14F60A5A00678C6D82E9890145","rbv01_2358EC0C12B602E4B7C5F9C580844910C6D49ACB512E9988307B46ECAFCD07F3","4"
"record_balanced_original_rule","20260724","F3E239B26E6C4E9B55AC237285042F1781DE27FACDFE22E9C5D457BE0ED720E1","rbv01_2358EC0C12B602E4B7C5F9C580844910C6D49ACB512E9988307B46ECAFCD07F3","4"
"record_balanced_original_rule","20260724","F430F9F661D17E82BB0DC3E1E046F632C96995394E004BC6187A2946A3CA4F65","rbv01_011B84DDF86961F6053ED2B20908582AF6425C6EFA13305F705F7C498093367C","1"
"record_balanced_original_rule","20260724","F44077F1BA2E3DEEFCB7542F47FE9A209E706C5D003B4FA060D51C7A2E6EA2A3","rbv01_021729FAD057771AC5A3F59730477FE06019418FF0104B829F6E153E2D91134D","3"
"record_balanced_original_rule","20260724","F457BAE664D63AC3B68FEC9CA67CC37D2FB49128FDA5966941E6A887C4BB41EE","rbv01_0213C5737861DD256119EF44D45CD1CECAF08BA1B29FE2AD47F7CEE0237AF618","0"
"record_balanced_original_rule","20260724","F49E9EB02EED5396F102904E0C01153B37693A90E749C404D5C9846200910D35","rbv01_021729FAD057771AC5A3F59730477FE06019418FF0104B829F6E153E2D91134D","3"
"record_balanced_original_rule","20260724","F4B0E02CEC2C0953AEF12ABC39DBBA3703D2903B55B1858787CA50AE75602F98","rbv01_0213C5737861DD256119EF44D45CD1CECAF08BA1B29FE2AD47F7CEE0237AF618","0"
"record_balanced_original_rule","20260724","F4BBD6ED0CE5EC5CEE9F8E3FEFA1D0D9FF86C85895F90BAEFD121A691F77495F","rbv01_021729FAD057771AC5A3F59730477FE06019418FF0104B829F6E153E2D91134D","3"
"record_balanced_original_rule","20260724","F4DA62C2584B1AD9DE0D1E0D6EBC0F71ABC8E47C7AB09FDC5FA4AF9E08D8B630","rbv01_011B84DDF86961F6053ED2B20908582AF6425C6EFA13305F705F7C498093367C","1"
"record_balanced_original_rule","20260724","F585779509DCFE6DBB066EE4E95A6A9E896DA92C286171D603A0ADDD6A39FAA9","rbv01_08EC8F274B3390CA9A557C1810F52FE38EAF9404CF035F8A1D70A5AAAFA3EA60","2"
"record_balanced_original_rule","20260724","F58A8AE9CB7DB7D22742C331C0FD6DA354EAD7072546F39B52C60A459CA03986","rbv01_0E9E0FC3E20BED0F32C5DF6A0164CCE77E206A06E5378ED855756B22A2C4F6E6","3"
"record_balanced_original_rule","20260724","F5A014D4F687B1729446CE99069C929ECCAFB33B445AD84188CB70E6A04E70D3","rbv01_2358EC0C12B602E4B7C5F9C580844910C6D49ACB512E9988307B46ECAFCD07F3","4"
"record_balanced_original_rule","20260724","F6F5619534ACCD143842C5D6D0954030D10BBAA372DCCDB686C1BCD6BE991AD0","rbv01_25865A5FDDFF4A9F27EC5C10E5442A5D79D45CFAD482750F086BB81DD1C607F9","2"
"record_balanced_original_rule","20260724","F709BCA568A8B479D1087066441C6C5E49BDE0FBAFAB4E4B85015284AA52F5A0","rbv01_011B84DDF86961F6053ED2B20908582AF6425C6EFA13305F705F7C498093367C","1"
"record_balanced_original_rule","20260724","F70E24E2CB23AC54AD78A5AEAE85811520F847B43A980259BF9F5ECF47CC6F1B","rbv01_2358EC0C12B602E4B7C5F9C580844910C6D49ACB512E9988307B46ECAFCD07F3","4"
"record_balanced_original_rule","20260724","F740D0B53A6EC0ABAE92AF2B982DFC66B74AE55745D1F842889E7BA0149D8456","rbv01_0213C5737861DD256119EF44D45CD1CECAF08BA1B29FE2AD47F7CEE0237AF618","0"
"record_balanced_original_rule","20260724","F74B8BBB48804FE6A03FDB4A8565A5D73A3E2F636CEB8BC92988F3BEE90FEFE5","rbv01_046276E5E1EC434CD47FE2E1D4137204B7C79D59E90B81B5BFE9A77BC6C0BB54","2"
"record_balanced_original_rule","20260724","F78D4892F33EA3D77BF3C44AE98AB5A6B46F842FF55F130B07FE40788BBC7FC8","rbv01_0213C5737861DD256119EF44D45CD1CECAF08BA1B29FE2AD47F7CEE0237AF618","0"
"record_balanced_original_rule","20260724","F7B5DA08731CF10F7D2792354A55B0DE6F6A339192ADFC0A154C3B2956391A55","rbv01_054201B2ED3ADADFBB0028C07B1A262219631DC717FDE4862C42583AB67D10C2","1"
"record_balanced_original_rule","20260724","F84EEB82887882FC4BA964AEEAC0BACFDD8513433A8B7A7299E24ED61C232891","rbv01_2358EC0C12B602E4B7C5F9C580844910C6D49ACB512E9988307B46ECAFCD07F3","4"
"record_balanced_original_rule","20260724","F88640F5DCBD5D3A26A26BF6EEC6585F9D3A1993E4930A0DB40108959A0C82A2","rbv01_011B84DDF86961F6053ED2B20908582AF6425C6EFA13305F705F7C498093367C","1"
"record_balanced_original_rule","20260724","F8FAEB030F071884D0A649C8B108B8D3A23562183B65542520CFBA7AF197ACAC","rbv01_0E9E0FC3E20BED0F32C5DF6A0164CCE77E206A06E5378ED855756B22A2C4F6E6","3"
"record_balanced_original_rule","20260724","F9167BA4685385948265C3731DF67DF9467583BB00A7CE933D762D797333E176","rbv01_046276E5E1EC434CD47FE2E1D4137204B7C79D59E90B81B5BFE9A77BC6C0BB54","2"
"record_balanced_original_rule","20260724","F91EF2F1BD8F6CDAD0CF2E8D9DB599DBE47CE4BEB456463390D50C3A4FBD0B4B","rbv01_021729FAD057771AC5A3F59730477FE06019418FF0104B829F6E153E2D91134D","3"
"record_balanced_original_rule","20260724","F97E52A1E4556D07496985B3751E448187EEFD8F0453F65F30D7FAABEE2BAC3F","rbv01_011B84DDF86961F6053ED2B20908582AF6425C6EFA13305F705F7C498093367C","1"
"record_balanced_original_rule","20260724","F9C035AA109B2016912A10547344C6DFD1DC126587947383C4DA9DC73869B667","rbv01_0213C5737861DD256119EF44D45CD1CECAF08BA1B29FE2AD47F7CEE0237AF618","0"
"record_balanced_original_rule","20260724","FA1CC46F67C819BE723E7F223F7690E4209B11AFCD15729CDC71001ADE61CF33","rbv01_011B84DDF86961F6053ED2B20908582AF6425C6EFA13305F705F7C498093367C","1"
"record_balanced_original_rule","20260724","FB6339F8EA2586473CC51D79E47812F268DF7A1AC07C811FB102F341C8B8D43F","rbv01_0213C5737861DD256119EF44D45CD1CECAF08BA1B29FE2AD47F7CEE0237AF618","0"
"record_balanced_original_rule","20260724","FBF06F11A5D12FFD9C385CE277EAB6552559F0601AAA95FC5FD32F236FE74AB1","rbv01_0213C5737861DD256119EF44D45CD1CECAF08BA1B29FE2AD47F7CEE0237AF618","0"
"record_balanced_original_rule","20260724","FC3F636B8D198EA4C66A891839DED57390277B3F380DDFB5EA77560EFBB1BD12","rbv01_011B84DDF86961F6053ED2B20908582AF6425C6EFA13305F705F7C498093367C","1"
"record_balanced_original_rule","20260724","FCA6CA0763A713AEAA8D64BD0FDF68D64278BE9768B70DDD85DEA98CB882DA3A","rbv01_011B84DDF86961F6053ED2B20908582AF6425C6EFA13305F705F7C498093367C","1"
"record_balanced_original_rule","20260724","FD02C6E1A151E899A82BD383E68F0C57535147BBAD1BD003B076FC91C6DE2F1D","rbv01_0213C5737861DD256119EF44D45CD1CECAF08BA1B29FE2AD47F7CEE0237AF618","0"
"record_balanced_original_rule","20260724","FD2A67DB5DBFCE1119ED6DA8AAA7080AEC87BA71DD667D34900C9EA1F8717A94","rbv01_011B84DDF86961F6053ED2B20908582AF6425C6EFA13305F705F7C498093367C","1"
"record_balanced_original_rule","20260724","FDC4A1724EF8C8310B38F1DDEA1830C32D52BBDCA16ED19B3DFD7B886D426393","rbv01_011B84DDF86961F6053ED2B20908582AF6425C6EFA13305F705F7C498093367C","1"
"record_balanced_original_rule","20260724","FE7E457D1FA1B92F5EB71CE3093E1AFEB7F05966F0A10FC4A6117935D0D38277","rbv01_2358EC0C12B602E4B7C5F9C580844910C6D49ACB512E9988307B46ECAFCD07F3","4"
"record_balanced_original_rule","20260724","FF46ACB35DE2EBD6070C33FD19C74B0C1C7DFCE72F99C941F8CBA4014383507C","rbv01_2358EC0C12B602E4B7C5F9C580844910C6D49ACB512E9988307B46ECAFCD07F3","4"
"record_balanced_original_rule","20260724","FF7F0D5F0DF2E16DD4F9E8664948BC0DAB0D56755C6CFEC5B9E8ADC917E519EC","rbv01_0213C5737861DD256119EF44D45CD1CECAF08BA1B29FE2AD47F7CEE0237AF618","0"
"record_balanced_original_rule","20260724","FF9369ACF81A4151507DE6E6C19F1FFBAE2DD4A1B7E4814C1510605772392A03","rbv01_0213C5737861DD256119EF44D45CD1CECAF08BA1B29FE2AD47F7CEE0237AF618","0"
"record_balanced_original_rule","20260724","FFCBAA39118035145336D605EDCD6D8C0473CF8322314073B3C1237AC0DBC040","rbv01_054201B2ED3ADADFBB0028C07B1A262219631DC717FDE4862C42583AB67D10C2","1"
"record_balanced_original_rule","20260724","FFE63753BF3015A508A3F98FBE19E5EB31E85A995E234A9C4E4F36D7C522CA6F","rbv01_011B84DDF86961F6053ED2B20908582AF6425C6EFA13305F705F7C498093367C","1"
"record_balanced_original_rule","20260801","0061FDD63A9589E0F8DE63C14158AE0D7C2EFEA3B015661DFE818A0E19A9B3BA","rbv01_021729FAD057771AC5A3F59730477FE06019418FF0104B829F6E153E2D91134D","3"
"record_balanced_original_rule","20260801","0080E6935843F863371E22F1CED37652FDA5B361294A300C303F6F705AA482B4","rbv01_054201B2ED3ADADFBB0028C07B1A262219631DC717FDE4862C42583AB67D10C2","1"
"record_balanced_original_rule","20260801","01173CA8D64B41CA73353EABAA22D6075C16661C4227663F22DD9506467B1F95","rbv01_08EC8F274B3390CA9A557C1810F52FE38EAF9404CF035F8A1D70A5AAAFA3EA60","2"
"record_balanced_original_rule","20260801","015160EA6BB4FCD3BB38609CAD7C88EE690FF803C17973E56817138E36218C8B","rbv01_4A6CDC7218F267E114B083B225FC435EA4AECE9A8307DC39925FE5F442FDB97A","0"
"record_balanced_original_rule","20260801","01732DDCA3B8093BB6CE8F49ECEED5DECEEFFAA9A4A41C13D60DF0A753765CC7","rbv01_0213C5737861DD256119EF44D45CD1CECAF08BA1B29FE2AD47F7CEE0237AF618","0"
"record_balanced_original_rule","20260801","01B62D200C27D3EC84F62AAEC723BD902A8BBD3E6E87C93AAB51CEE8969C529F","rbv01_0213C5737861DD256119EF44D45CD1CECAF08BA1B29FE2AD47F7CEE0237AF618","0"
"record_balanced_original_rule","20260801","01D427590EE36074DCC8FCB945C46BD0191C8A1B7F383BEB6FA7D98BF5206463","rbv01_0213C5737861DD256119EF44D45CD1CECAF08BA1B29FE2AD47F7CEE0237AF618","0"
"record_balanced_original_rule","20260801","0224624C74589B7009210AB854F93613FBED5F4AC0208DEB5E6B4BEBC86DA932","rbv01_0213C5737861DD256119EF44D45CD1CECAF08BA1B29FE2AD47F7CEE0237AF618","0"
"record_balanced_original_rule","20260801","022F25D57529CF917A393BB2086AF70DA919073F900F4C6110D0FD616DDC1712","rbv01_08EC8F274B3390CA9A557C1810F52FE38EAF9404CF035F8A1D70A5AAAFA3EA60","2"
"record_balanced_original_rule","20260801","02B6DB525CB4AE3736D1536DC884F9D70D6C680F4F6D892EA7B8533A29FD0CA7","rbv01_0E9E0FC3E20BED0F32C5DF6A0164CCE77E206A06E5378ED855756B22A2C4F6E6","3"
"record_balanced_original_rule","20260801","02C713D01C5A665E383BD56BABA3CFC71A046A7666C95067906781F03470DC70","rbv01_011B84DDF86961F6053ED2B20908582AF6425C6EFA13305F705F7C498093367C","1"
"record_balanced_original_rule","20260801","02C825DDCFAB00225FFF41D33B28B73D12DB6961A655473C157555F7555FD637","rbv01_011B84DDF86961F6053ED2B20908582AF6425C6EFA13305F705F7C498093367C","1"
"record_balanced_original_rule","20260801","02CA4F8686BFB39493A0D903E1F41376CCCD09E06FAA21EEE8EAE01A6ED7E8EB","rbv01_0213C5737861DD256119EF44D45CD1CECAF08BA1B29FE2AD47F7CEE0237AF618","0"
"record_balanced_original_rule","20260801","02E1A4918E4B7ACF5DB0D5D0425AD147327344CB0367E980423E8D7374778A80","rbv01_0213C5737861DD256119EF44D45CD1CECAF08BA1B29FE2AD47F7CEE0237AF618","0"
"record_balanced_original_rule","20260801","04201813CB5EB8C43055740E1BC8C61D5BDA8DF6B16DA79A004D1A430F22119E","rbv01_046276E5E1EC434CD47FE2E1D4137204B7C79D59E90B81B5BFE9A77BC6C0BB54","2"
"record_balanced_original_rule","20260801","04931D25C1F44AB449179B7B97D5C80EA07F9438A95F6042D248E6EC0543AAA5","rbv01_0213C5737861DD256119EF44D45CD1CECAF08BA1B29FE2AD47F7CEE0237AF618","0"
"record_balanced_original_rule","20260801","04E6F7AFFB70291035C0698755DAE72AF8E7F2BBD25CB3117EBB6720069B212A","rbv01_054201B2ED3ADADFBB0028C07B1A262219631DC717FDE4862C42583AB67D10C2","1"
"record_balanced_original_rule","20260801","05468E4407395D15B86B9118FC2220FEE75CE3D6644C2E8FA84BAFF7AAC9ABCC","rbv01_046276E5E1EC434CD47FE2E1D4137204B7C79D59E90B81B5BFE9A77BC6C0BB54","2"
"record_balanced_original_rule","20260801","056447EAE83F22AEDB8B0E70EAC23727D3F402A7C366B66179822FBA94ECB519","rbv01_25A206590D1048D18147FD26B701861897281071258782AED6A00779FFF7210A","1"
"record_balanced_original_rule","20260801","05D102CFE0A022959182E3697C6FDBF4B37F7484322D1EA1176266C07C283D80","rbv01_011B84DDF86961F6053ED2B20908582AF6425C6EFA13305F705F7C498093367C","1"
"record_balanced_original_rule","20260801","05FEAE50B99BB6C53EBDD01604C3ACD41F0E0CAC9C82C968B701399113482864","rbv01_0213C5737861DD256119EF44D45CD1CECAF08BA1B29FE2AD47F7CEE0237AF618","0"
"record_balanced_original_rule","20260801","062C0B673690BF10490C581B0E6D60D44DA32B58E9EEA8F9E9BFC908D240C50C","rbv01_011B84DDF86961F6053ED2B20908582AF6425C6EFA13305F705F7C498093367C","1"
"record_balanced_original_rule","20260801","06AD68D1F58A1F9A422A033615D43879250C8F791DB0044B4B6F93E934B8D78A","rbv01_0A5AC21E5BA740588E2CBBCCF2F521223BEEC9FB27076F153A79601562B5DA7C","4"
"record_balanced_original_rule","20260801","0714EEE54C60B77E1C5F77EF006913ED2AA6140C698EEFF6A3F9B2430E2F98D5","rbv01_2358EC0C12B602E4B7C5F9C580844910C6D49ACB512E9988307B46ECAFCD07F3","4"
"record_balanced_original_rule","20260801","07D9F2B8743D65E2F6CA53F411B44C777D6DCBD6BA2B422D1AF5CF9A6957548D","rbv01_011B84DDF86961F6053ED2B20908582AF6425C6EFA13305F705F7C498093367C","1"
"record_balanced_original_rule","20260801","0819A80095FC07750FDAB70005323B69F9A3D5E6E409E7799432EB36F861CF18","rbv01_021729FAD057771AC5A3F59730477FE06019418FF0104B829F6E153E2D91134D","3"
"record_balanced_original_rule","20260801","08EB3F7B1EB1462E0CF9408933A5A5BE353E25FFE10DE7E129600A4ECDB8897F","rbv01_0213C5737861DD256119EF44D45CD1CECAF08BA1B29FE2AD47F7CEE0237AF618","0"
"record_balanced_original_rule","20260801","090FD6127F49544702933BCDD1372A4A75D44F60166DAACD9A38C82AE9C55B5C","rbv01_011B84DDF86961F6053ED2B20908582AF6425C6EFA13305F705F7C498093367C","1"
"record_balanced_original_rule","20260801","09A9D5AF92B12CA7837DB8B0E7908602292F6BB5F1DF590D1A2F67804882F3B2","rbv01_147C763D2DD7A735DC5DA68C31ECD7579510C8C8494E1BBB99D46B386B713D84","4"
"record_balanced_original_rule","20260801","0A63D723E907E4CCC98B812AA979CE73F104DCE8A42593682368DB168708E790","rbv01_0213C5737861DD256119EF44D45CD1CECAF08BA1B29FE2AD47F7CEE0237AF618","0"
"record_balanced_original_rule","20260801","0A66FD35432B3AC8C144F906DC2DF169F8DE2B1BBDFA5FB7C68BA571FC315EFA","rbv01_011B84DDF86961F6053ED2B20908582AF6425C6EFA13305F705F7C498093367C","1"
"record_balanced_original_rule","20260801","0A6A3B9DF47CC0D7F144ACC201811B1B4F630DF24952B02D1F7C7C97C89E482C","rbv01_011B84DDF86961F6053ED2B20908582AF6425C6EFA13305F705F7C498093367C","1"
"record_balanced_original_rule","20260801","0AC0C2BA7EC6F63B9029A78A263020D48A9AC21B2045F772008B896030BAFD8B","rbv01_0213C5737861DD256119EF44D45CD1CECAF08BA1B29FE2AD47F7CEE0237AF618","0"
"record_balanced_original_rule","20260801","0AD6A6F712BEF991034FD0EFA0A9FA8B16771CFE2434F42CB8F21B9D5B62CFCD","rbv01_0213C5737861DD256119EF44D45CD1CECAF08BA1B29FE2AD47F7CEE0237AF618","0"
"record_balanced_original_rule","20260801","0B0BE09EDE55A9B7EDAF27D24BB8801F04E4B730E81C443A9C62F47568950556","rbv01_0213C5737861DD256119EF44D45CD1CECAF08BA1B29FE2AD47F7CEE0237AF618","0"
"record_balanced_original_rule","20260801","0B2710EEFB0AEC9086720EAF19889112AB4CA3AC4D214E588555896F9D8DA6E9","rbv01_0213C5737861DD256119EF44D45CD1CECAF08BA1B29FE2AD47F7CEE0237AF618","0"
"record_balanced_original_rule","20260801","0B619E42C58E8800FA3F72CFE0F9A7038FEEA8ECBA4F3368C19810B77810EE8F","rbv01_0213C5737861DD256119EF44D45CD1CECAF08BA1B29FE2AD47F7CEE0237AF618","0"
"record_balanced_original_rule","20260801","0BEAB251B21B2F18803E2FBE3B2A1D288CE897FF912456D7BDEDB3749D6E9CFF","rbv01_0213C5737861DD256119EF44D45CD1CECAF08BA1B29FE2AD47F7CEE0237AF618","0"
"record_balanced_original_rule","20260801","0C14522EA93737DE24B293D2AA8E87339EB2F7AF5ABF547B3B56383EB5F5FCDD","rbv01_0213C5737861DD256119EF44D45CD1CECAF08BA1B29FE2AD47F7CEE0237AF618","0"
"record_balanced_original_rule","20260801","0C66AF5E40E6CE895652A7CD8C9284B65F2E397DC44D0928BF1004DF4B9E035F","rbv01_0213C5737861DD256119EF44D45CD1CECAF08BA1B29FE2AD47F7CEE0237AF618","0"
"record_balanced_original_rule","20260801","0C7CF3DF946AD4342F127AF7D191006E5B360903329F960639B9944B267906F1","rbv01_0213C5737861DD256119EF44D45CD1CECAF08BA1B29FE2AD47F7CEE0237AF618","0"
"record_balanced_original_rule","20260801","0CAC64E3E0BE70E1A5156C24FE14C5B23C51F2365A93A57E72C91EA7C7E4226D","rbv01_147C763D2DD7A735DC5DA68C31ECD7579510C8C8494E1BBB99D46B386B713D84","4"
"record_balanced_original_rule","20260801","0CFAE359EAED8EF244CD77956D2072CE44EDB70DFE9CE147B9DD148A8F57E1E5","rbv01_011B84DDF86961F6053ED2B20908582AF6425C6EFA13305F705F7C498093367C","1"
"record_balanced_original_rule","20260801","0CFE81AB6FCD84E3B8A6D0DA25E64957E294A3B9F76569D17DEBE5A59079BF6E","rbv01_011B84DDF86961F6053ED2B20908582AF6425C6EFA13305F705F7C498093367C","1"
"record_balanced_original_rule","20260801","0D5A2B84CEB02895537AFA84D02B08F710DF7A01663C27226B426D4EAE944AF3","rbv01_0213C5737861DD256119EF44D45CD1CECAF08BA1B29FE2AD47F7CEE0237AF618","0"
"record_balanced_original_rule","20260801","0D67D5C42CB946C4A87DBE760DE0B5437E00DE21F8615056D9D8AA56472A876A","rbv01_0213C5737861DD256119EF44D45CD1CECAF08BA1B29FE2AD47F7CEE0237AF618","0"
"record_balanced_original_rule","20260801","0D93443DF310A9AE80A43C8AAA91E394CDE962B7C2D5CF9FCEDB145440AF25FD","rbv01_011B84DDF86961F6053ED2B20908582AF6425C6EFA13305F705F7C498093367C","1"
"record_balanced_original_rule","20260801","0E5E28FFD9434148C037DCCA9C6877C954984743A4233827C9C832E3E5FF8282","rbv01_2358EC0C12B602E4B7C5F9C580844910C6D49ACB512E9988307B46ECAFCD07F3","4"
"record_balanced_original_rule","20260801","0E81E63321C6654EB47112AB8183C3A6B26BFA621C72D4D2DC976093DA5098F2","rbv01_0213C5737861DD256119EF44D45CD1CECAF08BA1B29FE2AD47F7CEE0237AF618","0"
"record_balanced_original_rule","20260801","0EA2AEC3AD3F8A1EC1F6526878889864C8754B9F1BCE951794217960BF6A7CD4","rbv01_2358EC0C12B602E4B7C5F9C580844910C6D49ACB512E9988307B46ECAFCD07F3","4"
"record_balanced_original_rule","20260801","0EA65BF3B5524C7169D8E41D492FEBEDC1BA9944501015BC9F104D0F31BBD011","rbv01_2358EC0C12B602E4B7C5F9C580844910C6D49ACB512E9988307B46ECAFCD07F3","4"
"record_balanced_original_rule","20260801","0EDC8181C2F56D60DCEC9E4E7B5CE87A78B2FFE93B3FC3AFB734876895B877CA","rbv01_054201B2ED3ADADFBB0028C07B1A262219631DC717FDE4862C42583AB67D10C2","1"
"record_balanced_original_rule","20260801","0F375B0A05F0699CF150CC1AFA659D834292624FEEFE5E51A88BB9BF479C302B","rbv01_2358EC0C12B602E4B7C5F9C580844910C6D49ACB512E9988307B46ECAFCD07F3","4"
"record_balanced_original_rule","20260801","104B294F723B91F803E4D1E14AF7BB5CC2E06DEF0EF94FE1E2D35B604C334885","rbv01_011B84DDF86961F6053ED2B20908582AF6425C6EFA13305F705F7C498093367C","1"
"record_balanced_original_rule","20260801","1086711E2DE32294F5474F7EA5DF50FDF8F4B822AF0E444D546D7E93EBA698BC","rbv01_011B84DDF86961F6053ED2B20908582AF6425C6EFA13305F705F7C498093367C","1"
"record_balanced_original_rule","20260801","10B762A0564C2BAB9355996BE431C752FDE3FC687DCEDD14DB258BA9C376C937","rbv01_25A206590D1048D18147FD26B701861897281071258782AED6A00779FFF7210A","1"
"record_balanced_original_rule","20260801","10BE3A136C58AF9A893FDA05FC433CE090C472A5275312F7B7C54A80B4FEB174","rbv01_2358EC0C12B602E4B7C5F9C580844910C6D49ACB512E9988307B46ECAFCD07F3","4"
"record_balanced_original_rule","20260801","10BEBB4C92A70B6B3A97CE3CEE1678819FFC9D4E106D5677E502481B5296383F","rbv01_021729FAD057771AC5A3F59730477FE06019418FF0104B829F6E153E2D91134D","3"
"record_balanced_original_rule","20260801","11097F5414AE795EA34851779E38F065A2A4D9D2F59D152415B19D7D7750F0BA","rbv01_25865A5FDDFF4A9F27EC5C10E5442A5D79D45CFAD482750F086BB81DD1C607F9","2"
"record_balanced_original_rule","20260801","11D7D89D367DC6E79264E387E41EDC13C9490061151B8C911726783D711F25BF","rbv01_25865A5FDDFF4A9F27EC5C10E5442A5D79D45CFAD482750F086BB81DD1C607F9","2"
"record_balanced_original_rule","20260801","1211B3E0D0BE400704C75BDF116B565CAEC2908BC6D659E3321553A72C3B9D8D","rbv01_2358EC0C12B602E4B7C5F9C580844910C6D49ACB512E9988307B46ECAFCD07F3","4"
"record_balanced_original_rule","20260801","121FBE2738689090C2C5A423A1B56F1D932DDFD3CFA4F8C8381CE8C39A17E490","rbv01_0213C5737861DD256119EF44D45CD1CECAF08BA1B29FE2AD47F7CEE0237AF618","0"
"record_balanced_original_rule","20260801","12A227F629593FC75D60CD7469FB1E74F6128D9192651E15B88EEBB96B3C716F","rbv01_0213C5737861DD256119EF44D45CD1CECAF08BA1B29FE2AD47F7CEE0237AF618","0"
"record_balanced_original_rule","20260801","135267A36F5C18F87A7B50679606ECAD17C77397F4B076D6899388B5F98F6321","rbv01_0213C5737861DD256119EF44D45CD1CECAF08BA1B29FE2AD47F7CEE0237AF618","0"
"record_balanced_original_rule","20260801","13C4BED3EF820252B9BD637DB0DF092E86DDC91DE16ABDE52862FF88A64E80F2","rbv01_0E9E0FC3E20BED0F32C5DF6A0164CCE77E206A06E5378ED855756B22A2C4F6E6","3"
"record_balanced_original_rule","20260801","13D9FAFB657D1E488B95EC0431B82EB8CFF6E14C836E5D5DCF2E761B67076A58","rbv01_0213C5737861DD256119EF44D45CD1CECAF08BA1B29FE2AD47F7CEE0237AF618","0"
"record_balanced_original_rule","20260801","13EBE38A37173BDB874B66567B47A0F0B0505C47A94B002AA7AF76B44CEABDCC","rbv01_0213C5737861DD256119EF44D45CD1CECAF08BA1B29FE2AD47F7CEE0237AF618","0"
"record_balanced_original_rule","20260801","14107958CC8EE0CB8870AF8FFEDC8B84CC531E5A22B9580AAC5653DA479D26AB","rbv01_0213C5737861DD256119EF44D45CD1CECAF08BA1B29FE2AD47F7CEE0237AF618","0"
"record_balanced_original_rule","20260801","14510BFD9E89704C9B62221B58504B5488D8F9567BC921BAA965BB284388F3F9","rbv01_0213C5737861DD256119EF44D45CD1CECAF08BA1B29FE2AD47F7CEE0237AF618","0"
"record_balanced_original_rule","20260801","145458613E22192B3C01C5612DB9EC32B58E1552A7B251F4EFF2918336FF3971","rbv01_021729FAD057771AC5A3F59730477FE06019418FF0104B829F6E153E2D91134D","3"
"record_balanced_original_rule","20260801","14762653E8B0658BCF5EEB03C39DEB000472206F0FD28EB087A988ABB9582515","rbv01_2358EC0C12B602E4B7C5F9C580844910C6D49ACB512E9988307B46ECAFCD07F3","4"
"record_balanced_original_rule","20260801","14CDC0F9F361F7B1C1E0688396800A63539D6CE6F34FB2A20A4035AD42127968","rbv01_021729FAD057771AC5A3F59730477FE06019418FF0104B829F6E153E2D91134D","3"
"record_balanced_original_rule","20260801","15156F1F14A29FB4B8182915819BF148763A4C6756D55AA17D3576DA737EBAA3","rbv01_0213C5737861DD256119EF44D45CD1CECAF08BA1B29FE2AD47F7CEE0237AF618","0"
"record_balanced_original_rule","20260801","1539A8D8F7C0EA6B3ECB3A77E1F6054BD3221914A776464307F3327967A93783","rbv01_0213C5737861DD256119EF44D45CD1CECAF08BA1B29FE2AD47F7CEE0237AF618","0"
"record_balanced_original_rule","20260801","1557BD690CF5FECBDAEACF96A0A1173C93FE013672F8FEA7C9E72FCE1F1ABF11","rbv01_2358EC0C12B602E4B7C5F9C580844910C6D49ACB512E9988307B46ECAFCD07F3","4"
"record_balanced_original_rule","20260801","158D4CEE96602BA3ED443396C4EB98F6655D2078CAE0861AF1F6310B1BD4498C","rbv01_24E94D68923D29AEF856F56175B9FAD71A2143AB1D61B0C7F522B1582143C11A","2"
"record_balanced_original_rule","20260801","15CC2CA183383CDF946FE4A6E9CACE8BD8C05BC0E9F0F792B15DE85B576C9DB2","rbv01_01C322D9FB99669376EAE9C000289E1B0BF73B04313F3AF1BFE6D03B29E89068","4"
"record_balanced_original_rule","20260801","1603F0C4B201480278F89305E3E0758CCF963E177F5C2AD8C1304A28B7CB7AB2","rbv01_011B84DDF86961F6053ED2B20908582AF6425C6EFA13305F705F7C498093367C","1"
"record_balanced_original_rule","20260801","1649FE8E6EC020D128EFC643107BFBBE8CE2FF33FCDBDC92F9E0B122FE272A5E","rbv01_0213C5737861DD256119EF44D45CD1CECAF08BA1B29FE2AD47F7CEE0237AF618","0"
"record_balanced_original_rule","20260801","16CAFCC7A3C6348D29C7AA92352595FA36039949A484E0D90C9956F92E989965","rbv01_011B84DDF86961F6053ED2B20908582AF6425C6EFA13305F705F7C498093367C","1"
"record_balanced_original_rule","20260801","172FBE8CF49DDA0C1D9FDD5DDD57A0A360F83F536C4D01BD525BDAD3863A8F0F","rbv01_0213C5737861DD256119EF44D45CD1CECAF08BA1B29FE2AD47F7CEE0237AF618","0"
"record_balanced_original_rule","20260801","1755D7D6BC5D42A054066C4A1DE0B723FF4EA22B2815DB03078DA196832A6CC9","rbv01_011B84DDF86961F6053ED2B20908582AF6425C6EFA13305F705F7C498093367C","1"
"record_balanced_original_rule","20260801","1763459D6B852BF113CF318B77FE5E4BB451B7D92C169F01B1E618CB1091ABC6","rbv01_011B84DDF86961F6053ED2B20908582AF6425C6EFA13305F705F7C498093367C","1"
"record_balanced_original_rule","20260801","1771AE3A77D9D0A4910D29AFD3A4098C4D0F149F606924A25B089906F60EA84E","rbv01_011B84DDF86961F6053ED2B20908582AF6425C6EFA13305F705F7C498093367C","1"
"record_balanced_original_rule","20260801","17A1AEB2A5F710C788EF3E9A0475D1BC7092C6E613D80A7513B48429C52602F4","rbv01_011B84DDF86961F6053ED2B20908582AF6425C6EFA13305F705F7C498093367C","1"
"record_balanced_original_rule","20260801","17B30E9F88AEEBEA9925DA277072FB7B33BB9146936E70DC8E2CD9E156556261","rbv01_0213C5737861DD256119EF44D45CD1CECAF08BA1B29FE2AD47F7CEE0237AF618","0"
"record_balanced_original_rule","20260801","17D8907F39252519E58B3C3E65868669BD63EA05B895E056DB84B3B48254FAF3","rbv01_011B84DDF86961F6053ED2B20908582AF6425C6EFA13305F705F7C498093367C","1"
"record_balanced_original_rule","20260801","180F413E1F6B76B513401034F79C54FE675C36AB7D193F0E179AC59CB942B8FF","rbv01_021729FAD057771AC5A3F59730477FE06019418FF0104B829F6E153E2D91134D","3"
"record_balanced_original_rule","20260801","185E20472CE97C113E4BDF526FF162DFF9C96CFA577E71AAAAF98E9B71290ABA","rbv01_0213C5737861DD256119EF44D45CD1CECAF08BA1B29FE2AD47F7CEE0237AF618","0"
"record_balanced_original_rule","20260801","18C8AB47928DE0A8D3B9107EACDE28ABEE577F46F877305B8EB8B0BD0B8384C5","rbv01_011B84DDF86961F6053ED2B20908582AF6425C6EFA13305F705F7C498093367C","1"
"record_balanced_original_rule","20260801","196D7F26DC3081DB45714D44086A8DED5F0B567C14E1681A6B5CAB061051612F","rbv01_011B84DDF86961F6053ED2B20908582AF6425C6EFA13305F705F7C498093367C","1"
"record_balanced_original_rule","20260801","19DCBD07BA366C033AEC897C2D39A19CCBFA9C8DFAE6478F1AF59699C54376F3","rbv01_011B84DDF86961F6053ED2B20908582AF6425C6EFA13305F705F7C498093367C","1"
"record_balanced_original_rule","20260801","1A3188418D7B380B137AB627D88FF0F38B638F8C317B55D6DB323E8DC60B24E3","rbv01_0213C5737861DD256119EF44D45CD1CECAF08BA1B29FE2AD47F7CEE0237AF618","0"
"record_balanced_original_rule","20260801","1ACDE71EA41832326F07927468F81189C4B8B34A65D5D1AC9773B57076AD9097","rbv01_0DA9CA625518CEB3C5B20C7295004FB7CDC5BC108FF93282C63467286DA188EB","3"
"record_balanced_original_rule","20260801","1AD0EFDC9F2B70EF262FD46D1261CE9A8C73B8AA936F6649D359260E377D1A55","rbv01_054201B2ED3ADADFBB0028C07B1A262219631DC717FDE4862C42583AB67D10C2","1"
"record_balanced_original_rule","20260801","1B4B5CF7B2022042C7BC0025E8EAD3748D1675FB5C5720F9FD9FBCE9950913EC","rbv01_011B84DDF86961F6053ED2B20908582AF6425C6EFA13305F705F7C498093367C","1"
"record_balanced_original_rule","20260801","1C088158C95AF597E26B84C14CFC2E8553A5E9517604F9F16CC076DAAE7E7F7F","rbv01_046276E5E1EC434CD47FE2E1D4137204B7C79D59E90B81B5BFE9A77BC6C0BB54","2"
"record_balanced_original_rule","20260801","1C2299C8C9948910B3D3DF40866CC386C33E93B89111ED702407536080175FF0","rbv01_0E9E0FC3E20BED0F32C5DF6A0164CCE77E206A06E5378ED855756B22A2C4F6E6","3"
"record_balanced_original_rule","20260801","1CF1B864E835A9004D673AA1720C6AD1415BAE9C722FB67279700838C9C3487A","rbv01_0213C5737861DD256119EF44D45CD1CECAF08BA1B29FE2AD47F7CEE0237AF618","0"
"record_balanced_original_rule","20260801","1CF9BA47AD4AA6308C9D12FB7FCC9CCDBB59125657CFB239BD8860DDC1551D49","rbv01_0E9E0FC3E20BED0F32C5DF6A0164CCE77E206A06E5378ED855756B22A2C4F6E6","3"
"record_balanced_original_rule","20260801","1D0924DF69D3C67C9A986DAA8A73741D00E1ABFCC439D7D0A51DB649D8CD4E83","rbv01_0E9E0FC3E20BED0F32C5DF6A0164CCE77E206A06E5378ED855756B22A2C4F6E6","3"
"record_balanced_original_rule","20260801","1D6FADC5D8F915F1F7AC7173F349953F70E2BCB0F9A2D98F6046D0014C526CC6","rbv01_011B84DDF86961F6053ED2B20908582AF6425C6EFA13305F705F7C498093367C","1"
"record_balanced_original_rule","20260801","1DA2AAB4B0498493978340D3C341D05DF95F393F15BC6408A75CA14BA2B8F1E0","rbv01_011B84DDF86961F6053ED2B20908582AF6425C6EFA13305F705F7C498093367C","1"
"record_balanced_original_rule","20260801","1DDB4C28798047DA321A1C0390FCA1C86E751C2E3B63EBC2A9C5A3C4B78BD587","rbv01_4A6CDC7218F267E114B083B225FC435EA4AECE9A8307DC39925FE5F442FDB97A","0"
"record_balanced_original_rule","20260801","1E8F3779AFE6A1724A8E2C2C1513A6C2C8E0570256C3A963C3EA2C5F5864233C","rbv01_25A206590D1048D18147FD26B701861897281071258782AED6A00779FFF7210A","1"
"record_balanced_original_rule","20260801","1EE07A934FA5BD37C0A121B42BB8415F90EF2139338DE4B14EAFCBB6B8D4D57B","rbv01_08EC8F274B3390CA9A557C1810F52FE38EAF9404CF035F8A1D70A5AAAFA3EA60","2"
"record_balanced_original_rule","20260801","1F07BFA1CE45FD7C13F6C859683760935281C8C734BE0D441E38A4E330304AC5","rbv01_0213C5737861DD256119EF44D45CD1CECAF08BA1B29FE2AD47F7CEE0237AF618","0"
"record_balanced_original_rule","20260801","1F1640A2D5AE2DF3F381CACF5EF08572B96B8B2E5EE094B033BDCC99450657A1","rbv01_011B84DDF86961F6053ED2B20908582AF6425C6EFA13305F705F7C498093367C","1"
"record_balanced_original_rule","20260801","1F182901D5C1EA146CEA453BD8BA0448B9CDB57A6743FDDE7AF78F52BAB97E6F","rbv01_0213C5737861DD256119EF44D45CD1CECAF08BA1B29FE2AD47F7CEE0237AF618","0"
"record_balanced_original_rule","20260801","1FE0AE0F18997E9BD1C29F0D69870A648840D7AE2E9AAAEAFEBD00ECA46C6994","rbv01_011B84DDF86961F6053ED2B20908582AF6425C6EFA13305F705F7C498093367C","1"
"record_balanced_original_rule","20260801","2007C0BA73575F31109A870090F7CD26FB7709CBB6E005924AF64F083BEABCD9","rbv01_0213C5737861DD256119EF44D45CD1CECAF08BA1B29FE2AD47F7CEE0237AF618","0"
"record_balanced_original_rule","20260801","209209F20AC434479572094FDBB32BA2040378ECCC6E33B9F5EA9D3345FFB4D7","rbv01_0213C5737861DD256119EF44D45CD1CECAF08BA1B29FE2AD47F7CEE0237AF618","0"
"record_balanced_original_rule","20260801","212B345E12389622A8064239EBBBE79226C8E7C312B3D214B1751F936B79FC34","rbv01_011B84DDF86961F6053ED2B20908582AF6425C6EFA13305F705F7C498093367C","1"
"record_balanced_original_rule","20260801","215043ADEA4E445C92E205CCBF16004443AD6133ABCE7E0FEF11A304E63EFB1E","rbv01_0E9E0FC3E20BED0F32C5DF6A0164CCE77E206A06E5378ED855756B22A2C4F6E6","3"
"record_balanced_original_rule","20260801","217E621A5766D830A97CECA75EF6B39ADAFD60DA1FE525AB2C695F857C898661","rbv01_2358EC0C12B602E4B7C5F9C580844910C6D49ACB512E9988307B46ECAFCD07F3","4"
"record_balanced_original_rule","20260801","21A335CA45A0EA62A090D44935F95ED648113C57C40808D1EEC14A944DD5BD0B","rbv01_0DA9CA625518CEB3C5B20C7295004FB7CDC5BC108FF93282C63467286DA188EB","3"
"record_balanced_original_rule","20260801","21B94893E6F67CB58EED24EA9FB7551B3B3EACB05B9C6522BFE6728601CDAF4D","rbv01_0213C5737861DD256119EF44D45CD1CECAF08BA1B29FE2AD47F7CEE0237AF618","0"
"record_balanced_original_rule","20260801","21EEB3C004CA72988FF541415E65FCF7327BCBFCAC99CB082124394786D772AD","rbv01_0213C5737861DD256119EF44D45CD1CECAF08BA1B29FE2AD47F7CEE0237AF618","0"
"record_balanced_original_rule","20260801","22A676E21C562FD4106E8004B1EB9D927C4D01A3D57A27251DC20A46433BF304","rbv01_011B84DDF86961F6053ED2B20908582AF6425C6EFA13305F705F7C498093367C","1"
"record_balanced_original_rule","20260801","22FECE9911F6004919B5D189AE36CC98017485DFEB753FA75C34AC3A191C1AA0","rbv01_08EC8F274B3390CA9A557C1810F52FE38EAF9404CF035F8A1D70A5AAAFA3EA60","2"
"record_balanced_original_rule","20260801","23AEA2F6C60A66DE8439B80B8271EBBCFE5CEAEDA06EE67C6B83A4DD0FC2CEB2","rbv01_011B84DDF86961F6053ED2B20908582AF6425C6EFA13305F705F7C498093367C","1"
"record_balanced_original_rule","20260801","2404D3928D13EB6C40502B8496F074D4CADB2A9A3C9D182158C19F50CC36A92C","rbv01_2358EC0C12B602E4B7C5F9C580844910C6D49ACB512E9988307B46ECAFCD07F3","4"
"record_balanced_original_rule","20260801","2417795D0029761FB6FE730EF4E88FC82CAAB16AA04506C2E78D45D2CD0C306D","rbv01_011B84DDF86961F6053ED2B20908582AF6425C6EFA13305F705F7C498093367C","1"
"record_balanced_original_rule","20260801","248461479D30C5AA840E52255981ACD395A5FC1ADA1DDB6C659BAFF54958963F","rbv01_011B84DDF86961F6053ED2B20908582AF6425C6EFA13305F705F7C498093367C","1"
"record_balanced_original_rule","20260801","2504B7DCF62BFE5651ECE820E3CEF352F95A48239E781520DEF52207CD87802C","rbv01_011B84DDF86961F6053ED2B20908582AF6425C6EFA13305F705F7C498093367C","1"
"record_balanced_original_rule","20260801","25861067F360B460B60F372A2142F7C30AD00FAD9F5D462FA2E7DD7095835EB0","rbv01_0213C5737861DD256119EF44D45CD1CECAF08BA1B29FE2AD47F7CEE0237AF618","0"
"record_balanced_original_rule","20260801","262FEC4884236BD19453E3CE33883A8857AECD801E5E16333D68037161ADE7C7","rbv01_25865A5FDDFF4A9F27EC5C10E5442A5D79D45CFAD482750F086BB81DD1C607F9","2"
"record_balanced_original_rule","20260801","26BE3FBE9AF053F4CD2091D711FB64AB60ED10BB69E94A8AFBED43FE94882646","rbv01_0FAB0DD3DEC2E0DA5B1841B2949196B7B1E5F846FFA0C8F4AF1461F9D3B66BCE","4"
"record_balanced_original_rule","20260801","26E57FCAAEFBE05A017FC03EDFEBA1E9D643B98B14128F7373F262F0E4487D92","rbv01_021729FAD057771AC5A3F59730477FE06019418FF0104B829F6E153E2D91134D","3"
"record_balanced_original_rule","20260801","26F46E5DB25FD9B384A9CBD10463667022AB1A8BDDBE88E11B6863D8D719FFD6","rbv01_011B84DDF86961F6053ED2B20908582AF6425C6EFA13305F705F7C498093367C","1"
"record_balanced_original_rule","20260801","279CDE0CA2EC4B1480494FC50C1473CFB0FDB9E4D4A4F354BCE8B982D90B6949","rbv01_046276E5E1EC434CD47FE2E1D4137204B7C79D59E90B81B5BFE9A77BC6C0BB54","2"
"record_balanced_original_rule","20260801","27B436226898B2B5F9AE6FC6E2730C08951A94A37F9FCA3ED9ED502C53D2A350","rbv01_054201B2ED3ADADFBB0028C07B1A262219631DC717FDE4862C42583AB67D10C2","1"
"record_balanced_original_rule","20260801","286CC1089CA3330B1CE534E6E7B3C1781EDC612498718653FC121B750B96ADA1","rbv01_005F079B50FDBB32836E42ECC5D1471B77218ED9CD5DA1F07A102A406EF90B43","0"
"record_balanced_original_rule","20260801","286E7D2D800A8610F558E327EF09000571A84DA41D35185C6EA10346EFD63027","rbv01_0213C5737861DD256119EF44D45CD1CECAF08BA1B29FE2AD47F7CEE0237AF618","0"
"record_balanced_original_rule","20260801","29D4023E711BE23CCC1B9E36698527A7C5F7229BE1E48F62824805448D08F19A","rbv01_011B84DDF86961F6053ED2B20908582AF6425C6EFA13305F705F7C498093367C","1"
"record_balanced_original_rule","20260801","2A34AB9F644C49E47AA2A9C05837B0FC0FF797B3166D7ED6717B26B08872FDB2","rbv01_021729FAD057771AC5A3F59730477FE06019418FF0104B829F6E153E2D91134D","3"
"record_balanced_original_rule","20260801","2ADF9AB36E78E1EEB3FC7732E721C3044A2E4AF4E9D9DA5BA66A5DA921FD5915","rbv01_011D932A057B34C28A553A7C900731E1D7B1E42FD9312A7495A3DF8ECA2AF3C9","3"
"record_balanced_original_rule","20260801","2B17EC3433BAA444548573A4B3B68481E0AA1C0DD768B34D6C266B4EE5E6A8EF","rbv01_011B84DDF86961F6053ED2B20908582AF6425C6EFA13305F705F7C498093367C","1"
"record_balanced_original_rule","20260801","2B32243911A0F3F49601F6C61417FA320B0C389E90D7866F100F5BC1246A74D3","rbv01_01C322D9FB99669376EAE9C000289E1B0BF73B04313F3AF1BFE6D03B29E89068","4"
"record_balanced_original_rule","20260801","2B3C8A8DDCEC4DB83196A7C0FADDE612332EE8D0D4A1A66B11A9E783FC03BFB9","rbv01_011D932A057B34C28A553A7C900731E1D7B1E42FD9312A7495A3DF8ECA2AF3C9","3"
"record_balanced_original_rule","20260801","2B83280E75D81C2FA4B12A8ECE3DD16AAF203488D205EB28B8CDBDF0413BF2BE","rbv01_011B84DDF86961F6053ED2B20908582AF6425C6EFA13305F705F7C498093367C","1"
"record_balanced_original_rule","20260801","2B9036E6585F008A4243AAA2430684F5E8C1CE896D171B2014EE337234EC5A4C","rbv01_01C322D9FB99669376EAE9C000289E1B0BF73B04313F3AF1BFE6D03B29E89068","4"
"record_balanced_original_rule","20260801","2BA9973474F5A482C5FA095F0ABBC4C9A67BDD76287D497359B4C89D384FA036","rbv01_054201B2ED3ADADFBB0028C07B1A262219631DC717FDE4862C42583AB67D10C2","1"
"record_balanced_original_rule","20260801","2C9D8CC2F5D868349847B6B81F5A2713EEBB1BB3E1C0E1EB0F7B1A051CD86E0B","rbv01_0E9E0FC3E20BED0F32C5DF6A0164CCE77E206A06E5378ED855756B22A2C4F6E6","3"
"record_balanced_original_rule","20260801","2CBB48E5F04E9C8BF14D86EA171FB4AC3CB6A127AFFBD1C4E4C92DDF65AC3AAA","rbv01_011B84DDF86961F6053ED2B20908582AF6425C6EFA13305F705F7C498093367C","1"
"record_balanced_original_rule","20260801","2D27A90202C1C28D84DB448BCC029E2F9B956D6920C981E625AE54C75A49DF61","rbv01_25865A5FDDFF4A9F27EC5C10E5442A5D79D45CFAD482750F086BB81DD1C607F9","2"
"record_balanced_original_rule","20260801","2E08EC2466CEED6AD70280884A1982C16EBD6EC61FCF5D8A8FBCB4E46A3F2236","rbv01_0213C5737861DD256119EF44D45CD1CECAF08BA1B29FE2AD47F7CEE0237AF618","0"
"record_balanced_original_rule","20260801","2E173299389098A161FC0A11A61DB6DFDE01E92B963AB131D94F7A1EF12C0733","rbv01_011B84DDF86961F6053ED2B20908582AF6425C6EFA13305F705F7C498093367C","1"
"record_balanced_original_rule","20260801","2E2A33CA561CEE7F4F0C19B6469324557ECFD2EB8F608F487D1AD2C308336658","rbv01_011B84DDF86961F6053ED2B20908582AF6425C6EFA13305F705F7C498093367C","1"
"record_balanced_original_rule","20260801","2E53D7DEE3148A01619AABCD9ABF3F49B9264E10E3A92F861DC5C323F5EF3A87","rbv01_2E07CE0B7A1B55DF7DB4D4392437AF0F59B5B306F82BBC43DD35B9CBA85F5BB7","3"
"record_balanced_original_rule","20260801","2EC7984A751507A357A3BAEA20249F516B806544B76BDCE5AEE75D02362AAC3A","rbv01_011B84DDF86961F6053ED2B20908582AF6425C6EFA13305F705F7C498093367C","1"
"record_balanced_original_rule","20260801","2F285D30F38FAC9D87E1E64A212D02ED68A77BDADC5D0DE08BF4210D3A7BDD0C","rbv01_011B84DDF86961F6053ED2B20908582AF6425C6EFA13305F705F7C498093367C","1"
"record_balanced_original_rule","20260801","2F4A968A82FD2CCAE56DB1C865A1B51876D0EB28943DCA5B06842D93873C4BBA","rbv01_0213C5737861DD256119EF44D45CD1CECAF08BA1B29FE2AD47F7CEE0237AF618","0"
"record_balanced_original_rule","20260801","300A029A3D25112F36324F2EC4E449B643BBFC705F3B9573AE5A768808A1BDEF","rbv01_0213C5737861DD256119EF44D45CD1CECAF08BA1B29FE2AD47F7CEE0237AF618","0"
"record_balanced_original_rule","20260801","30801BDDFFA634AFE46BF910E7E8E3F98D6032444C1979EEB4418DBF1FECAB2B","rbv01_2358EC0C12B602E4B7C5F9C580844910C6D49ACB512E9988307B46ECAFCD07F3","4"
"record_balanced_original_rule","20260801","30B506CC8E8C3BE689244371C9BCBADBE172980C8440C94CEB3021EFF4FB18C4","rbv01_01C322D9FB99669376EAE9C000289E1B0BF73B04313F3AF1BFE6D03B29E89068","4"
"record_balanced_original_rule","20260801","30B7FB29BC99F96B386A6298CDD9C286E325A94285073102F95E685CC9DF916B","rbv01_011B84DDF86961F6053ED2B20908582AF6425C6EFA13305F705F7C498093367C","1"
"record_balanced_original_rule","20260801","30E775E5191879D075A09457EA9BE4DB3D31C4BF2504E1387A38CCECB62C715C","rbv01_011B84DDF86961F6053ED2B20908582AF6425C6EFA13305F705F7C498093367C","1"
"record_balanced_original_rule","20260801","30EA0B0ADE76E984610F5A757C985DAFD34AE0563EEE6F056F2BAE813EF50B6A","rbv01_0E9E0FC3E20BED0F32C5DF6A0164CCE77E206A06E5378ED855756B22A2C4F6E6","3"
"record_balanced_original_rule","20260801","30FCBFFDEE010FBAA0ED8EC5003F073E331083E2F4851EB9309157D7E924DB38","rbv01_0213C5737861DD256119EF44D45CD1CECAF08BA1B29FE2AD47F7CEE0237AF618","0"
"record_balanced_original_rule","20260801","315CE1227E8B6DB9639041344644459D98CF048ACFAA502CB0893C4A4DA3335C","rbv01_0213C5737861DD256119EF44D45CD1CECAF08BA1B29FE2AD47F7CEE0237AF618","0"
"record_balanced_original_rule","20260801","3220A0EA36F8B0458998AD47F780F7E4196C537BD97E473DF9AB8C6CD7F22BCD","rbv01_011B84DDF86961F6053ED2B20908582AF6425C6EFA13305F705F7C498093367C","1"
"record_balanced_original_rule","20260801","322779B2C3ECE1588AEEE91D8764A912FD46406F10D61A499EC8870FC0483586","rbv01_0213C5737861DD256119EF44D45CD1CECAF08BA1B29FE2AD47F7CEE0237AF618","0"
"record_balanced_original_rule","20260801","3252B3DEEDBDBB58CCA4E63B95499C5D93F75B18D741503DC52FB125CE56F609","rbv01_0213C5737861DD256119EF44D45CD1CECAF08BA1B29FE2AD47F7CEE0237AF618","0"
"record_balanced_original_rule","20260801","330F0B6E295423F5426B5513189EB92BAA6B9B7F027921D26ADCF3841E36C242","rbv01_2358EC0C12B602E4B7C5F9C580844910C6D49ACB512E9988307B46ECAFCD07F3","4"
"record_balanced_original_rule","20260801","332C7B44F9A1A2FA7D0D6CCDF363DA194F6524170B3BF05EE4F10F272D1BEEB4","rbv01_01C322D9FB99669376EAE9C000289E1B0BF73B04313F3AF1BFE6D03B29E89068","4"
"record_balanced_original_rule","20260801","33A5B15450766412B0D8944713D7AC044646D09785DDF57BA6BB70488733F3EE","rbv01_011B84DDF86961F6053ED2B20908582AF6425C6EFA13305F705F7C498093367C","1"
"record_balanced_original_rule","20260801","33A7845F61E88CD3E4710F65729156E589779329988051760FD13D9836B3A78F","rbv01_011B84DDF86961F6053ED2B20908582AF6425C6EFA13305F705F7C498093367C","1"
"record_balanced_original_rule","20260801","33B5727DBA04F869F4BA5F93CC410E14312B9E91CFAAA78BE9366728DDA87B3A","rbv01_046276E5E1EC434CD47FE2E1D4137204B7C79D59E90B81B5BFE9A77BC6C0BB54","2"
"record_balanced_original_rule","20260801","35752366550717723B2814E1947950C8177B64271292B774B87F1DCF8D995FDD","rbv01_011B84DDF86961F6053ED2B20908582AF6425C6EFA13305F705F7C498093367C","1"
"record_balanced_original_rule","20260801","35A40F5F5BC17A70D6D4355BE0C685016287B3CE79B6E90113ADA9FD274ABFB5","rbv01_0FAB0DD3DEC2E0DA5B1841B2949196B7B1E5F846FFA0C8F4AF1461F9D3B66BCE","4"
"record_balanced_original_rule","20260801","361D2ECA150B3E052060C0F713FD4B0F71A11BC20D971597A0025F059CAB9B53","rbv01_021729FAD057771AC5A3F59730477FE06019418FF0104B829F6E153E2D91134D","3"
"record_balanced_original_rule","20260801","363C47C5088C06548CEC49140818FE644BD10D4089193EE8515853DAED0CD1CA","rbv01_046276E5E1EC434CD47FE2E1D4137204B7C79D59E90B81B5BFE9A77BC6C0BB54","2"
"record_balanced_original_rule","20260801","36BCDAA5646ABB478FACA1371D25EC0C4E350F69251D69EF8961460064582975","rbv01_029BDA298EE9F6CF5E11C8E41A870100C0DF57502218FA6619B580755530C213","2"
"record_balanced_original_rule","20260801","36DEDB5A8B03CE33F4752AAFD36590633EDCC246896562D58928F754554E95BB","rbv01_021729FAD057771AC5A3F59730477FE06019418FF0104B829F6E153E2D91134D","3"
"record_balanced_original_rule","20260801","36E0F2D90ADD8227E00C140A3E40427BA45EFBBB78FA3F267D4E9B59036FEE9C","rbv01_011B84DDF86961F6053ED2B20908582AF6425C6EFA13305F705F7C498093367C","1"
"record_balanced_original_rule","20260801","375C0D4DDAC1D50CA9B5224FED330A536C52B8906BD30BBA518F3B263B78645E","rbv01_011B84DDF86961F6053ED2B20908582AF6425C6EFA13305F705F7C498093367C","1"
"record_balanced_original_rule","20260801","37AAE119705A6BFA65F2469495F41DF9DECB6C6A373F1371043131E078F6950F","rbv01_011B84DDF86961F6053ED2B20908582AF6425C6EFA13305F705F7C498093367C","1"
"record_balanced_original_rule","20260801","3811D3AA153202D4DB8E9BC731B5E3EED836FDB3EDB8DF2F4A19BDB1B51304AA","rbv01_0213C5737861DD256119EF44D45CD1CECAF08BA1B29FE2AD47F7CEE0237AF618","0"
"record_balanced_original_rule","20260801","3872938929DFA0CFACE67F47D7B822EC7053855F730946775E4DE9387F7820BF","rbv01_7BC45EEADFA2E8B5EE674938E2D208271131724BDC4F7DA3BE784328B1C274E8","4"
"record_balanced_original_rule","20260801","38EBDBDE59BAADA46BF8B18F5F3719C8B694E4D35D5E345C6049E8158FC3833C","rbv01_08EC8F274B3390CA9A557C1810F52FE38EAF9404CF035F8A1D70A5AAAFA3EA60","2"
"record_balanced_original_rule","20260801","390DCED3232CF34A26F7982567E3E69824095D7A3E1E6DAA2E5D19428F146CF5","rbv01_2358EC0C12B602E4B7C5F9C580844910C6D49ACB512E9988307B46ECAFCD07F3","4"
"record_balanced_original_rule","20260801","39BB04F6BF20A4A7C8B5DB8BF0D1D89A0DE4220E35A78EE1B9870614EBD846A5","rbv01_011B84DDF86961F6053ED2B20908582AF6425C6EFA13305F705F7C498093367C","1"
"record_balanced_original_rule","20260801","39C376AA357CF218B68A892301DED466CC0526372B9AB5B34A92F1CA40154BDA","rbv01_0213C5737861DD256119EF44D45CD1CECAF08BA1B29FE2AD47F7CEE0237AF618","0"
"record_balanced_original_rule","20260801","3A01835E9586E8A691A26F26744C7E97C6AECD6B2BE5AD94955F19568B4D0880","rbv01_011B84DDF86961F6053ED2B20908582AF6425C6EFA13305F705F7C498093367C","1"
"record_balanced_original_rule","20260801","3A142A21E3C9CB0CC81767C4973F18B1936A84C94A7D4E8FE56C27C297D5072E","rbv01_01C322D9FB99669376EAE9C000289E1B0BF73B04313F3AF1BFE6D03B29E89068","4"
"record_balanced_original_rule","20260801","3A6D9F32231CE5325C5FC7580AFACA6611151AEB4D7C4C91521A79E7F135FCF5","rbv01_0213C5737861DD256119EF44D45CD1CECAF08BA1B29FE2AD47F7CEE0237AF618","0"
"record_balanced_original_rule","20260801","3B1984C07FB20EE0C930F76946868EE768896CDEE529081B011A800C61915401","rbv01_2358EC0C12B602E4B7C5F9C580844910C6D49ACB512E9988307B46ECAFCD07F3","4"
"record_balanced_original_rule","20260801","3B47746FD436BBBB62B047882377AC7CF649B27302DF5F6A06078B7849D60D77","rbv01_01C322D9FB99669376EAE9C000289E1B0BF73B04313F3AF1BFE6D03B29E89068","4"
"record_balanced_original_rule","20260801","3B4AB5C3B2239FD46C3023ED557DAFE375B1147A9E5BBB10E5A9FE2EEE2D2CA7","rbv01_011B84DDF86961F6053ED2B20908582AF6425C6EFA13305F705F7C498093367C","1"
"record_balanced_original_rule","20260801","3BFEF649A9326E5027F4A18F5B13DD00F4506697AE513AE1789B0F6A300744FD","rbv01_0E9E0FC3E20BED0F32C5DF6A0164CCE77E206A06E5378ED855756B22A2C4F6E6","3"
"record_balanced_original_rule","20260801","3C6AAD89F633AB0F253C92C52E84A0E7A893F10178FA1A2C2379D26D288B36BA","rbv01_0213C5737861DD256119EF44D45CD1CECAF08BA1B29FE2AD47F7CEE0237AF618","0"
"record_balanced_original_rule","20260801","3C88785426C2DE97489FB4EEED6FFEA6BB4060174FB131A809538413CA9213C0","rbv01_0213C5737861DD256119EF44D45CD1CECAF08BA1B29FE2AD47F7CEE0237AF618","0"
"record_balanced_original_rule","20260801","3D0952C0BA5EB3DFC3644E584AB4D800F77A6B59D87BE8B4CDBCFE9AEB48D0B5","rbv01_011D932A057B34C28A553A7C900731E1D7B1E42FD9312A7495A3DF8ECA2AF3C9","3"
"record_balanced_original_rule","20260801","3D27E92ABF9674592BA8265E12514A48080EDD6C5078D728BAC3D87232AFA057","rbv01_011B84DDF86961F6053ED2B20908582AF6425C6EFA13305F705F7C498093367C","1"
"record_balanced_original_rule","20260801","3D3D1EA7BC63F4282CEB379FDDC40D6EB94EA9A2633796E72CE776EDD59E0A3D","rbv01_08EC8F274B3390CA9A557C1810F52FE38EAF9404CF035F8A1D70A5AAAFA3EA60","2"
"record_balanced_original_rule","20260801","3D703A7076E80067DEF89951650DA8A4205192EFC8780FA170E7C277FAF207EE","rbv01_01C322D9FB99669376EAE9C000289E1B0BF73B04313F3AF1BFE6D03B29E89068","4"
"record_balanced_original_rule","20260801","3D73D6D8B251B7A02D7769F0E78F21F83411348C48EF316FF1A95EA14882BADC","rbv01_0213C5737861DD256119EF44D45CD1CECAF08BA1B29FE2AD47F7CEE0237AF618","0"
"record_balanced_original_rule","20260801","3DB7BB56C531A0A11631DFD873DB74943ABBFFEA7098C6DA658DADE99E3AD030","rbv01_2358EC0C12B602E4B7C5F9C580844910C6D49ACB512E9988307B46ECAFCD07F3","4"
"record_balanced_original_rule","20260801","3DC258512CE77905DB48E9DB298CF78E082382DAE0AB49AD316E804C48DEB406","rbv01_011B84DDF86961F6053ED2B20908582AF6425C6EFA13305F705F7C498093367C","1"
"record_balanced_original_rule","20260801","3DC4455A71B55FE23ABD0FCCCBDEE60DF06B991DF73D0E0322FF0F63C81B750F","rbv01_0213C5737861DD256119EF44D45CD1CECAF08BA1B29FE2AD47F7CEE0237AF618","0"
"record_balanced_original_rule","20260801","3E1484B6D5248889C735861DCD0EE0E9B1010915D40E27C45CB07D0944393B7E","rbv01_2358EC0C12B602E4B7C5F9C580844910C6D49ACB512E9988307B46ECAFCD07F3","4"
"record_balanced_original_rule","20260801","3E20B70260DFC2E4BAEE515B168C9794F529814931C9E8E66AD854AC3A65DD90","rbv01_08EC8F274B3390CA9A557C1810F52FE38EAF9404CF035F8A1D70A5AAAFA3EA60","2"
"record_balanced_original_rule","20260801","3E25F1A4479F36D455F30178B05AF9DB6B53BBC20C7EACDE0F5C601CBD907C3B","rbv01_011B84DDF86961F6053ED2B20908582AF6425C6EFA13305F705F7C498093367C","1"
"record_balanced_original_rule","20260801","3E6F08C879E7074289FE997D854B2869477A556E0DFB11D9A0CE75F40CA0E399","rbv01_011D932A057B34C28A553A7C900731E1D7B1E42FD9312A7495A3DF8ECA2AF3C9","3"
"record_balanced_original_rule","20260801","3EA2110023C72D1B39795451665A20003198977DE7D9012578F5B35F13CD6CCA","rbv01_08EC8F274B3390CA9A557C1810F52FE38EAF9404CF035F8A1D70A5AAAFA3EA60","2"
"record_balanced_original_rule","20260801","3F67FE77A359B4B0EDD7229A24D63A131521EA531D68742549C85D03DC50E8EC","rbv01_01C322D9FB99669376EAE9C000289E1B0BF73B04313F3AF1BFE6D03B29E89068","4"
"record_balanced_original_rule","20260801","3FCC33AAF5C590D56CAC8DC6D6508458DD300A0473E63FFB62697B939E911CDE","rbv01_011B84DDF86961F6053ED2B20908582AF6425C6EFA13305F705F7C498093367C","1"
"record_balanced_original_rule","20260801","3FE0C4FE0A0816FE8942C8AACA5AD02EC4A8E9E040F0A152FD248E52ADB860F8","rbv01_011B84DDF86961F6053ED2B20908582AF6425C6EFA13305F705F7C498093367C","1"
"record_balanced_original_rule","20260801","3FECBBA923111BE13CD5D85A19322EF6D618969D4B34E1A065F86A176FFC171B","rbv01_011B84DDF86961F6053ED2B20908582AF6425C6EFA13305F705F7C498093367C","1"
"record_balanced_original_rule","20260801","408751F952862DF07FBC2F487B24B044FA569ED9516888478954E338D1BFBCA6","rbv01_046276E5E1EC434CD47FE2E1D4137204B7C79D59E90B81B5BFE9A77BC6C0BB54","2"
"record_balanced_original_rule","20260801","4099F39B3AAE4DDA1FB9529596D868F8F5C18AAAA729A9E5C4AD1A31648A9310","rbv01_011B84DDF86961F6053ED2B20908582AF6425C6EFA13305F705F7C498093367C","1"
"record_balanced_original_rule","20260801","40AD1CF8497BF8C8A34AC837C4A6DC1C6CB9E583938D7F292824BB10E34F0450","rbv01_2358EC0C12B602E4B7C5F9C580844910C6D49ACB512E9988307B46ECAFCD07F3","4"
"record_balanced_original_rule","20260801","40E95BCB2DA6C11487E1FB1F163EB2B0AFF150B7DB779588D09B11C627F67AA0","rbv01_0E9E0FC3E20BED0F32C5DF6A0164CCE77E206A06E5378ED855756B22A2C4F6E6","3"
"record_balanced_original_rule","20260801","41250789DDCF07FCF7353DA31AE01894EDC9FC6C7BAEB1E1B0148F706FE7B413","rbv01_0213C5737861DD256119EF44D45CD1CECAF08BA1B29FE2AD47F7CEE0237AF618","0"
"record_balanced_original_rule","20260801","4159A8EDFF2E94149BC780537B7BAEAB819F30108890E1D0334296C04EAEFD92","rbv01_021729FAD057771AC5A3F59730477FE06019418FF0104B829F6E153E2D91134D","3"
"record_balanced_original_rule","20260801","41A388817BDBCB2BA14BCE922EAA7E3F86663995A5B4DECE51FCC7118D33A228","rbv01_0FAB0DD3DEC2E0DA5B1841B2949196B7B1E5F846FFA0C8F4AF1461F9D3B66BCE","4"
"record_balanced_original_rule","20260801","41BE6CCE837C044E6AA95123E47B75CE3DD12587D7D6267EFC49A37DA9A7985B","rbv01_0213C5737861DD256119EF44D45CD1CECAF08BA1B29FE2AD47F7CEE0237AF618","0"
"record_balanced_original_rule","20260801","41D14E9CDC1075976AF61AD0FAF8209A1F4D980C4B8A0A40CC5382084F3E367D","rbv01_0213C5737861DD256119EF44D45CD1CECAF08BA1B29FE2AD47F7CEE0237AF618","0"
"record_balanced_original_rule","20260801","434125391825E9858C112A0BFFDDC348E360A6CEBDBCBD4A01D217752BAF8A93","rbv01_0213C5737861DD256119EF44D45CD1CECAF08BA1B29FE2AD47F7CEE0237AF618","0"
"record_balanced_original_rule","20260801","437DC9A7927A255442ACD1FA3D279579C7230A19DE4B6ECA3F46CBC7898EF707","rbv01_0E9E0FC3E20BED0F32C5DF6A0164CCE77E206A06E5378ED855756B22A2C4F6E6","3"
"record_balanced_original_rule","20260801","4381D377E0C2F48D9D0E2AFDBA401F5DBD2AEC82329C9D84F6AA89AF9D5F5B58","rbv01_011B84DDF86961F6053ED2B20908582AF6425C6EFA13305F705F7C498093367C","1"
"record_balanced_original_rule","20260801","439AF85824202428A54E9FC3B53BBBA5CF98FADA0216CC4F00AB3E07B8806E71","rbv01_011B84DDF86961F6053ED2B20908582AF6425C6EFA13305F705F7C498093367C","1"
"record_balanced_original_rule","20260801","43B2A50B115B67670E49A3A65AAFC81104F3786411F346A1EBE53FBEDCDEDED3","rbv01_011D932A057B34C28A553A7C900731E1D7B1E42FD9312A7495A3DF8ECA2AF3C9","3"
"record_balanced_original_rule","20260801","444D4AA3E2C186829DEDEE418B76E60719C024ED0B4B4537CFBD9A9B6F994EAA","rbv01_0213C5737861DD256119EF44D45CD1CECAF08BA1B29FE2AD47F7CEE0237AF618","0"
"record_balanced_original_rule","20260801","4450A047AC605EDA7B22DC8E088CC1C0E70C606057FA0CFCC0C2F0C3C30598A6","rbv01_011B84DDF86961F6053ED2B20908582AF6425C6EFA13305F705F7C498093367C","1"
"record_balanced_original_rule","20260801","445AE34132D5480345F0DBD582722270DAC2610A406E62840904EBE7DE495300","rbv01_011B84DDF86961F6053ED2B20908582AF6425C6EFA13305F705F7C498093367C","1"
"record_balanced_original_rule","20260801","450AAD2453983EA51D2D22C1C2A5225DF27B7B6FB645EC6255F57795D7A926B4","rbv01_0213C5737861DD256119EF44D45CD1CECAF08BA1B29FE2AD47F7CEE0237AF618","0"
"record_balanced_original_rule","20260801","452F34470F7B3DBDA99E41C833456F21153CBED06C673E2ED411B7F13D45D41A","rbv01_0E9E0FC3E20BED0F32C5DF6A0164CCE77E206A06E5378ED855756B22A2C4F6E6","3"
"record_balanced_original_rule","20260801","45733AC66C7524952635B5DA1FC3CA44E7464A94B06E48E669231B4D1C5582CA","rbv01_01C322D9FB99669376EAE9C000289E1B0BF73B04313F3AF1BFE6D03B29E89068","4"
"record_balanced_original_rule","20260801","45B79E955E92D757256C95752B33706F24439DB877F9ED0A206537C4E244BDD0","rbv01_0E9E0FC3E20BED0F32C5DF6A0164CCE77E206A06E5378ED855756B22A2C4F6E6","3"
"record_balanced_original_rule","20260801","45E1399C5049E03BDC43FAAD1A8B53BFB45FE2E828E7422104DE2889224577CA","rbv01_2358EC0C12B602E4B7C5F9C580844910C6D49ACB512E9988307B46ECAFCD07F3","4"
"record_balanced_original_rule","20260801","45F4960707D3325A0221C800B06B053788735F04B027B37411436ACDA4A89945","rbv01_0E9E0FC3E20BED0F32C5DF6A0164CCE77E206A06E5378ED855756B22A2C4F6E6","3"
"record_balanced_original_rule","20260801","461060C1C35F2CBE4A854DFE570AE437C8620E9BA90995DE613263AC403265DA","rbv01_011B84DDF86961F6053ED2B20908582AF6425C6EFA13305F705F7C498093367C","1"
"record_balanced_original_rule","20260801","461C36B36801F07722EDEAC1A5C6775D51B0DD34D6AAA476D7ADDD954EE45055","rbv01_054201B2ED3ADADFBB0028C07B1A262219631DC717FDE4862C42583AB67D10C2","1"
"record_balanced_original_rule","20260801","46DFFAB21CBA603E14CA71915309CE3A5AEFCEADCF54CEEB30A2B2C59C5187CF","rbv01_0213C5737861DD256119EF44D45CD1CECAF08BA1B29FE2AD47F7CEE0237AF618","0"
"record_balanced_original_rule","20260801","46FAD474DFE35A28F6049743424BA37546CD9812A2E9A22BAC96B8CF73A9F896","rbv01_2358EC0C12B602E4B7C5F9C580844910C6D49ACB512E9988307B46ECAFCD07F3","4"
"record_balanced_original_rule","20260801","46FBD697929159320AA7AD07FB3E55E29EDD03EE6F84DACBED9549F2E292CF17","rbv01_0213C5737861DD256119EF44D45CD1CECAF08BA1B29FE2AD47F7CEE0237AF618","0"
"record_balanced_original_rule","20260801","472AD0311B0636C90907D2D626C33B145D9831EA75FC62458CE599EE0AD08037","rbv01_011D932A057B34C28A553A7C900731E1D7B1E42FD9312A7495A3DF8ECA2AF3C9","3"
"record_balanced_original_rule","20260801","4773159EB39C8FEB1CB224A5320ADEA45CC752FE853DFDC8A7C6D601953495BC","rbv01_2358EC0C12B602E4B7C5F9C580844910C6D49ACB512E9988307B46ECAFCD07F3","4"
"record_balanced_original_rule","20260801","4867D9A5079B8B7B4077A29F94B6A8984A401767FA420676EF4004A3700163A6","rbv01_011B84DDF86961F6053ED2B20908582AF6425C6EFA13305F705F7C498093367C","1"
"record_balanced_original_rule","20260801","488EB2C85A677C03C0D8B5DE4F707EBF083815A08DA663A752E3E375CD05E51E","rbv01_011D932A057B34C28A553A7C900731E1D7B1E42FD9312A7495A3DF8ECA2AF3C9","3"
"record_balanced_original_rule","20260801","48FB23675E5C58C68AD2247A9B305EA3D0051BEC04724870F482A7CE3CEC4303","rbv01_0213C5737861DD256119EF44D45CD1CECAF08BA1B29FE2AD47F7CEE0237AF618","0"
"record_balanced_original_rule","20260801","49065CC7700D9EA14D3519EAFF894FC51D125E62E600505A69AEB925B58711F6","rbv01_021729FAD057771AC5A3F59730477FE06019418FF0104B829F6E153E2D91134D","3"
"record_balanced_original_rule","20260801","49812D40CD7C70D514291ED79A8154C7B34332DB8AEB92FBF9B100D3EC514716","rbv01_021729FAD057771AC5A3F59730477FE06019418FF0104B829F6E153E2D91134D","3"
"record_balanced_original_rule","20260801","49C5CAE21AC63BA801406B5D4231E8F58B9435966F1504366E2A69A6F8BEA76C","rbv01_01C322D9FB99669376EAE9C000289E1B0BF73B04313F3AF1BFE6D03B29E89068","4"
"record_balanced_original_rule","20260801","49E9C31B508C70478AACF4DB26DC0A53CF5DF5D19D94AF056CE805E486430A11","rbv01_0D49377FA046416BEACFBB00B72B25CF04B27FCDD1DFA22E7E8C3ECE070E08F2","0"
"record_balanced_original_rule","20260801","4A903B93E71C80DBBCFE041008B4AC0BB2B1B011BFFCEC11C6FBEEA1E61B140D","rbv01_011B84DDF86961F6053ED2B20908582AF6425C6EFA13305F705F7C498093367C","1"
"record_balanced_original_rule","20260801","4AD7BBD2A5FD57BF17D7B5EDCA121A6BDD18D030099C3DBA947ABD384EC89F78","rbv01_011B84DDF86961F6053ED2B20908582AF6425C6EFA13305F705F7C498093367C","1"
"record_balanced_original_rule","20260801","4AEA0854328F63BA8B6BD31CD3120210060AD06B96DD5A48C43B12E030EDB99C","rbv01_0213C5737861DD256119EF44D45CD1CECAF08BA1B29FE2AD47F7CEE0237AF618","0"
"record_balanced_original_rule","20260801","4B0F92D31B501D4F13A76543BD15876C281FB8FDFF994489A14D668E86F8F30B","rbv01_021729FAD057771AC5A3F59730477FE06019418FF0104B829F6E153E2D91134D","3"
"record_balanced_original_rule","20260801","4BA8932F890B72F225D3E4A59A28704CA7F69CB81ABDF8BFF9991A2B46A146EB","rbv01_0213C5737861DD256119EF44D45CD1CECAF08BA1B29FE2AD47F7CEE0237AF618","0"
"record_balanced_original_rule","20260801","4BB905050347B836AB901BA55DF415E433120FBA51A8E3A20F2BDAD110B61702","rbv01_08EC8F274B3390CA9A557C1810F52FE38EAF9404CF035F8A1D70A5AAAFA3EA60","2"
"record_balanced_original_rule","20260801","4BF70BED02886DBB1B4BBDC99C922AFFFBF05DBA462F541F030050DC546DDEE9","rbv01_0213C5737861DD256119EF44D45CD1CECAF08BA1B29FE2AD47F7CEE0237AF618","0"
"record_balanced_original_rule","20260801","4C17B0B8C9855F210E5E0686AB5C138B8900568C770055EADC8ED6583965AEFD","rbv01_011B84DDF86961F6053ED2B20908582AF6425C6EFA13305F705F7C498093367C","1"
"record_balanced_original_rule","20260801","4C246C49379D39671B1C1E73C076C00560D36F82BAD1B1C850A84C9931ADFFAD","rbv01_011B84DDF86961F6053ED2B20908582AF6425C6EFA13305F705F7C498093367C","1"
"record_balanced_original_rule","20260801","4D309BEA4507777F3A4248A6C711912DFB50A2F9445EAA470AA25DDB2E25D43D","rbv01_2358EC0C12B602E4B7C5F9C580844910C6D49ACB512E9988307B46ECAFCD07F3","4"
"record_balanced_original_rule","20260801","4D6EE8DA84AF6D99212327D362FFAD481C666DA081AA72CB3F7E29E423B4A2F8","rbv01_0213C5737861DD256119EF44D45CD1CECAF08BA1B29FE2AD47F7CEE0237AF618","0"
"record_balanced_original_rule","20260801","4DDDC216782D2960AEAEF9370B334BFB65C8D314C1BAB9BBA18455370DB3342F","rbv01_011B84DDF86961F6053ED2B20908582AF6425C6EFA13305F705F7C498093367C","1"
"record_balanced_original_rule","20260801","4DEFC47228E4B12BDC04646BB8BB24245A7FD2A635F65D64CEC8DEDF620DD6C4","rbv01_01C322D9FB99669376EAE9C000289E1B0BF73B04313F3AF1BFE6D03B29E89068","4"
"record_balanced_original_rule","20260801","4E2DE2EDF2A6245DDD07BAE533336D7C3EAD221EAAD4864C9787E47FD828B7E7","rbv01_01C322D9FB99669376EAE9C000289E1B0BF73B04313F3AF1BFE6D03B29E89068","4"
"record_balanced_original_rule","20260801","4EB2767698EC813807F2FBC0AF44794BD389BBD3A39519B4912202E199CB91CF","rbv01_054201B2ED3ADADFBB0028C07B1A262219631DC717FDE4862C42583AB67D10C2","1"
"record_balanced_original_rule","20260801","4F2B583FE4E7764C42D005CE39EFBBFC2106F3E1E70AA23761211B98F5A7B319","rbv01_0DA9CA625518CEB3C5B20C7295004FB7CDC5BC108FF93282C63467286DA188EB","3"
"record_balanced_original_rule","20260801","4F616FF5D7F89A5D8CD2F80944E68D5D9016AD33F3CCB7CE44165A7E4D48582A","rbv01_0DA9CA625518CEB3C5B20C7295004FB7CDC5BC108FF93282C63467286DA188EB","3"
"record_balanced_original_rule","20260801","5045C2C6959EA40470DFEECDBFF501C04B7FB52D432E3636366EE63391BB26DF","rbv01_011B84DDF86961F6053ED2B20908582AF6425C6EFA13305F705F7C498093367C","1"
"record_balanced_original_rule","20260801","511219158301CB59D03A8430389179F1DF8B9F3EAD0B65457F7DC5C860B65143","rbv01_2358EC0C12B602E4B7C5F9C580844910C6D49ACB512E9988307B46ECAFCD07F3","4"
"record_balanced_original_rule","20260801","51AED83FEBEBBBDF81BF76A9DEBDC2496EDF80BE005F5E74BDF6EC48025D254E","rbv01_011B84DDF86961F6053ED2B20908582AF6425C6EFA13305F705F7C498093367C","1"
"record_balanced_original_rule","20260801","5224D6BB74AF0B9DFAE3AEB255D416B041D9B1D98CB4B32636FE77B29EB7EF80","rbv01_011B84DDF86961F6053ED2B20908582AF6425C6EFA13305F705F7C498093367C","1"
"record_balanced_original_rule","20260801","526CB10D1926DF75FFE3294A10036820F5E9B397E289C7619F9BFBDF7E001D5F","rbv01_011B84DDF86961F6053ED2B20908582AF6425C6EFA13305F705F7C498093367C","1"
"record_balanced_original_rule","20260801","527FAB735F1124C4763E261857868A75747E78A9E2AE1E6A8FDB0768F3C7F876","rbv01_76BCAA01B24B5B79F90CBEA55222EB028CC0DA3AC4CAD5CF5008C6EE1291E4FC","0"
"record_balanced_original_rule","20260801","529420CA06A50691BF6BF36D9CD498662A360E73D696F422A144A9DBFA524461","rbv01_021729FAD057771AC5A3F59730477FE06019418FF0104B829F6E153E2D91134D","3"
"record_balanced_original_rule","20260801","534F9F6A382D86CD0AC2FD148D9647C8F4DABAED9725DE3F2EDCD815DE3A6744","rbv01_2358EC0C12B602E4B7C5F9C580844910C6D49ACB512E9988307B46ECAFCD07F3","4"
"record_balanced_original_rule","20260801","53B57017738A840DE09247C52226912C224E73007DEC7D366B81EF86BCF0C802","rbv01_2358EC0C12B602E4B7C5F9C580844910C6D49ACB512E9988307B46ECAFCD07F3","4"
"record_balanced_original_rule","20260801","53BB7B0BA4D65E00579D7CB4D5801C992D8D730035DC3644B14DF19167B40B46","rbv01_054201B2ED3ADADFBB0028C07B1A262219631DC717FDE4862C42583AB67D10C2","1"
"record_balanced_original_rule","20260801","53BFDBB9B8E0218E1494423F87B6DE59EB63C3014CDEC30C4BC068AFD5B6B835","rbv01_0E9E0FC3E20BED0F32C5DF6A0164CCE77E206A06E5378ED855756B22A2C4F6E6","3"
"record_balanced_original_rule","20260801","53E3752651A5631B1DBB70D27EAE92E6E60AD4A741291A8BC14F4925FDC95823","rbv01_0E9E0FC3E20BED0F32C5DF6A0164CCE77E206A06E5378ED855756B22A2C4F6E6","3"
"record_balanced_original_rule","20260801","540640EFFF86AE4AEDB91DC09CBE8EA2B29C46299239AA9BE2F56CE7D83DF037","rbv01_0213C5737861DD256119EF44D45CD1CECAF08BA1B29FE2AD47F7CEE0237AF618","0"
"record_balanced_original_rule","20260801","545D8357071AE6D64E54617785D37552C9DAF6E20F4553C56E64730AE30DA43A","rbv01_0E9E0FC3E20BED0F32C5DF6A0164CCE77E206A06E5378ED855756B22A2C4F6E6","3"
"record_balanced_original_rule","20260801","5468D9B9D12EA6F793E3D6F744C9DAF90D2E455EB7906DACF0516BBDA253EBA9","rbv01_046276E5E1EC434CD47FE2E1D4137204B7C79D59E90B81B5BFE9A77BC6C0BB54","2"
"record_balanced_original_rule","20260801","547A7ECB082E1396DC5BF15010A4A42C46C061C8725A118FA7824033BB0BC50A","rbv01_0E9E0FC3E20BED0F32C5DF6A0164CCE77E206A06E5378ED855756B22A2C4F6E6","3"
"record_balanced_original_rule","20260801","55014121E5C882552CF9155F776E0CF47718145447C7BC4EABB2DAC2C0E7DE25","rbv01_0E9E0FC3E20BED0F32C5DF6A0164CCE77E206A06E5378ED855756B22A2C4F6E6","3"
"record_balanced_original_rule","20260801","553FAFC31B25E52B6C086339C65A6235181C325B0F590ED23612B07B731756F2","rbv01_011B84DDF86961F6053ED2B20908582AF6425C6EFA13305F705F7C498093367C","1"
"record_balanced_original_rule","20260801","55634C205CFA0E4C6E0C00A73AEF26E144B5B00B101D11A5570063A4858C7B84","rbv01_011B84DDF86961F6053ED2B20908582AF6425C6EFA13305F705F7C498093367C","1"
"record_balanced_original_rule","20260801","558F416E7B0A01D9A2560B557EC90ACEDD265ADDF96D27310D9CDBB7EC5BEC9C","rbv01_01C322D9FB99669376EAE9C000289E1B0BF73B04313F3AF1BFE6D03B29E89068","4"
"record_balanced_original_rule","20260801","55AF0F4A3B9E4E6C2857380D9C27D5A3CFCB006691BFBF934300C26D8927901E","rbv01_2358EC0C12B602E4B7C5F9C580844910C6D49ACB512E9988307B46ECAFCD07F3","4"
"record_balanced_original_rule","20260801","560D72B3593A990815FE48B1155EBBE88C3C0435ABE07CE239CE9C7307C15D56","rbv01_0213C5737861DD256119EF44D45CD1CECAF08BA1B29FE2AD47F7CEE0237AF618","0"
"record_balanced_original_rule","20260801","5639318B014A2C944CC5285A00F41B8E74052DF50863E0EFD87BAD21ADBCACE6","rbv01_011B84DDF86961F6053ED2B20908582AF6425C6EFA13305F705F7C498093367C","1"
"record_balanced_original_rule","20260801","56C214C3F046023DA6B0771E67FAB270EFF584ABF9D9F973757415ADCE1A99F3","rbv01_011B84DDF86961F6053ED2B20908582AF6425C6EFA13305F705F7C498093367C","1"
"record_balanced_original_rule","20260801","57050E6A8DEDDE7DB4CAFFBF7AEEACB012030BC6576ECD99999F3C8A7976C375","rbv01_0213C5737861DD256119EF44D45CD1CECAF08BA1B29FE2AD47F7CEE0237AF618","0"
"record_balanced_original_rule","20260801","57E45F7478676079B8B072E89DE3BFA39F6A00778BA8222E21BED5B3D48BB3D2","rbv01_011B84DDF86961F6053ED2B20908582AF6425C6EFA13305F705F7C498093367C","1"
"record_balanced_original_rule","20260801","57E97D0A553803661F82EB973E74A82B4A4FF3B4FA5A6B09EBA7B2C3BB32A2A7","rbv01_011B84DDF86961F6053ED2B20908582AF6425C6EFA13305F705F7C498093367C","1"
"record_balanced_original_rule","20260801","585604A3364E953D27D7E96337FD9B2AB42645B7A86BD54240E68C8622CAE86E","rbv01_0213C5737861DD256119EF44D45CD1CECAF08BA1B29FE2AD47F7CEE0237AF618","0"
"record_balanced_original_rule","20260801","5859EC6E9C64004E87D38D7D86AA4D3F2773AAA7C2DC56D6F71CF8A9F7001727","rbv01_0213C5737861DD256119EF44D45CD1CECAF08BA1B29FE2AD47F7CEE0237AF618","0"
"record_balanced_original_rule","20260801","5873A6B1ABADDBD30A3EC32573C3936AE36D498CCD6A333EAF7CB4A2944E3005","rbv01_2358EC0C12B602E4B7C5F9C580844910C6D49ACB512E9988307B46ECAFCD07F3","4"
"record_balanced_original_rule","20260801","587F949A84CB56FE11AB6B6D62E7790A37AEA7DB27CB595C3498FDACF036FDC5","rbv01_0E9E0FC3E20BED0F32C5DF6A0164CCE77E206A06E5378ED855756B22A2C4F6E6","3"
"record_balanced_original_rule","20260801","589909DA400CDA359FA0E7A50DF7A5251AC809128D4617304628995B9E71301E","rbv01_01C322D9FB99669376EAE9C000289E1B0BF73B04313F3AF1BFE6D03B29E89068","4"
"record_balanced_original_rule","20260801","593386B6291210BC5B8FF118B6B2A17D08B338381A28602C61E99B0FDA6867B9","rbv01_0213C5737861DD256119EF44D45CD1CECAF08BA1B29FE2AD47F7CEE0237AF618","0"
"record_balanced_original_rule","20260801","59C2FE5686A10BA06EC84AC544A92FA2E677E6A490A1F44AC5FAAF3E4AE4C03C","rbv01_0E9E0FC3E20BED0F32C5DF6A0164CCE77E206A06E5378ED855756B22A2C4F6E6","3"
"record_balanced_original_rule","20260801","5A34B647354A5293524F20A0436591EFC8C26D9AFEFD91527FA94AE94D4592E7","rbv01_011B84DDF86961F6053ED2B20908582AF6425C6EFA13305F705F7C498093367C","1"
"record_balanced_original_rule","20260801","5A5F363DDF5138B82CC8A2D2E16B99326EFA2D7C66A6BA0AE7936C640E48DB3C","rbv01_011B84DDF86961F6053ED2B20908582AF6425C6EFA13305F705F7C498093367C","1"
"record_balanced_original_rule","20260801","5AF732DB4071EF1AE930CD7722F2971A337C01ACA23BE39B063C81B442EDFA30","rbv01_0213C5737861DD256119EF44D45CD1CECAF08BA1B29FE2AD47F7CEE0237AF618","0"
"record_balanced_original_rule","20260801","5B0920E92A70337286CFAD56B29C6D9D1DAB06EF6E218462A5F0C0BC751D8FFE","rbv01_0D49377FA046416BEACFBB00B72B25CF04B27FCDD1DFA22E7E8C3ECE070E08F2","0"
"record_balanced_original_rule","20260801","5C405999428C131305A40C881E8D00DAE368C9E29F30FBC763519E5AA36FDB74","rbv01_011B84DDF86961F6053ED2B20908582AF6425C6EFA13305F705F7C498093367C","1"
"record_balanced_original_rule","20260801","5C4A573C9E11E22CD4CA466DAFB46D88B772EF6130F2B9E61FA62DB4B7D13E64","rbv01_011B84DDF86961F6053ED2B20908582AF6425C6EFA13305F705F7C498093367C","1"
"record_balanced_original_rule","20260801","5CB46307AFB5C3CEC13FA622A8F81A5E448DF596917242D1B61C4A778D9E9D7D","rbv01_0213C5737861DD256119EF44D45CD1CECAF08BA1B29FE2AD47F7CEE0237AF618","0"
"record_balanced_original_rule","20260801","5CD6C75FBE29FA80E3BB7F5775589164AC3B2E3D1A5C2EE8E8C433BB6BF43510","rbv01_011B84DDF86961F6053ED2B20908582AF6425C6EFA13305F705F7C498093367C","1"
"record_balanced_original_rule","20260801","5CE0FA3E17A2E4B395186D7EBB7CD22DF86A5C57EA7FDC72CC741F891C3C6757","rbv01_0E9E0FC3E20BED0F32C5DF6A0164CCE77E206A06E5378ED855756B22A2C4F6E6","3"
"record_balanced_original_rule","20260801","5D63FAD27555B9DB68AD10175AEB6A60FD59F0AFD0FE146695953486FAAE45FB","rbv01_08EC8F274B3390CA9A557C1810F52FE38EAF9404CF035F8A1D70A5AAAFA3EA60","2"
"record_balanced_original_rule","20260801","5E0071CD5CB55992A750BCE258ADDBC8B0C9CF1D50FD77C5A24D6DFC814011CC","rbv01_147C763D2DD7A735DC5DA68C31ECD7579510C8C8494E1BBB99D46B386B713D84","4"
"record_balanced_original_rule","20260801","5E0281654E30919D5D82F901F17AED34F85BF0A1AB24DE74043602CB526809F0","rbv01_011B84DDF86961F6053ED2B20908582AF6425C6EFA13305F705F7C498093367C","1"
"record_balanced_original_rule","20260801","5E06FD7724DAA44666253EBCB056D98D636326C24480117CBCD8FAD871EB876C","rbv01_0C68AE2824568C19A46D2947C2D1EB95DFE6E72AF600B3275A62492DFFF69BF3","3"
"record_balanced_original_rule","20260801","5F36CCB2F2766F08143AA3B93A9252C8E51E6B0904375C2353C376C92E2E57EE","rbv01_147C763D2DD7A735DC5DA68C31ECD7579510C8C8494E1BBB99D46B386B713D84","4"
"record_balanced_original_rule","20260801","5FC7F592B55D903EF47A4A3A0B2DF59F146AFCCD6B6EEC56595A34392212186A","rbv01_011B84DDF86961F6053ED2B20908582AF6425C6EFA13305F705F7C498093367C","1"
"record_balanced_original_rule","20260801","5FC9599CDCDE496EC24CFCBB80224C8DDADDA4DACD78E4FB274073A1FB81DD78","rbv01_011B84DDF86961F6053ED2B20908582AF6425C6EFA13305F705F7C498093367C","1"
"record_balanced_original_rule","20260801","607F64DDB025C3F5C3B87DDE0E830EE58D66385CD5CADB63CAF0BC1C1BE9E25A","rbv01_01C322D9FB99669376EAE9C000289E1B0BF73B04313F3AF1BFE6D03B29E89068","4"
"record_balanced_original_rule","20260801","6092B66F178B3C7E0D960FEF9575ADD9A60E346D4ECDBBF528DEE179E4F71DA7","rbv01_046276E5E1EC434CD47FE2E1D4137204B7C79D59E90B81B5BFE9A77BC6C0BB54","2"
"record_balanced_original_rule","20260801","609749579572B2FA6E14FA1EEB1F875B07B2F9FF9C72A3E3939FB6EDD90DBEEB","rbv01_0213C5737861DD256119EF44D45CD1CECAF08BA1B29FE2AD47F7CEE0237AF618","0"
"record_balanced_original_rule","20260801","60FE2F0C145E2CFD68F826BE3443271BEC5594C868617B24A4CEBD34586C265D","rbv01_01C322D9FB99669376EAE9C000289E1B0BF73B04313F3AF1BFE6D03B29E89068","4"
"record_balanced_original_rule","20260801","61016099D502283DA40D4EE4B9F7C0ED7DF6F7D964401D6A2D8CF3EB6248FCF1","rbv01_0E9E0FC3E20BED0F32C5DF6A0164CCE77E206A06E5378ED855756B22A2C4F6E6","3"
"record_balanced_original_rule","20260801","6112398A5A27A1DDBAE7D6EEB8F1D68BD7CF7787D3B91DF1A831D7E5CADC9093","rbv01_054201B2ED3ADADFBB0028C07B1A262219631DC717FDE4862C42583AB67D10C2","1"
"record_balanced_original_rule","20260801","6142EE048B1B633FA5249772D940196675EC543F3226DDDC2433B4DBB15E3B25","rbv01_01C322D9FB99669376EAE9C000289E1B0BF73B04313F3AF1BFE6D03B29E89068","4"
"record_balanced_original_rule","20260801","6174FF925532C926AAA32B79CA43300752AD193CF23A92B8659393C437840F13","rbv01_0213C5737861DD256119EF44D45CD1CECAF08BA1B29FE2AD47F7CEE0237AF618","0"
"record_balanced_original_rule","20260801","61A09FA5B6C964AC5A1B5CF9C6D57743E0A6CDC9A9F8052EFE320510632BBCBF","rbv01_011B84DDF86961F6053ED2B20908582AF6425C6EFA13305F705F7C498093367C","1"
"record_balanced_original_rule","20260801","6216459473676649F75F11A9C627388BF00109948ECF84C5364ECC7519473562","rbv01_011B84DDF86961F6053ED2B20908582AF6425C6EFA13305F705F7C498093367C","1"
"record_balanced_original_rule","20260801","62A5E1A05A38F7781B623E66C3C9663D8D191152A46CFCA583EE0FFCA699D18E","rbv01_2358EC0C12B602E4B7C5F9C580844910C6D49ACB512E9988307B46ECAFCD07F3","4"
"record_balanced_original_rule","20260801","62FBDE22D30C21640013F7960847A31F801A567F17DD3466485C84E68C2F4A76","rbv01_0213C5737861DD256119EF44D45CD1CECAF08BA1B29FE2AD47F7CEE0237AF618","0"
"record_balanced_original_rule","20260801","63CB23ECC2CBBC2F66E3FA210899309DE3B993E414146D1BA55D2766A60D1D3C","rbv01_011B84DDF86961F6053ED2B20908582AF6425C6EFA13305F705F7C498093367C","1"
"record_balanced_original_rule","20260801","63DF561656502F71DB9CF94570A0BAEC8C6EB0A93198BD12C45E1B5323792361","rbv01_0E9E0FC3E20BED0F32C5DF6A0164CCE77E206A06E5378ED855756B22A2C4F6E6","3"
"record_balanced_original_rule","20260801","640ADC9C9E5B52E8423895DF788D46B5B2B7ECBBB00F7AC4C1EE8102766842AB","rbv01_0E9E0FC3E20BED0F32C5DF6A0164CCE77E206A06E5378ED855756B22A2C4F6E6","3"
"record_balanced_original_rule","20260801","6486B0B00B6A64D5FF711049D18835756EC3243B4AE0B146640B61E3DBBF3B1B","rbv01_2358EC0C12B602E4B7C5F9C580844910C6D49ACB512E9988307B46ECAFCD07F3","4"
"record_balanced_original_rule","20260801","64BCED7CD45A062E0D93E9DA6A459E08E7DE3EE75334CEC74B37EC8FF0D387FB","rbv01_25A206590D1048D18147FD26B701861897281071258782AED6A00779FFF7210A","1"
"record_balanced_original_rule","20260801","64C619A75D94EA4475D6BBF73AB84509C81BE1871176F2040555FB74C94DF678","rbv01_054201B2ED3ADADFBB0028C07B1A262219631DC717FDE4862C42583AB67D10C2","1"
"record_balanced_original_rule","20260801","64D37F8EC94157972501866F2C0409596E19184285BE6BB17F05CD21384C6C66","rbv01_011B84DDF86961F6053ED2B20908582AF6425C6EFA13305F705F7C498093367C","1"
"record_balanced_original_rule","20260801","64FB82376477A79AB45C3F7EA5AAFB49EE7423DF9CEE856D7DC34E22794A133C","rbv01_0DA9CA625518CEB3C5B20C7295004FB7CDC5BC108FF93282C63467286DA188EB","3"
"record_balanced_original_rule","20260801","6547A33CB61AB244D15ECF247ABF262D96D6472DC78D3F5CAE326622A202F9FB","rbv01_0E9E0FC3E20BED0F32C5DF6A0164CCE77E206A06E5378ED855756B22A2C4F6E6","3"
"record_balanced_original_rule","20260801","656390EED1FD9897918FE16673DD9919DA443EEF28949541135699DE80A4846F","rbv01_0DA9CA625518CEB3C5B20C7295004FB7CDC5BC108FF93282C63467286DA188EB","3"
"record_balanced_original_rule","20260801","657EEF51C5520A0224536CE12861644354A6A9B5C07D2B3879D62C05ABEDDD32","rbv01_0213C5737861DD256119EF44D45CD1CECAF08BA1B29FE2AD47F7CEE0237AF618","0"
"record_balanced_original_rule","20260801","661FC0C39FF5A85F97A0C6688C297F8B7E98C764E4A11420E164B018D9E7226C","rbv01_4C51CFDB4AF8C1E97EE68AD316E14EE38D69EBF9BC08EA86615CC9553C187FB5","3"
"record_balanced_original_rule","20260801","6627CE031858FF0E6CF28EBB1CB041EBA4FE95AB467047BDD1561249CCF925A1","rbv01_011D932A057B34C28A553A7C900731E1D7B1E42FD9312A7495A3DF8ECA2AF3C9","3"
"record_balanced_original_rule","20260801","66353004E46A7D2DEA8AAFE7F83594C8F92144747DA49A5CF301F31E84591F1D","rbv01_2358EC0C12B602E4B7C5F9C580844910C6D49ACB512E9988307B46ECAFCD07F3","4"
"record_balanced_original_rule","20260801","66A1BE2CD6F6FF08C11A2C3357EF8EC0C032A86D5D87B13B11945FBD45127931","rbv01_0213C5737861DD256119EF44D45CD1CECAF08BA1B29FE2AD47F7CEE0237AF618","0"
"record_balanced_original_rule","20260801","66BAC981C1C4701485BEE46F46AF3026FED8EBB0BCF9929C549C58791E83067E","rbv01_011B84DDF86961F6053ED2B20908582AF6425C6EFA13305F705F7C498093367C","1"
"record_balanced_original_rule","20260801","6704B9633DCEBC2BA01FDECDFD5EA4A5370D106858137FFEAAAC036EFB3FD757","rbv01_0213C5737861DD256119EF44D45CD1CECAF08BA1B29FE2AD47F7CEE0237AF618","0"
"record_balanced_original_rule","20260801","6835116907D67386298A9EF5227E3B49C83D7F220C27D7E8DD2D87BF3A43EF25","rbv01_0213C5737861DD256119EF44D45CD1CECAF08BA1B29FE2AD47F7CEE0237AF618","0"
"record_balanced_original_rule","20260801","6871BE6DDBAEC27287050ECFCAB5CFC294576AA669561D671D6FB888E6328DFD","rbv01_0213C5737861DD256119EF44D45CD1CECAF08BA1B29FE2AD47F7CEE0237AF618","0"
"record_balanced_original_rule","20260801","68F263FF68635FB84AD0D3374FC9B9E01894B2311A0B168682615C327AD57C9D","rbv01_011B84DDF86961F6053ED2B20908582AF6425C6EFA13305F705F7C498093367C","1"
"record_balanced_original_rule","20260801","6941EF9147030F468EE2273E4A1E92FDB438B995704E775A9791FFD169DA606E","rbv01_046276E5E1EC434CD47FE2E1D4137204B7C79D59E90B81B5BFE9A77BC6C0BB54","2"
"record_balanced_original_rule","20260801","69F9E99C1BC30717A040E1750774FFC9D8C8D5C2512C4E4A212E94803FFE0AE6","rbv01_0213C5737861DD256119EF44D45CD1CECAF08BA1B29FE2AD47F7CEE0237AF618","0"
"record_balanced_original_rule","20260801","6A8E5EF237A69BFE6D5A70FB5C1488D0FAEC6E1B92FA28AC8D95C05C357B5E63","rbv01_0213C5737861DD256119EF44D45CD1CECAF08BA1B29FE2AD47F7CEE0237AF618","0"
"record_balanced_original_rule","20260801","6AA1B00D7021262502B6FC95332455EE8A2AF272251C8E28591E30E64E069844","rbv01_011B84DDF86961F6053ED2B20908582AF6425C6EFA13305F705F7C498093367C","1"
"record_balanced_original_rule","20260801","6B62116FD3F14E23A9BB0F458049B58C6EAC702097C8DB30EEA0A6299A978491","rbv01_011B84DDF86961F6053ED2B20908582AF6425C6EFA13305F705F7C498093367C","1"
"record_balanced_original_rule","20260801","6B76A22D19B1D56262EEF9CAFD58D3BFA5B9643F2632351328F814F15539D869","rbv01_02F3E19E40F367B65842ED87339C30DC3CDDB63BF424A5DC683F489D6C8C8311","4"
"record_balanced_original_rule","20260801","6BDF067CFC053B069E3183683DC72BBE0A12C15DC196EE8D3F4953977C271993","rbv01_0213C5737861DD256119EF44D45CD1CECAF08BA1B29FE2AD47F7CEE0237AF618","0"
"record_balanced_original_rule","20260801","6C922E08B80DE2068FBBC9A2442520E7645A9213FBFA99AD3C6BD159413E6984","rbv01_054201B2ED3ADADFBB0028C07B1A262219631DC717FDE4862C42583AB67D10C2","1"
"record_balanced_original_rule","20260801","6CEDF7B181B79ABE208B9B3629075DE29BC2DE50AA954EA2D9B290AD89289D3E","rbv01_0213C5737861DD256119EF44D45CD1CECAF08BA1B29FE2AD47F7CEE0237AF618","0"
"record_balanced_original_rule","20260801","6DC61C5079EAE1BF435C0CAF99FA1F723762BF4F36B7217EAC665DEBB7019D22","rbv01_0213C5737861DD256119EF44D45CD1CECAF08BA1B29FE2AD47F7CEE0237AF618","0"
"record_balanced_original_rule","20260801","6DDCAE134AB83721AD746E97F4EB54587BD68D18364D0DC55F8549DF5F0BFCAC","rbv01_0213C5737861DD256119EF44D45CD1CECAF08BA1B29FE2AD47F7CEE0237AF618","0"
"record_balanced_original_rule","20260801","6DFCD6D1DE431CD3BF5FB02128D7E6FDA2A67CB8ECCE454753A3C0AD25F0D5E7","rbv01_021729FAD057771AC5A3F59730477FE06019418FF0104B829F6E153E2D91134D","3"
"record_balanced_original_rule","20260801","6E16D5A3B7D6E582F57D49E897AAC0B8AE660A58B9052725EB1E58296FA6DD9E","rbv01_08EC8F274B3390CA9A557C1810F52FE38EAF9404CF035F8A1D70A5AAAFA3EA60","2"
"record_balanced_original_rule","20260801","6E187297C1AE74CB8901ED1168D5875901332BEB5D5995CE7800BD4F6E63F598","rbv01_0D49377FA046416BEACFBB00B72B25CF04B27FCDD1DFA22E7E8C3ECE070E08F2","0"
"record_balanced_original_rule","20260801","6E2CE6662A3F7CED5954DFCF2748D1100486272089328053160D35570DEF9176","rbv01_2358EC0C12B602E4B7C5F9C580844910C6D49ACB512E9988307B46ECAFCD07F3","4"
"record_balanced_original_rule","20260801","6E3D7AFFC6CFBC1997F093BFC1EE37CE65F804210E91FA782BC18EB91E20276D","rbv01_0E9E0FC3E20BED0F32C5DF6A0164CCE77E206A06E5378ED855756B22A2C4F6E6","3"
"record_balanced_original_rule","20260801","6E7EC6A2B99FF56CD1CC1524A3946C806CD9E95632811B0148C8616EE45158CB","rbv01_2358EC0C12B602E4B7C5F9C580844910C6D49ACB512E9988307B46ECAFCD07F3","4"
"record_balanced_original_rule","20260801","6F1A04651BA12124A63D7EE5D8B2AEBD48FFB9DBA0EF9D2AD18DD998806DAB84","rbv01_046276E5E1EC434CD47FE2E1D4137204B7C79D59E90B81B5BFE9A77BC6C0BB54","2"
"record_balanced_original_rule","20260801","6FC81B17E3416F9C59041B8CB05B9B1EBBAF63CC8CD0EE6E4EF0468633802282","rbv01_01C322D9FB99669376EAE9C000289E1B0BF73B04313F3AF1BFE6D03B29E89068","4"
"record_balanced_original_rule","20260801","6FD342A5B3945B082CBD550209195D135DC89542AEC23F7418667340E5A199BC","rbv01_046276E5E1EC434CD47FE2E1D4137204B7C79D59E90B81B5BFE9A77BC6C0BB54","2"
"record_balanced_original_rule","20260801","7001E110B0B28C6032141C04E13BB35E17AD7F565ED72191757F0E919841569B","rbv01_011B84DDF86961F6053ED2B20908582AF6425C6EFA13305F705F7C498093367C","1"
"record_balanced_original_rule","20260801","7029B557234AC6051E24A16C9B339519D5E3579E6FDB8C49B4A0260D580494F3","rbv01_0213C5737861DD256119EF44D45CD1CECAF08BA1B29FE2AD47F7CEE0237AF618","0"
"record_balanced_original_rule","20260801","703BE4FB6B5EAE49BA8409E3AEF0A1DA144EE1C72AA5E90D707BDA8CB02F33C3","rbv01_011B84DDF86961F6053ED2B20908582AF6425C6EFA13305F705F7C498093367C","1"
"record_balanced_original_rule","20260801","705A52AFC96DD8F8A0680986F37753D0F1F6A2CBDEBC3F72280B466B6CDB50ED","rbv01_011D932A057B34C28A553A7C900731E1D7B1E42FD9312A7495A3DF8ECA2AF3C9","3"
"record_balanced_original_rule","20260801","707DA448FC2DFE79C4960A7D1DE4CFCF3451C22AA827CF0D09DCCDD2CD3C1F39","rbv01_011B84DDF86961F6053ED2B20908582AF6425C6EFA13305F705F7C498093367C","1"
"record_balanced_original_rule","20260801","70BC49653619BB7835874DFD94FF64268AF6A2C06E47D4DFBFEF7ADD4D1F1120","rbv01_0213C5737861DD256119EF44D45CD1CECAF08BA1B29FE2AD47F7CEE0237AF618","0"
"record_balanced_original_rule","20260801","713CAE6D9C810853CAA85719BEF1E7ADBAD4FFA2E92902EB2D5D5738BEAB0C65","rbv01_011B84DDF86961F6053ED2B20908582AF6425C6EFA13305F705F7C498093367C","1"
"record_balanced_original_rule","20260801","71AD8BB01A72E70509B0F9639C592D7E0C41AE9A4A27D999B262303039764CF7","rbv01_0213C5737861DD256119EF44D45CD1CECAF08BA1B29FE2AD47F7CEE0237AF618","0"
"record_balanced_original_rule","20260801","71E0A6FD60241D170159AE8A16A1FEB4273E2FE09D3E12702BEE6F21EE5DA4F1","rbv01_08EC8F274B3390CA9A557C1810F52FE38EAF9404CF035F8A1D70A5AAAFA3EA60","2"
"record_balanced_original_rule","20260801","7211B9B2889F483AE44A9727A4849CEA1E6240D7C4422DC4FC04D4E49FC55A24","rbv01_011B84DDF86961F6053ED2B20908582AF6425C6EFA13305F705F7C498093367C","1"
"record_balanced_original_rule","20260801","722AC44069039667B277FA0C2B5B7C392E00983D059A534B7D52658A01D8CFDE","rbv01_021729FAD057771AC5A3F59730477FE06019418FF0104B829F6E153E2D91134D","3"
"record_balanced_original_rule","20260801","726B528E61491529A6A0C94B16217808470BB9A473127CE62C8FB518C955BAB7","rbv01_0213C5737861DD256119EF44D45CD1CECAF08BA1B29FE2AD47F7CEE0237AF618","0"
"record_balanced_original_rule","20260801","736FC34A836F960541AEE1FC818367DCF83048C32817BCEA8C3FEFEBDCCD1098","rbv01_011B84DDF86961F6053ED2B20908582AF6425C6EFA13305F705F7C498093367C","1"
"record_balanced_original_rule","20260801","73E3BE3DD8F7297499AA3A3DD96CAAFDED3AFC7AFD0167112401F6A2429286B4","rbv01_0213C5737861DD256119EF44D45CD1CECAF08BA1B29FE2AD47F7CEE0237AF618","0"
"record_balanced_original_rule","20260801","7433126F697E3274B8BC3154977B87D7B8DBC4095ACA33FB8802E00598ED7120","rbv01_011B84DDF86961F6053ED2B20908582AF6425C6EFA13305F705F7C498093367C","1"
"record_balanced_original_rule","20260801","74DFB4FD1256FB7CC67CF7F5582D490405547298B3EE387029E625D6972B640F","rbv01_011B84DDF86961F6053ED2B20908582AF6425C6EFA13305F705F7C498093367C","1"
"record_balanced_original_rule","20260801","759E52C2C2F43D99896050CE86E6DFDE11FE522EF9DD394DDA978524F101D953","rbv01_01C322D9FB99669376EAE9C000289E1B0BF73B04313F3AF1BFE6D03B29E89068","4"
"record_balanced_original_rule","20260801","75FDA890D0520C0094B6D2D70B20226FB88197ED9B4A868EDEBA787FE2F4CD8B","rbv01_4C51CFDB4AF8C1E97EE68AD316E14EE38D69EBF9BC08EA86615CC9553C187FB5","3"
"record_balanced_original_rule","20260801","760038AE4D83E69D3950F813FB2CFDE096FC0F7A3CB3ECB9EC4D0E8CD8AE532B","rbv01_2358EC0C12B602E4B7C5F9C580844910C6D49ACB512E9988307B46ECAFCD07F3","4"
"record_balanced_original_rule","20260801","761E7106DC5BA4CE7DD1B9546304F5C8E39644F7AC483FC299C9CE6D755A7850","rbv01_25865A5FDDFF4A9F27EC5C10E5442A5D79D45CFAD482750F086BB81DD1C607F9","2"
"record_balanced_original_rule","20260801","766764B56BDD951FF8381162FD8A526722A910553545374D4178BB647F115D96","rbv01_0C68AE2824568C19A46D2947C2D1EB95DFE6E72AF600B3275A62492DFFF69BF3","3"
"record_balanced_original_rule","20260801","7716CF6F67DD130F321CFBA976FA00D3EF30329E1E96A42F15118BBCD05CCECC","rbv01_011B84DDF86961F6053ED2B20908582AF6425C6EFA13305F705F7C498093367C","1"
"record_balanced_original_rule","20260801","7742DD4BE001F0334BE658E868FDCBEC91A607C85C16B862D62F2664E532B332","rbv01_1A2E259AFB28A34C9C6E003C355FAC70F5755F63B27530053ACE4BA8A31F3C72","4"
"record_balanced_original_rule","20260801","77604112D3B238868D7D3E5B8DF4426A8F37887D6442866A33C3DDF0523A0EF3","rbv01_2358EC0C12B602E4B7C5F9C580844910C6D49ACB512E9988307B46ECAFCD07F3","4"
"record_balanced_original_rule","20260801","77708406F2F043B41D0AA0DA15FB80202871940C693837D9FEEBAA3C13AFEA2C","rbv01_0213C5737861DD256119EF44D45CD1CECAF08BA1B29FE2AD47F7CEE0237AF618","0"
"record_balanced_original_rule","20260801","7790E8A56AF1E00E7437AA2E1E7A1DA1BE4B23C1FBA7699A17122CAEDCBD16FD","rbv01_0213C5737861DD256119EF44D45CD1CECAF08BA1B29FE2AD47F7CEE0237AF618","0"
"record_balanced_original_rule","20260801","787A570CB42F97FA3D6D18A2DDA23F76AC7C65FA832E1882E48141C60050AF18","rbv01_011B84DDF86961F6053ED2B20908582AF6425C6EFA13305F705F7C498093367C","1"
"record_balanced_original_rule","20260801","78D251288A3018EEA78A874D1B7F5F46F0088E0B454D9235FAEA899F83E9B05F","rbv01_021729FAD057771AC5A3F59730477FE06019418FF0104B829F6E153E2D91134D","3"
"record_balanced_original_rule","20260801","78D98B6F9704D5D2B0425DAEEE18FF9F33CD7048497BFC027B63B5FD5A2072C8","rbv01_01C322D9FB99669376EAE9C000289E1B0BF73B04313F3AF1BFE6D03B29E89068","4"
"record_balanced_original_rule","20260801","793A4745373AA06A9ED3889F1971528DE5032F5BF0C24CEFACCE60044A9AB7A2","rbv01_011B84DDF86961F6053ED2B20908582AF6425C6EFA13305F705F7C498093367C","1"
"record_balanced_original_rule","20260801","793E91265FCA94A2D87F35E0FA4239C4A1C521F12CF61569CFDF16ED2C6D543D","rbv01_0E9E0FC3E20BED0F32C5DF6A0164CCE77E206A06E5378ED855756B22A2C4F6E6","3"
"record_balanced_original_rule","20260801","79638C93ED9AEA52C38B817A949E769DC6EDF13D05D49207874FC3013FC2A67E","rbv01_011B84DDF86961F6053ED2B20908582AF6425C6EFA13305F705F7C498093367C","1"
"record_balanced_original_rule","20260801","79A1860EE5B38BDFA8B202D3A1AFBEC8D8DA6FE3A0655EA29BA0A5489109839C","rbv01_0213C5737861DD256119EF44D45CD1CECAF08BA1B29FE2AD47F7CEE0237AF618","0"
"record_balanced_original_rule","20260801","79AB07403AC06ED7F796D7FED64397A42B9FCCAE7053A5F51719205E4471018D","rbv01_011B84DDF86961F6053ED2B20908582AF6425C6EFA13305F705F7C498093367C","1"
"record_balanced_original_rule","20260801","79C95AFBE047168EB7BC6E3920B23295FA09ABDE03FCD66952FBB3D1ABB313B9","rbv01_011B84DDF86961F6053ED2B20908582AF6425C6EFA13305F705F7C498093367C","1"
"record_balanced_original_rule","20260801","79EF293ADB205FCB3C5277EE36241F10D61A94CADBAB29EB959DEBFBC46634CB","rbv01_021729FAD057771AC5A3F59730477FE06019418FF0104B829F6E153E2D91134D","3"
"record_balanced_original_rule","20260801","79F1F18FB3DCD3F1CECFD36CCF7385AFF069973B43B3489B9A47B1A09DECFAD5","rbv01_01C322D9FB99669376EAE9C000289E1B0BF73B04313F3AF1BFE6D03B29E89068","4"
"record_balanced_original_rule","20260801","7A30CAC79982862553A37493B27A574A34EF0BF651BFC5BD7EB59A2146E62B98","rbv01_08EC8F274B3390CA9A557C1810F52FE38EAF9404CF035F8A1D70A5AAAFA3EA60","2"
"record_balanced_original_rule","20260801","7A5AC3BEA990AE4F927D37E334DEC12A940728B8C9BF75EB2A6FE6FB08B76D2E","rbv01_0213C5737861DD256119EF44D45CD1CECAF08BA1B29FE2AD47F7CEE0237AF618","0"
"record_balanced_original_rule","20260801","7A81B57BB190344EA26AC8CD7829F6B678F5E5030DED8EB97841BA97C0493CA7","rbv01_0213C5737861DD256119EF44D45CD1CECAF08BA1B29FE2AD47F7CEE0237AF618","0"
"record_balanced_original_rule","20260801","7AF7736561E1112502D6EF4B98E11660339B955EFC85FCC7AEAA62DDC335C141","rbv01_01C322D9FB99669376EAE9C000289E1B0BF73B04313F3AF1BFE6D03B29E89068","4"
"record_balanced_original_rule","20260801","7B76CF30B5FE2AF38163BF00E0FEE74108F710C9E7697C596F4774F419421EC8","rbv01_011B84DDF86961F6053ED2B20908582AF6425C6EFA13305F705F7C498093367C","1"
"record_balanced_original_rule","20260801","7BAC19A7E768E8030C060BD3F3FE5CE352F400B100EDA10A31778858DD50B8DB","rbv01_4A6CDC7218F267E114B083B225FC435EA4AECE9A8307DC39925FE5F442FDB97A","0"
"record_balanced_original_rule","20260801","7BB8A7C58505587787A562604E6D2AB015E8E38A45072BFF0595A6C552F9EF06","rbv01_054201B2ED3ADADFBB0028C07B1A262219631DC717FDE4862C42583AB67D10C2","1"
"record_balanced_original_rule","20260801","7BC08410D6F337F3C56031EE28EBB165B3FD4A79586174F0572F4AF1729EC77B","rbv01_0213C5737861DD256119EF44D45CD1CECAF08BA1B29FE2AD47F7CEE0237AF618","0"
"record_balanced_original_rule","20260801","7BCACE98F398A641FB75601B1583263E243DD9AB19A72DAFC7108209B044AE51","rbv01_011B84DDF86961F6053ED2B20908582AF6425C6EFA13305F705F7C498093367C","1"
"record_balanced_original_rule","20260801","7C1EF5B571765FD33FC916D743B8495439C771256B4BA392A567D421B6CA9375","rbv01_054201B2ED3ADADFBB0028C07B1A262219631DC717FDE4862C42583AB67D10C2","1"
"record_balanced_original_rule","20260801","7C51D7B79D0E04F6C1695758F0E6F471543C9D275195DC0B61928C78B097C181","rbv01_0C68AE2824568C19A46D2947C2D1EB95DFE6E72AF600B3275A62492DFFF69BF3","3"
"record_balanced_original_rule","20260801","7D612B9B4F90A7D2F9FDE087AA59EE3AF532A68D98A51A81204400C7CC92E7D3","rbv01_011B84DDF86961F6053ED2B20908582AF6425C6EFA13305F705F7C498093367C","1"
"record_balanced_original_rule","20260801","7DB8519C7DCCC184C537FDE4E5A4FC0C1C1AF2EE418505CA78DC950A3BDAF7F1","rbv01_01C322D9FB99669376EAE9C000289E1B0BF73B04313F3AF1BFE6D03B29E89068","4"
"record_balanced_original_rule","20260801","7DE7DCF4A8FB3AB5FB3DE04EC28E769B5131E1757AA9915A482B54921A9E341E","rbv01_2358EC0C12B602E4B7C5F9C580844910C6D49ACB512E9988307B46ECAFCD07F3","4"
"record_balanced_original_rule","20260801","7DFB14C8B539B45B79954CAFF434CD3D6169D2239388D74AD031623883ECD984","rbv01_0DA9CA625518CEB3C5B20C7295004FB7CDC5BC108FF93282C63467286DA188EB","3"
"record_balanced_original_rule","20260801","7E50397E70E624D3CB680DE4499C7C3C2A31B99F9F6F11B7C5C749C72A233F8C","rbv01_0E9E0FC3E20BED0F32C5DF6A0164CCE77E206A06E5378ED855756B22A2C4F6E6","3"
"record_balanced_original_rule","20260801","7F0EC2443CEA913F9A1B35CC9A7E76898E0DBB69376C4B0131B07E5F4A877197","rbv01_2358EC0C12B602E4B7C5F9C580844910C6D49ACB512E9988307B46ECAFCD07F3","4"
"record_balanced_original_rule","20260801","7F8E44D9E4265FDA0D56D8D58B8037724ECADC6E4AC1D9459B915216DE37CF02","rbv01_046276E5E1EC434CD47FE2E1D4137204B7C79D59E90B81B5BFE9A77BC6C0BB54","2"
"record_balanced_original_rule","20260801","7FBCA986590F9D0215B1DB3EF2B7F9A4AE2E3037E7EB3F3EC8D80B822616263B","rbv01_011B84DDF86961F6053ED2B20908582AF6425C6EFA13305F705F7C498093367C","1"
"record_balanced_original_rule","20260801","7FEB4716CE762D190EE7E8C03FBB29D3B6F478B05B636073EB527EB0D5324120","rbv01_011B84DDF86961F6053ED2B20908582AF6425C6EFA13305F705F7C498093367C","1"
"record_balanced_original_rule","20260801","81521EA05234B705DC92E0C5A61134CE31987DDF99D91B0CCA8B1D8802BD5E62","rbv01_011B84DDF86961F6053ED2B20908582AF6425C6EFA13305F705F7C498093367C","1"
"record_balanced_original_rule","20260801","8157516169AD74C49A3D42D94C8AFAB3F035A93806EB1A6C2473173DFDAFCFC4","rbv01_011D932A057B34C28A553A7C900731E1D7B1E42FD9312A7495A3DF8ECA2AF3C9","3"
"record_balanced_original_rule","20260801","8180FFF5D2D6FEFF5B73AEBD1AA7260F8E86E74B5A8501CECF2629E5BA199D8A","rbv01_2358EC0C12B602E4B7C5F9C580844910C6D49ACB512E9988307B46ECAFCD07F3","4"
"record_balanced_original_rule","20260801","81BCA3EE845D78643EE6BB1F6EA44D4ED907DA1BC5EAC70F346B9F65910C7FEA","rbv01_01C322D9FB99669376EAE9C000289E1B0BF73B04313F3AF1BFE6D03B29E89068","4"
"record_balanced_original_rule","20260801","821C5E43026508A32B69ECF634B7AEFB9531D02ECDAC21B3BC82784ED318407F","rbv01_08EC8F274B3390CA9A557C1810F52FE38EAF9404CF035F8A1D70A5AAAFA3EA60","2"
"record_balanced_original_rule","20260801","8278F06D0BA5C51D80ADE10C9D223D254E28FB26D3C0A75A5B609B12424D7E31","rbv01_011D932A057B34C28A553A7C900731E1D7B1E42FD9312A7495A3DF8ECA2AF3C9","3"
"record_balanced_original_rule","20260801","8287D86665975892EE1F0FF52484534008D43F6062232AC56AFAD2ABA5A99486","rbv01_08EC8F274B3390CA9A557C1810F52FE38EAF9404CF035F8A1D70A5AAAFA3EA60","2"
"record_balanced_original_rule","20260801","832AE8B0D15AC0AECF90187084668F727238D717D3A90BCB327951A27BA8924C","rbv01_0213C5737861DD256119EF44D45CD1CECAF08BA1B29FE2AD47F7CEE0237AF618","0"
"record_balanced_original_rule","20260801","836E64CCBF89B4E45A3369B60529BD98C6DB75ACAD3F198A3375E463AF1C5FF7","rbv01_011B84DDF86961F6053ED2B20908582AF6425C6EFA13305F705F7C498093367C","1"
"record_balanced_original_rule","20260801","83B96AF7A142ED771DE7C64D125C1F5FDD116B03448596C60C99A9F515A3EF07","rbv01_011B84DDF86961F6053ED2B20908582AF6425C6EFA13305F705F7C498093367C","1"
"record_balanced_original_rule","20260801","83BAD3D0D0698E0D02A7B4B09CFB4C3A27A81342D507D73C71ADF42849533C47","rbv01_0213C5737861DD256119EF44D45CD1CECAF08BA1B29FE2AD47F7CEE0237AF618","0"
"record_balanced_original_rule","20260801","848623533F806F61CEBB7FBFC2E9B8757093EC110FC8D8CABA69A09A4418DC7E","rbv01_0E9E0FC3E20BED0F32C5DF6A0164CCE77E206A06E5378ED855756B22A2C4F6E6","3"
"record_balanced_original_rule","20260801","84AD21B6E68482268D6A586245E11D34252F339680532EB46842D1CD7FBE0271","rbv01_0213C5737861DD256119EF44D45CD1CECAF08BA1B29FE2AD47F7CEE0237AF618","0"
"record_balanced_original_rule","20260801","84AD2D9663BB8B26821590CD21447163579766A47BDD30F971678E33271115A5","rbv01_054201B2ED3ADADFBB0028C07B1A262219631DC717FDE4862C42583AB67D10C2","1"
"record_balanced_original_rule","20260801","84EFAB7534BEAF22D6B186CDBC10D0E95ED771ECBA632A24DD1B485F698FEF7E","rbv01_25A206590D1048D18147FD26B701861897281071258782AED6A00779FFF7210A","1"
"record_balanced_original_rule","20260801","857EDAF824854295BAC8757E69BF8590CC0BB5BF91AED85C795297309FC78103","rbv01_011B84DDF86961F6053ED2B20908582AF6425C6EFA13305F705F7C498093367C","1"
"record_balanced_original_rule","20260801","85862250B4E7637DF508CA74B2F8330C45C00F33199F95D0C311FE26CD71E1B1","rbv01_0FAB0DD3DEC2E0DA5B1841B2949196B7B1E5F846FFA0C8F4AF1461F9D3B66BCE","4"
"record_balanced_original_rule","20260801","85A86A5C92F219E35F8B478C226B350FE00381D72DA91F5BF36B43B324B049D5","rbv01_011B84DDF86961F6053ED2B20908582AF6425C6EFA13305F705F7C498093367C","1"
"record_balanced_original_rule","20260801","864BD79A3893763BF280CD4FB95D7A6342E57CC7FDE39E075E2DE9C652798DEC","rbv01_2358EC0C12B602E4B7C5F9C580844910C6D49ACB512E9988307B46ECAFCD07F3","4"
"record_balanced_original_rule","20260801","867FC0D4D76430CB7C914338E342EC479358938FCCE1706F2B7AD9EFF66056AE","rbv01_011B84DDF86961F6053ED2B20908582AF6425C6EFA13305F705F7C498093367C","1"
"record_balanced_original_rule","20260801","86B8910659A9A91763F13E756DCFAC43765D1471BD66F194A2BA86C07E23CD3F","rbv01_011B84DDF86961F6053ED2B20908582AF6425C6EFA13305F705F7C498093367C","1"
"record_balanced_original_rule","20260801","86F95F241E4C9CCADBA621F4BD733E3F8C2AB456E1D351AAB2BB85231105DCC8","rbv01_011B84DDF86961F6053ED2B20908582AF6425C6EFA13305F705F7C498093367C","1"
"record_balanced_original_rule","20260801","86FA5AFF7D10D4AC88282D02891F5B0C044E9BAB209D065C2ADA51A3A356B2AC","rbv01_011B84DDF86961F6053ED2B20908582AF6425C6EFA13305F705F7C498093367C","1"
"record_balanced_original_rule","20260801","87048C681934AA8A56C2D9E80C5E17C21A69939A0F36CE153A5B65CA13A149F9","rbv01_25A206590D1048D18147FD26B701861897281071258782AED6A00779FFF7210A","1"
"record_balanced_original_rule","20260801","880229002152E02A9065E1C5A05F490F0A8A6EF74E771A64BD133F8BA6D6E32E","rbv01_054201B2ED3ADADFBB0028C07B1A262219631DC717FDE4862C42583AB67D10C2","1"
"record_balanced_original_rule","20260801","88152E41D893D7E4F8EC9D04DBF0DDB979E1B81C86CA4C5505EAE7D5E1C8DC42","rbv01_0213C5737861DD256119EF44D45CD1CECAF08BA1B29FE2AD47F7CEE0237AF618","0"
"record_balanced_original_rule","20260801","884394A397DE3E8E0637C9857BAB557990A694ACE6039755C57B45A74194ECBB","rbv01_0213C5737861DD256119EF44D45CD1CECAF08BA1B29FE2AD47F7CEE0237AF618","0"
"record_balanced_original_rule","20260801","885B6B5631BC73EBCD0C58AEA5A5E48ABFF9C23DB8B5A757AA2285279C590111","rbv01_2358EC0C12B602E4B7C5F9C580844910C6D49ACB512E9988307B46ECAFCD07F3","4"
"record_balanced_original_rule","20260801","889F4B52D73FA9EF5E8E7A29B5E4A10AE047762FA488DEB2744CFA14E639EF6D","rbv01_011B84DDF86961F6053ED2B20908582AF6425C6EFA13305F705F7C498093367C","1"
"record_balanced_original_rule","20260801","88BFB8A118CBB3187F1BD67F89A231D7370FD58365B909C7D19C851DA262223D","rbv01_054201B2ED3ADADFBB0028C07B1A262219631DC717FDE4862C42583AB67D10C2","1"
"record_balanced_original_rule","20260801","88FAA71E50CC4F8B644B3908EAACC579E71BCBE02FE8093EF58F6BA427AD6E3D","rbv01_2358EC0C12B602E4B7C5F9C580844910C6D49ACB512E9988307B46ECAFCD07F3","4"
"record_balanced_original_rule","20260801","891E0184FD25A2CF5A1D7BF6A08A5FA04129275E283E15244DA763EC8E9E4E0E","rbv01_0213C5737861DD256119EF44D45CD1CECAF08BA1B29FE2AD47F7CEE0237AF618","0"
"record_balanced_original_rule","20260801","893148D257FD7B0FFC6A3323660414F949FF4CC80E1B0D66D804D8CC383E217E","rbv01_011D932A057B34C28A553A7C900731E1D7B1E42FD9312A7495A3DF8ECA2AF3C9","3"
"record_balanced_original_rule","20260801","899AE4A1B45FE367D0A28B3F91A526C034C3705C2B3BB4D4B004F3DA7D8DA066","rbv01_4C51CFDB4AF8C1E97EE68AD316E14EE38D69EBF9BC08EA86615CC9553C187FB5","3"
"record_balanced_original_rule","20260801","89B1E9DD5410B81A59BC4821448A185CD1FD6846C959790ADA5DBB0737ECBA29","rbv01_011B84DDF86961F6053ED2B20908582AF6425C6EFA13305F705F7C498093367C","1"
"record_balanced_original_rule","20260801","8A112B147B4AEC5A697AF30CAFBFDA52E98994EF7AF5EA103A4E20E252F12E4C","rbv01_08EC8F274B3390CA9A557C1810F52FE38EAF9404CF035F8A1D70A5AAAFA3EA60","2"
"record_balanced_original_rule","20260801","8ACD3AD88535F3731196DD81D796B93D0BBEBAC5F896FE700A95D913D66865DC","rbv01_011B84DDF86961F6053ED2B20908582AF6425C6EFA13305F705F7C498093367C","1"
"record_balanced_original_rule","20260801","8AD04B912049222329F6ADC8DF356FCAB4CF34DAA52A769A601F312C4C67083E","rbv01_0DA9CA625518CEB3C5B20C7295004FB7CDC5BC108FF93282C63467286DA188EB","3"
"record_balanced_original_rule","20260801","8ADA53CACF27A3C4BB4F0DB641982EE6F2D597D80275A78829AC0B6CA6B12CB9","rbv01_046276E5E1EC434CD47FE2E1D4137204B7C79D59E90B81B5BFE9A77BC6C0BB54","2"
"record_balanced_original_rule","20260801","8B1E266DB6C93E4548EE9DC16894F9A7E6DC118A4A7671CAD1A7F5F16F331273","rbv01_2358EC0C12B602E4B7C5F9C580844910C6D49ACB512E9988307B46ECAFCD07F3","4"
"record_balanced_original_rule","20260801","8B294756112EE8C367063AB58448CD8BA5061AED133C1278FFA52DE6D2E01DD5","rbv01_0213C5737861DD256119EF44D45CD1CECAF08BA1B29FE2AD47F7CEE0237AF618","0"
"record_balanced_original_rule","20260801","8B6D00BB4B3D31BEAF510B13EF008F89DAD796783258A930A805F5CCB5241891","rbv01_0213C5737861DD256119EF44D45CD1CECAF08BA1B29FE2AD47F7CEE0237AF618","0"
"record_balanced_original_rule","20260801","8B7ADC6299FA9B729519F3E00DAB7AB78386D37852C546ED498269FA10C4DE8C","rbv01_011B84DDF86961F6053ED2B20908582AF6425C6EFA13305F705F7C498093367C","1"
"record_balanced_original_rule","20260801","8BD2BA6BC69394B010133B33BD94D4126CB9DDE9AEBBB6A1909C207F18018E2F","rbv01_01C322D9FB99669376EAE9C000289E1B0BF73B04313F3AF1BFE6D03B29E89068","4"
"record_balanced_original_rule","20260801","8C8ADCC5EE805FF228EBD7E9837D46BC52E39E084AB5D77B93AA9061F6A8F4E6","rbv01_011B84DDF86961F6053ED2B20908582AF6425C6EFA13305F705F7C498093367C","1"
"record_balanced_original_rule","20260801","8CA995663AD521BD881EBFCAB3673CB58E430FACC0A2D44393A1A8545784A19F","rbv01_01C322D9FB99669376EAE9C000289E1B0BF73B04313F3AF1BFE6D03B29E89068","4"
"record_balanced_original_rule","20260801","8D0F5D8F2B9CC4348508F31D4DBDFDDA6686E7FA7BDEA7A4F10458774EE90BDD","rbv01_0213C5737861DD256119EF44D45CD1CECAF08BA1B29FE2AD47F7CEE0237AF618","0"
"record_balanced_original_rule","20260801","8D2367B073C93A6B7AF1F8C302E360ACC48CBB135F2A471D241C20D256BC7DD0","rbv01_011B84DDF86961F6053ED2B20908582AF6425C6EFA13305F705F7C498093367C","1"
"record_balanced_original_rule","20260801","8D5BE5B965AE78C84F7AF39A39A4818E32874C03171F3A38140D9DA93317D993","rbv01_0213C5737861DD256119EF44D45CD1CECAF08BA1B29FE2AD47F7CEE0237AF618","0"
"record_balanced_original_rule","20260801","8DC13221CDC8A299BDF5C089A9AFA15FF408F9258F8DD381AB85FAC56C927F0C","rbv01_011B84DDF86961F6053ED2B20908582AF6425C6EFA13305F705F7C498093367C","1"
"record_balanced_original_rule","20260801","8DFD3DC5692B9F40CFC589C5E3587170DFEB95671BD1AE500463F3B3F15DE121","rbv01_054201B2ED3ADADFBB0028C07B1A262219631DC717FDE4862C42583AB67D10C2","1"
"record_balanced_original_rule","20260801","8E087950A8D3B17DDBC4234439CF1150E4FA89FAC9FDD627203B54916F942BAE","rbv01_0213C5737861DD256119EF44D45CD1CECAF08BA1B29FE2AD47F7CEE0237AF618","0"
"record_balanced_original_rule","20260801","8E2FE0379BCA69566921FB316DBA59AD90F83FCF3314764B9A9E18CF073A8FBD","rbv01_0213C5737861DD256119EF44D45CD1CECAF08BA1B29FE2AD47F7CEE0237AF618","0"
"record_balanced_original_rule","20260801","8E3BD2A0BD188A089E10E1613F4F00D6ADF2A7837AD10FE9FD457C84E4559999","rbv01_011B84DDF86961F6053ED2B20908582AF6425C6EFA13305F705F7C498093367C","1"
"record_balanced_original_rule","20260801","8EA7D97DA4254925A2D4D2FA08D53D90EA8D22BBA9A12E0D10994A3C85E47BA5","rbv01_0213C5737861DD256119EF44D45CD1CECAF08BA1B29FE2AD47F7CEE0237AF618","0"
"record_balanced_original_rule","20260801","8ED9A28FD1E99D6AAB57A56A09165645B2F9CEDCC29D59C392D023EEA19BE2B6","rbv01_2358EC0C12B602E4B7C5F9C580844910C6D49ACB512E9988307B46ECAFCD07F3","4"
"record_balanced_original_rule","20260801","8EEFDEF743BB0DE60C2186D81805DD93204A59469330D933C96795F964672D0D","rbv01_0213C5737861DD256119EF44D45CD1CECAF08BA1B29FE2AD47F7CEE0237AF618","0"
"record_balanced_original_rule","20260801","8EFB7207458F7BA2A3C43D9EE98E42B70DD5ED07B0D884A5D3A9ED9140F4C3C7","rbv01_0213C5737861DD256119EF44D45CD1CECAF08BA1B29FE2AD47F7CEE0237AF618","0"
"record_balanced_original_rule","20260801","8FB55FD05A532C990B653111AC098B695A15E680F8E285A727D45CC1C0428E1D","rbv01_0E9E0FC3E20BED0F32C5DF6A0164CCE77E206A06E5378ED855756B22A2C4F6E6","3"
"record_balanced_original_rule","20260801","8FBFBA16638DF5C68BE6030F57ED504D0902E2E0065ED14A517B7A6BA22B26B6","rbv01_2E07CE0B7A1B55DF7DB4D4392437AF0F59B5B306F82BBC43DD35B9CBA85F5BB7","3"
"record_balanced_original_rule","20260801","8FF33DA21215A8C336C541FF29354A450497EBD2C35C6EB19AD5097976D723E3","rbv01_011B84DDF86961F6053ED2B20908582AF6425C6EFA13305F705F7C498093367C","1"
"record_balanced_original_rule","20260801","90463CAA376EEA8E0CF9697C988C4F0851BF8A5F9403F2592D92294D613492DB","rbv01_011B84DDF86961F6053ED2B20908582AF6425C6EFA13305F705F7C498093367C","1"
"record_balanced_original_rule","20260801","90AEE9FAA4F0065415C4969100825A4EC85E2C0DF2BCF44FF1FEE2C730BCDD7D","rbv01_0213C5737861DD256119EF44D45CD1CECAF08BA1B29FE2AD47F7CEE0237AF618","0"
"record_balanced_original_rule","20260801","9144C0803960B48E93CFB8EF8D364ACAC34493BA8A7B9F06869130677381A3C8","rbv01_011B84DDF86961F6053ED2B20908582AF6425C6EFA13305F705F7C498093367C","1"
"record_balanced_original_rule","20260801","91B6E42F20C629F9D84CE9961CD3091D5FC24FA86448E625E05E530FD5BD836C","rbv01_011B84DDF86961F6053ED2B20908582AF6425C6EFA13305F705F7C498093367C","1"
"record_balanced_original_rule","20260801","91D7600E094FBF44D355227A17F9325BDE206AFD72E8E3DD714BE294152A6659","rbv01_011B84DDF86961F6053ED2B20908582AF6425C6EFA13305F705F7C498093367C","1"
"record_balanced_original_rule","20260801","9230E7640525F42401FC8423F2734CF80C0FA11E2C61338927E5F882EE956219","rbv01_0213C5737861DD256119EF44D45CD1CECAF08BA1B29FE2AD47F7CEE0237AF618","0"
"record_balanced_original_rule","20260801","92744507A7E4976EE7523AB813CFF3D4E8B998C81D31BB8BAF04EC93CC4B360E","rbv01_0213C5737861DD256119EF44D45CD1CECAF08BA1B29FE2AD47F7CEE0237AF618","0"
"record_balanced_original_rule","20260801","92CF7A7CFBDB00AB37841E2D54D77E2D3E9965A84F0AB708942D57CD193DC1B3","rbv01_0213C5737861DD256119EF44D45CD1CECAF08BA1B29FE2AD47F7CEE0237AF618","0"
"record_balanced_original_rule","20260801","92EFDC8A6BB36DEE83BD78E6BDF15C863F942B3ACF947CE06B7FC528B184BD63","rbv01_0213C5737861DD256119EF44D45CD1CECAF08BA1B29FE2AD47F7CEE0237AF618","0"
"record_balanced_original_rule","20260801","93029E3ADD7CA60DF7AED6F122F30CDE36489AD8DB49669DBBDBF3E23D0C49F5","rbv01_2358EC0C12B602E4B7C5F9C580844910C6D49ACB512E9988307B46ECAFCD07F3","4"
"record_balanced_original_rule","20260801","932676D0130009C414A7293C0A8AECFD19C7E70A16A44565170EC9941B1FB9B7","rbv01_054201B2ED3ADADFBB0028C07B1A262219631DC717FDE4862C42583AB67D10C2","1"
"record_balanced_original_rule","20260801","935A5BFF056F4CEECF3A0CA3F0D5E363379E0A83BA11395E40D7CEADB5E1E2A1","rbv01_0DA9CA625518CEB3C5B20C7295004FB7CDC5BC108FF93282C63467286DA188EB","3"
"record_balanced_original_rule","20260801","935FFE5428FFD057750B38420EC714D317B269F40A5B100C18D5FB9072238F44","rbv01_021729FAD057771AC5A3F59730477FE06019418FF0104B829F6E153E2D91134D","3"
"record_balanced_original_rule","20260801","93DC47FA87BC3CAAA2F54C7F7275820256854FC87D634BBA9943ABB7C830B563","rbv01_011B84DDF86961F6053ED2B20908582AF6425C6EFA13305F705F7C498093367C","1"
"record_balanced_original_rule","20260801","93EA3AFE695AB72944CE960C445216A8F7DE5E38A3EF70EBD6B001B873C9E7F5","rbv01_2358EC0C12B602E4B7C5F9C580844910C6D49ACB512E9988307B46ECAFCD07F3","4"
"record_balanced_original_rule","20260801","941DA1E93147AC449A34766BEB9E6F779F6BB7D673D56EA2500183F7D7EA99A6","rbv01_2358EC0C12B602E4B7C5F9C580844910C6D49ACB512E9988307B46ECAFCD07F3","4"
"record_balanced_original_rule","20260801","9431525AF974BF8AE9A617E873DFE987B3462CE89EF52826ED563590B48713B2","rbv01_011B84DDF86961F6053ED2B20908582AF6425C6EFA13305F705F7C498093367C","1"
"record_balanced_original_rule","20260801","94403B00F4C27692A15471785DEC4558C6E4441D298D1CD27E5DD15A09F50958","rbv01_0213C5737861DD256119EF44D45CD1CECAF08BA1B29FE2AD47F7CEE0237AF618","0"
"record_balanced_original_rule","20260801","9456034CBD939EFD3C631CBF990E9900B8D100408C444146AEAD0DBC4F117AA5","rbv01_0E9E0FC3E20BED0F32C5DF6A0164CCE77E206A06E5378ED855756B22A2C4F6E6","3"
"record_balanced_original_rule","20260801","9472CCFC458432F0245782DF81EF3CCC162727EB2B663D6D2ABD7325BF9EDEBA","rbv01_0213C5737861DD256119EF44D45CD1CECAF08BA1B29FE2AD47F7CEE0237AF618","0"
"record_balanced_original_rule","20260801","94BBE98B9617FFAD695B03E0D385ABA86ADE5DFC27FC99552CAB8B6E6EE39CBA","rbv01_011B84DDF86961F6053ED2B20908582AF6425C6EFA13305F705F7C498093367C","1"
"record_balanced_original_rule","20260801","94E8FE3326EDB15EAF268D32075CCC7938670F7828D1309E37FCE14727E825B5","rbv01_011B84DDF86961F6053ED2B20908582AF6425C6EFA13305F705F7C498093367C","1"
"record_balanced_original_rule","20260801","954F49615105E0169DF75A1B369CBC70F167FFFCACD17251A7A4212FC9C1BE53","rbv01_011B84DDF86961F6053ED2B20908582AF6425C6EFA13305F705F7C498093367C","1"
"record_balanced_original_rule","20260801","965B72C36BD8B554A0F7C2095B27D698627074A7DD65AF384EFEC7BC20813684","rbv01_011B84DDF86961F6053ED2B20908582AF6425C6EFA13305F705F7C498093367C","1"
"record_balanced_original_rule","20260801","967A9E25194C9B926C1EB51CFCDDEACDF2AEC9C60ACFA22F3041C33D2B4FD12E","rbv01_08EC8F274B3390CA9A557C1810F52FE38EAF9404CF035F8A1D70A5AAAFA3EA60","2"
"record_balanced_original_rule","20260801","96AD3CCF49E68431A0EBCBE695FCC44631DFA5A24E1F1ACB5E9C535E6972CA1F","rbv01_021729FAD057771AC5A3F59730477FE06019418FF0104B829F6E153E2D91134D","3"
"record_balanced_original_rule","20260801","96AD8F483A39B1F766C01826424C7A7C7756FCF851D0794C7AB35FC706DB3E27","rbv01_0E9E0FC3E20BED0F32C5DF6A0164CCE77E206A06E5378ED855756B22A2C4F6E6","3"
"record_balanced_original_rule","20260801","96B06DF71A8D9C328723CF4729DCB38E7B0CA7A11605FCED7909AD6990EE0DED","rbv01_011B84DDF86961F6053ED2B20908582AF6425C6EFA13305F705F7C498093367C","1"
"record_balanced_original_rule","20260801","96BF9EEC71C3D8BFDA0879DFDB0A3B638521E633CEF973318E9E8AF06FECD1BD","rbv01_2E07CE0B7A1B55DF7DB4D4392437AF0F59B5B306F82BBC43DD35B9CBA85F5BB7","3"
"record_balanced_original_rule","20260801","96CC1BF094805E6DBB1D499E797637D017363A2616D9FD77CBCD370057B124A5","rbv01_021729FAD057771AC5A3F59730477FE06019418FF0104B829F6E153E2D91134D","3"
"record_balanced_original_rule","20260801","97275CF486F7243A55298CE3E8C80F6FB7C2834FC83F8C0A22D8CDEE58328F7C","rbv01_011B84DDF86961F6053ED2B20908582AF6425C6EFA13305F705F7C498093367C","1"
"record_balanced_original_rule","20260801","974AA12B016201D6FAF186D688B35D72ECB70F6ABD5B8013C11599F96E5D1C0B","rbv01_021729FAD057771AC5A3F59730477FE06019418FF0104B829F6E153E2D91134D","3"
"record_balanced_original_rule","20260801","989F989BB3E2A76DC8D6FD3AF1CC1C5F53D56C556DBA6E94DAAE8A34207308C3","rbv01_08EC8F274B3390CA9A557C1810F52FE38EAF9404CF035F8A1D70A5AAAFA3EA60","2"
"record_balanced_original_rule","20260801","98CE880F8E208D7E8F19E48AAB152230CD7A3F825A669EE41A7B2C5AAC470847","rbv01_011B84DDF86961F6053ED2B20908582AF6425C6EFA13305F705F7C498093367C","1"
"record_balanced_original_rule","20260801","993DD9019DE3A63CBC2CFA11871F4A8D1177C11E9F2D8D500EBED6FDF5513970","rbv01_08EC8F274B3390CA9A557C1810F52FE38EAF9404CF035F8A1D70A5AAAFA3EA60","2"
"record_balanced_original_rule","20260801","996F7E2BCF4156C3C40B6BF50230E04FA4B8633A44EBAD8DF9B946848B7BF911","rbv01_011B84DDF86961F6053ED2B20908582AF6425C6EFA13305F705F7C498093367C","1"
"record_balanced_original_rule","20260801","9978A3D9F2C007B814433CCCF551876A3F2BE07803E58DF5790F0BF71B95A4F3","rbv01_011B84DDF86961F6053ED2B20908582AF6425C6EFA13305F705F7C498093367C","1"
"record_balanced_original_rule","20260801","99BEE47E926F5C197166A27C03EA73070890451C2E941F4B5F212DD4A8ABEE7F","rbv01_01C322D9FB99669376EAE9C000289E1B0BF73B04313F3AF1BFE6D03B29E89068","4"
"record_balanced_original_rule","20260801","99C2D87E3AC1A70712BAECA49F2B90424C2CCBD7DC5BDA399A0E0E53F5E6FA95","rbv01_25A206590D1048D18147FD26B701861897281071258782AED6A00779FFF7210A","1"
"record_balanced_original_rule","20260801","99D2EDF93FA5DF3EDDEEE8E76424E57BE5A0F979A0F40AF8748AD39BFB7D4783","rbv01_021729FAD057771AC5A3F59730477FE06019418FF0104B829F6E153E2D91134D","3"
"record_balanced_original_rule","20260801","9A4EDE29DC7D57B746DA089725C2CA147311764FE784F915DA9AF42311096FF5","rbv01_01C322D9FB99669376EAE9C000289E1B0BF73B04313F3AF1BFE6D03B29E89068","4"
"record_balanced_original_rule","20260801","9A6EB222721A4B3AFB8A6907BADD79B05988DE825E93E45A20478B47AF65EA1C","rbv01_011B84DDF86961F6053ED2B20908582AF6425C6EFA13305F705F7C498093367C","1"
"record_balanced_original_rule","20260801","9AE244575472CEB614CE97F37476AE02D1582E47E44D3A8AE6B6A14DDE83377A","rbv01_147C763D2DD7A735DC5DA68C31ECD7579510C8C8494E1BBB99D46B386B713D84","4"
"record_balanced_original_rule","20260801","9AEB2C9AB7668AECFD219A43B3553F9C0C0D44F7513541BE452EE9D2F385A89B","rbv01_011B84DDF86961F6053ED2B20908582AF6425C6EFA13305F705F7C498093367C","1"
"record_balanced_original_rule","20260801","9B409D08D4F7DF4F100BEB9D526A01CCFF66F55895040F1649A1793FB6BE6A27","rbv01_0E9E0FC3E20BED0F32C5DF6A0164CCE77E206A06E5378ED855756B22A2C4F6E6","3"
"record_balanced_original_rule","20260801","9BC61785CCFF4F5A3023D44E81BD5FBA0459D924693C6CAFACD77B673D54CE0C","rbv01_011B84DDF86961F6053ED2B20908582AF6425C6EFA13305F705F7C498093367C","1"
"record_balanced_original_rule","20260801","9BE6D8B513D4AEE0E44A0EA7D1D64F9005E4D5FA148A5875434B3768B348526F","rbv01_011B84DDF86961F6053ED2B20908582AF6425C6EFA13305F705F7C498093367C","1"
"record_balanced_original_rule","20260801","9BF4B873F61C85C5CFCBF3E28C06C55E460DB91115B4900F24B2267F4B89F7F7","rbv01_011B84DDF86961F6053ED2B20908582AF6425C6EFA13305F705F7C498093367C","1"
"record_balanced_original_rule","20260801","9CDE208E1774B95E20C26DDC5A05032155DAA99CAF37297475EB6877BF5D9E6C","rbv01_011B84DDF86961F6053ED2B20908582AF6425C6EFA13305F705F7C498093367C","1"
"record_balanced_original_rule","20260801","9CE4990F4468E8CA1A30D72782D89C31EE02F25547376564F6E00DDEA4C50E15","rbv01_011D932A057B34C28A553A7C900731E1D7B1E42FD9312A7495A3DF8ECA2AF3C9","3"
"record_balanced_original_rule","20260801","9D1D95BC7B3BB8CD662337B9D315ABBFF95A91650CFBB0A569F283020522FDDB","rbv01_0213C5737861DD256119EF44D45CD1CECAF08BA1B29FE2AD47F7CEE0237AF618","0"
"record_balanced_original_rule","20260801","9D50C4E2BFE7655BA57A8AF97F9D7297BA9230FF7237D3015886A2734660711D","rbv01_011B84DDF86961F6053ED2B20908582AF6425C6EFA13305F705F7C498093367C","1"
"record_balanced_original_rule","20260801","9E094D6A22EE73270E623A74D3921BCDC42B7EBCFA76ABDBB08F6EA171667C89","rbv01_0213C5737861DD256119EF44D45CD1CECAF08BA1B29FE2AD47F7CEE0237AF618","0"
"record_balanced_original_rule","20260801","9E0F74D47709718EAE0E82943E828C47DE8F3423B04058635BED4D9EABAEAFE2","rbv01_011B84DDF86961F6053ED2B20908582AF6425C6EFA13305F705F7C498093367C","1"
"record_balanced_original_rule","20260801","9E1F554A0A95B97E0CA4D62F9E7BAA5CF3D55DADDAECD0ECD0FCEA74E3325611","rbv01_2358EC0C12B602E4B7C5F9C580844910C6D49ACB512E9988307B46ECAFCD07F3","4"
"record_balanced_original_rule","20260801","9E294AED38242D18340C17BB55612BC399214101D26979BEBDB3928D0BD6B2BF","rbv01_01C322D9FB99669376EAE9C000289E1B0BF73B04313F3AF1BFE6D03B29E89068","4"
"record_balanced_original_rule","20260801","9EE349148B7433C58335607776CF84F62DB29A060746D726376C2718DDFAB49D","rbv01_0213C5737861DD256119EF44D45CD1CECAF08BA1B29FE2AD47F7CEE0237AF618","0"
"record_balanced_original_rule","20260801","9F16BA7CC9039F46FD172EA592109267E4CF8E0F63EBFD16763109C46036C6B8","rbv01_0213C5737861DD256119EF44D45CD1CECAF08BA1B29FE2AD47F7CEE0237AF618","0"
"record_balanced_original_rule","20260801","9F362D5DD7C83F7B68F074524A6B21E13A3A8D534211346638F9565ED29B907D","rbv01_0C68AE2824568C19A46D2947C2D1EB95DFE6E72AF600B3275A62492DFFF69BF3","3"
"record_balanced_original_rule","20260801","9F3B90D743E91CEB141A07626829FE7390543716A2DF2875078E57C09189203E","rbv01_01C322D9FB99669376EAE9C000289E1B0BF73B04313F3AF1BFE6D03B29E89068","4"
"record_balanced_original_rule","20260801","9F56327DC9136A6B454AAFD369C3D9BE77566E0C0BFF906EFAF97349EE9F0469","rbv01_0213C5737861DD256119EF44D45CD1CECAF08BA1B29FE2AD47F7CEE0237AF618","0"
"record_balanced_original_rule","20260801","9FAF203403482C0607C27C42C6120FC8817C20F743CA9B1C0F32C8A781B66D82","rbv01_01C322D9FB99669376EAE9C000289E1B0BF73B04313F3AF1BFE6D03B29E89068","4"
"record_balanced_original_rule","20260801","9FBB7975B685AACF9E57A7EE27540D3B3082599BF55B3914F11B5DAAE063C6C3","rbv01_0213C5737861DD256119EF44D45CD1CECAF08BA1B29FE2AD47F7CEE0237AF618","0"
"record_balanced_original_rule","20260801","9FEF4DAA1FA8F9DC2C4CFFA392AE4F2C70131D6ECF1F52F9959286EDD30234F6","rbv01_011B84DDF86961F6053ED2B20908582AF6425C6EFA13305F705F7C498093367C","1"
"record_balanced_original_rule","20260801","A00CF8DB35FD2BF16C89039CEB287322989D9A5DBC4E126CF84A8AF89A2F9FBD","rbv01_011B84DDF86961F6053ED2B20908582AF6425C6EFA13305F705F7C498093367C","1"
"record_balanced_original_rule","20260801","A02229A62F69D229523467E9D761C49E4B255243C54CCE3956D7C788C15AEB48","rbv01_08EC8F274B3390CA9A557C1810F52FE38EAF9404CF035F8A1D70A5AAAFA3EA60","2"
"record_balanced_original_rule","20260801","A026675FC213C116EA7B6D584A1026B358E634B8D1A5C73C71657238A9B24E3C","rbv01_0213C5737861DD256119EF44D45CD1CECAF08BA1B29FE2AD47F7CEE0237AF618","0"
"record_balanced_original_rule","20260801","A094988D3810C1636445052E51033B2B64DFAA9D112186730649765788F07785","rbv01_0213C5737861DD256119EF44D45CD1CECAF08BA1B29FE2AD47F7CEE0237AF618","0"
"record_balanced_original_rule","20260801","A0BDECBEC08B8CA56BE96CBCA952AD1F346B55E11EF34B840FEBC35FDC2B635B","rbv01_011D932A057B34C28A553A7C900731E1D7B1E42FD9312A7495A3DF8ECA2AF3C9","3"
"record_balanced_original_rule","20260801","A0E9A770206BB0D079EEF0E807E89604D9EF4EA42B8AAC4840689FB0279D17E3","rbv01_011B84DDF86961F6053ED2B20908582AF6425C6EFA13305F705F7C498093367C","1"
"record_balanced_original_rule","20260801","A129611254B45B29BE1F723940F1308A2E2132F5C5327EAFC116AD573287C377","rbv01_029BDA298EE9F6CF5E11C8E41A870100C0DF57502218FA6619B580755530C213","2"
"record_balanced_original_rule","20260801","A178871189DE7F85434B18372DC55B6D45313743570D59F0C46A88B414C218EF","rbv01_046276E5E1EC434CD47FE2E1D4137204B7C79D59E90B81B5BFE9A77BC6C0BB54","2"
"record_balanced_original_rule","20260801","A19D5F8B4C279ED3EEDA8F3CBE08754AB56784BB32F62B80A5003C8693AF25F8","rbv01_011B84DDF86961F6053ED2B20908582AF6425C6EFA13305F705F7C498093367C","1"
"record_balanced_original_rule","20260801","A1EBA7A51CB4677CC3D75B17D99A5F29EB749DD797EEACCC358C4832E663AB61","rbv01_011B84DDF86961F6053ED2B20908582AF6425C6EFA13305F705F7C498093367C","1"
"record_balanced_original_rule","20260801","A2540BBD4A04A8F4CA491AEDA11C861ECA084B5FA0FDED598221CE5E39B327F9","rbv01_021729FAD057771AC5A3F59730477FE06019418FF0104B829F6E153E2D91134D","3"
"record_balanced_original_rule","20260801","A28817D9AE3D590061F1907BDE77674C6F139174633A66C183CA5E37D9445C82","rbv01_2358EC0C12B602E4B7C5F9C580844910C6D49ACB512E9988307B46ECAFCD07F3","4"
"record_balanced_original_rule","20260801","A2B31A48B1121D0B46B56867CFC3B0221C246A334309BB1FF56C0FB5627F9BF6","rbv01_021729FAD057771AC5A3F59730477FE06019418FF0104B829F6E153E2D91134D","3"
"record_balanced_original_rule","20260801","A31FBF14CC521381726B74331187B09728C8CC0AEC645E0B1C008CDB1D4C8B79","rbv01_0213C5737861DD256119EF44D45CD1CECAF08BA1B29FE2AD47F7CEE0237AF618","0"
"record_balanced_original_rule","20260801","A342A8C19B6289AA9968296E81CAC34E6ED57ED699CF975FBEFDB8FB873F8753","rbv01_011D932A057B34C28A553A7C900731E1D7B1E42FD9312A7495A3DF8ECA2AF3C9","3"
"record_balanced_original_rule","20260801","A3566D7A7D6571F5A149F069808E2FFD84C7089999AB5B5DBEA4B040AA498FF5","rbv01_046276E5E1EC434CD47FE2E1D4137204B7C79D59E90B81B5BFE9A77BC6C0BB54","2"
"record_balanced_original_rule","20260801","A3EE792239C7B445684568BBD26CD49449A433FCAF4629840B503FBB3FD657C3","rbv01_01C322D9FB99669376EAE9C000289E1B0BF73B04313F3AF1BFE6D03B29E89068","4"
"record_balanced_original_rule","20260801","A45A0D981DC15E411A8A730F065ED2A4450522B88986DE42076FA62913C55966","rbv01_01C322D9FB99669376EAE9C000289E1B0BF73B04313F3AF1BFE6D03B29E89068","4"
"record_balanced_original_rule","20260801","A4A1A30142167D3E63853575135270BEF4B6F64B8E30C918CB9C641B8F6D8DE5","rbv01_011B84DDF86961F6053ED2B20908582AF6425C6EFA13305F705F7C498093367C","1"
"record_balanced_original_rule","20260801","A5020B604A71D846CE9EB162E024A3492E94044EE2760F5C96377349FD8B3845","rbv01_021729FAD057771AC5A3F59730477FE06019418FF0104B829F6E153E2D91134D","3"
"record_balanced_original_rule","20260801","A50B0284D4DC64BCEADB9E38CA4DF3779C2198D54A2E9132F4A69FD7F589F1EE","rbv01_011B84DDF86961F6053ED2B20908582AF6425C6EFA13305F705F7C498093367C","1"
"record_balanced_original_rule","20260801","A53DD7CE4D97EC023635AF994A24FFFB169B08F9F7783227D507F55874B782FE","rbv01_0E9E0FC3E20BED0F32C5DF6A0164CCE77E206A06E5378ED855756B22A2C4F6E6","3"
"record_balanced_original_rule","20260801","A56DFE7845D180B57AD4C32B60E788C1B646B5543F489B4BAE30F3E52C7378A0","rbv01_021729FAD057771AC5A3F59730477FE06019418FF0104B829F6E153E2D91134D","3"
"record_balanced_original_rule","20260801","A5A6AC999BBB9C6393219762984D8A9B25C1CF2A2D4E3A2B48CCAD6CA26B5D94","rbv01_0213C5737861DD256119EF44D45CD1CECAF08BA1B29FE2AD47F7CEE0237AF618","0"
"record_balanced_original_rule","20260801","A5BA79BDB38526D47E7D3DB83BEEC1CB0341B5779614CC0C3EAE317012DD7CC1","rbv01_25A206590D1048D18147FD26B701861897281071258782AED6A00779FFF7210A","1"
"record_balanced_original_rule","20260801","A694B173CC51F90D9919DBD439565A2261557CE37752DA3AD45DE8F182C5A9C8","rbv01_2358EC0C12B602E4B7C5F9C580844910C6D49ACB512E9988307B46ECAFCD07F3","4"
"record_balanced_original_rule","20260801","A6A5FE04AD499E2F8A513C5F9C7F9F53454E611A0686C82B192DC3565E51E29D","rbv01_021729FAD057771AC5A3F59730477FE06019418FF0104B829F6E153E2D91134D","3"
"record_balanced_original_rule","20260801","A6B39E4CCCD266E14329E22E184B44C3B5E471F9336AB86F6B5063971253EF4F","rbv01_01C322D9FB99669376EAE9C000289E1B0BF73B04313F3AF1BFE6D03B29E89068","4"
"record_balanced_original_rule","20260801","A6D3F09F58CACD9A105956CDE5D46CAF31CA0671FD2B965FD4521A2EB05CE80B","rbv01_0E9E0FC3E20BED0F32C5DF6A0164CCE77E206A06E5378ED855756B22A2C4F6E6","3"
"record_balanced_original_rule","20260801","A6F6ADB62D7854164181E3F53C781C0596810450B6BBD2D78F3CBA2D3F4BD375","rbv01_011B84DDF86961F6053ED2B20908582AF6425C6EFA13305F705F7C498093367C","1"
"record_balanced_original_rule","20260801","A7242C71450DFE4C9F6516F79D3E00888AD68314435F9221E82E3BFFD7BFB941","rbv01_0E9E0FC3E20BED0F32C5DF6A0164CCE77E206A06E5378ED855756B22A2C4F6E6","3"
"record_balanced_original_rule","20260801","A75CBAF883526AD3EE84C3467D5958568225690F4519303FD58E18D53699E9C9","rbv01_011B84DDF86961F6053ED2B20908582AF6425C6EFA13305F705F7C498093367C","1"
"record_balanced_original_rule","20260801","A7AEDB9ADAEC5EFA654038B3B350AC8BB9ABCF5A84785FA1FE635B6E2A1DDEDB","rbv01_011B84DDF86961F6053ED2B20908582AF6425C6EFA13305F705F7C498093367C","1"
"record_balanced_original_rule","20260801","A8250C60F6976A49EEFC3BE2A8017C21CE7A8777B0FA994CB4DEAF4B51A4CAB3","rbv01_0213C5737861DD256119EF44D45CD1CECAF08BA1B29FE2AD47F7CEE0237AF618","0"
"record_balanced_original_rule","20260801","A857D6C962A1BB8A30AA42EF52223204FE49A5FD357CDF3D30CD0CCC159F7782","rbv01_0213C5737861DD256119EF44D45CD1CECAF08BA1B29FE2AD47F7CEE0237AF618","0"
"record_balanced_original_rule","20260801","A85985AFD9787B9471DE1718399A26426312CB22045B5875B628AC7B1755E6E2","rbv01_021729FAD057771AC5A3F59730477FE06019418FF0104B829F6E153E2D91134D","3"
"record_balanced_original_rule","20260801","A8FB89FCBB715862E336B4554EF21B1C2C40EFBE0889EC4AE5DDC6270BD84D84","rbv01_021729FAD057771AC5A3F59730477FE06019418FF0104B829F6E153E2D91134D","3"
"record_balanced_original_rule","20260801","A900525F615C6EA901B005920CBB90465784D92E2C6FA6123B30963A6EBC557C","rbv01_0E9E0FC3E20BED0F32C5DF6A0164CCE77E206A06E5378ED855756B22A2C4F6E6","3"
"record_balanced_original_rule","20260801","A9FE8E8891E83371DB9900D5341EF1E7DD8BAF2C77E6838FDBD874A1196E3839","rbv01_01C322D9FB99669376EAE9C000289E1B0BF73B04313F3AF1BFE6D03B29E89068","4"
"record_balanced_original_rule","20260801","AA2168DCA96C9A68C56FB8DEE1273CF3453B6EED916BA3843C1AD4BEBD07DF89","rbv01_011B84DDF86961F6053ED2B20908582AF6425C6EFA13305F705F7C498093367C","1"
"record_balanced_original_rule","20260801","AA34DC06B546A5EBB289CA8683E31E711E577F368184C87AFBABD4E096978F0E","rbv01_0213C5737861DD256119EF44D45CD1CECAF08BA1B29FE2AD47F7CEE0237AF618","0"
"record_balanced_original_rule","20260801","AA715982F79C850C8196EB84DD84E8347AA8321A82031E1016D45BA6D2DAA2A3","rbv01_01C322D9FB99669376EAE9C000289E1B0BF73B04313F3AF1BFE6D03B29E89068","4"
"record_balanced_original_rule","20260801","AA8584CE275124EC11DDF0DE314B6EA9723B689214A0C1F0B246ADDE992F590A","rbv01_021729FAD057771AC5A3F59730477FE06019418FF0104B829F6E153E2D91134D","3"
"record_balanced_original_rule","20260801","AAC2A801563F3D58E4290EFB2E9CF97DADD187949955C9C6EEAB72D43F7B1147","rbv01_0213C5737861DD256119EF44D45CD1CECAF08BA1B29FE2AD47F7CEE0237AF618","0"
"record_balanced_original_rule","20260801","AADAE32213B79CEC5C017C126403033CD07288D85FD723A98A29874B774A99C1","rbv01_011B84DDF86961F6053ED2B20908582AF6425C6EFA13305F705F7C498093367C","1"
"record_balanced_original_rule","20260801","AB339D8E020767FCFF4474FAE669B20D7067C901F503EB50DEFD2CF4E69B33E6","rbv01_0213C5737861DD256119EF44D45CD1CECAF08BA1B29FE2AD47F7CEE0237AF618","0"
"record_balanced_original_rule","20260801","AB41398641C12C9408E69857A4C231D30D2A92962FD29AAE008D43DC9CADDA0E","rbv01_08EC8F274B3390CA9A557C1810F52FE38EAF9404CF035F8A1D70A5AAAFA3EA60","2"
"record_balanced_original_rule","20260801","AB52920C056BC3D626F45523B472C65C44FCA9DC9A623EA5457683E94132C1BC","rbv01_0213C5737861DD256119EF44D45CD1CECAF08BA1B29FE2AD47F7CEE0237AF618","0"
"record_balanced_original_rule","20260801","AB9017B74EDBA5356EFD2EC657C83D9D19B7ADA73C33B879061587D492AF1944","rbv01_011B84DDF86961F6053ED2B20908582AF6425C6EFA13305F705F7C498093367C","1"
"record_balanced_original_rule","20260801","ABB876EB13648B1298D139D4922374C58C19A4BDF29FDCE7D987BD3D3368992B","rbv01_01C322D9FB99669376EAE9C000289E1B0BF73B04313F3AF1BFE6D03B29E89068","4"
"record_balanced_original_rule","20260801","AC6FE594DD7ECB18A1B6E73786A79CB0FFFA5A656955D4AC61673767B15F9B9E","rbv01_021729FAD057771AC5A3F59730477FE06019418FF0104B829F6E153E2D91134D","3"
"record_balanced_original_rule","20260801","AC74F5EDBB316F0065CBBD7BACBFC9BA5698CC5DE0C466E34D85E3DD672994C4","rbv01_0213C5737861DD256119EF44D45CD1CECAF08BA1B29FE2AD47F7CEE0237AF618","0"
"record_balanced_original_rule","20260801","AC7E8AC1FBFB912D1FFFD4F44CCCB54CA00E3286DEC1FC355EA9713F7AE1ABF0","rbv01_0213C5737861DD256119EF44D45CD1CECAF08BA1B29FE2AD47F7CEE0237AF618","0"
"record_balanced_original_rule","20260801","AC96EDC92C16AE974D029E7C3EC79830377200F2AD647CB0839E57426654CC9D","rbv01_0213C5737861DD256119EF44D45CD1CECAF08BA1B29FE2AD47F7CEE0237AF618","0"
"record_balanced_original_rule","20260801","ACAB98F0C12CC6F991436AEB48A300F67A86445A6510BFF2C8E8768AA9C33BC4","rbv01_0213C5737861DD256119EF44D45CD1CECAF08BA1B29FE2AD47F7CEE0237AF618","0"
"record_balanced_original_rule","20260801","ACEBCF22CAEF9C9C02F0786C289750F766EFD28E1BFFD1F02B61CE569FE2E580","rbv01_011B84DDF86961F6053ED2B20908582AF6425C6EFA13305F705F7C498093367C","1"
"record_balanced_original_rule","20260801","AD7CD4A46FC4EE7DE1D8AB6389CF8611CDCC6BEACDA38C4B07156D5345D23070","rbv01_011B84DDF86961F6053ED2B20908582AF6425C6EFA13305F705F7C498093367C","1"
"record_balanced_original_rule","20260801","ADF32FABCAC2700D763411EB6FA3EFE78D894E5EA5E2F441B74E7F3C399A302C","rbv01_011B84DDF86961F6053ED2B20908582AF6425C6EFA13305F705F7C498093367C","1"
"record_balanced_original_rule","20260801","AE060FBBAB2E247C0B79C1F9B6565EAB1F4C889FEAA03B7B0BDABEEFB7FAEADC","rbv01_0213C5737861DD256119EF44D45CD1CECAF08BA1B29FE2AD47F7CEE0237AF618","0"
"record_balanced_original_rule","20260801","AE06FDB7F5581A7D50CB291B4BC504907018DBF91EEBFD748519E5114196B99B","rbv01_0213C5737861DD256119EF44D45CD1CECAF08BA1B29FE2AD47F7CEE0237AF618","0"
"record_balanced_original_rule","20260801","AE457019834DE2438EADCFDB7A45B3BA5F9FE533B0667F6E368E1FC3002435FE","rbv01_0DA9CA625518CEB3C5B20C7295004FB7CDC5BC108FF93282C63467286DA188EB","3"
"record_balanced_original_rule","20260801","AF0D75317982A0E738A58779CB4D71BA4C5D3CC26F032C2E6EFE98B3DC8C3EDB","rbv01_021729FAD057771AC5A3F59730477FE06019418FF0104B829F6E153E2D91134D","3"
"record_balanced_original_rule","20260801","AF33E009B8494A61158C95F0369ED1017797A678F3EF0CBF663BDB55E3BBE70B","rbv01_0213C5737861DD256119EF44D45CD1CECAF08BA1B29FE2AD47F7CEE0237AF618","0"
"record_balanced_original_rule","20260801","AFE2243B4A6313F75EC08783353D54521F9F38D6D7BC9AE0D75B0701E04C5F24","rbv01_054201B2ED3ADADFBB0028C07B1A262219631DC717FDE4862C42583AB67D10C2","1"
"record_balanced_original_rule","20260801","B06E21958CD4549AACE77E83D22C28877440A8AD0AF72D91EFE3AB4CC613C029","rbv01_01C322D9FB99669376EAE9C000289E1B0BF73B04313F3AF1BFE6D03B29E89068","4"
"record_balanced_original_rule","20260801","B145D46C6B0610141563B3D6BF4900725422A6057E0042E247C6780ECF90D4D7","rbv01_0213C5737861DD256119EF44D45CD1CECAF08BA1B29FE2AD47F7CEE0237AF618","0"
"record_balanced_original_rule","20260801","B1838BAC87D0C258143D1BD324B696E54E470ECF260D0E94EEE6A4C3646A8506","rbv01_0213C5737861DD256119EF44D45CD1CECAF08BA1B29FE2AD47F7CEE0237AF618","0"
"record_balanced_original_rule","20260801","B1EE7DBE14997AD832D2E3B1D15CD7117CD0BD7441A20C2D734153ECF8F03AA4","rbv01_01C322D9FB99669376EAE9C000289E1B0BF73B04313F3AF1BFE6D03B29E89068","4"
"record_balanced_original_rule","20260801","B200D86B8772A6CDABAA7D4FC509BEF8CE48F162F95F720A2D1CC39AE8ABDEAB","rbv01_0E9E0FC3E20BED0F32C5DF6A0164CCE77E206A06E5378ED855756B22A2C4F6E6","3"
"record_balanced_original_rule","20260801","B29953F7D4F0FA8CF6F15E29AB86FE99E389F8361C845BFC072A8D925C96ED7D","rbv01_054201B2ED3ADADFBB0028C07B1A262219631DC717FDE4862C42583AB67D10C2","1"
"record_balanced_original_rule","20260801","B2A91EA5E1E20CDD45E2A6DBD5221F4C2BCF3CEBB9C561698EE5E95C5382BA47","rbv01_011B84DDF86961F6053ED2B20908582AF6425C6EFA13305F705F7C498093367C","1"
"record_balanced_original_rule","20260801","B2CD5F47D035F19D6E0133B9749EAC1E83AB88C02CE3862A36E707B74BC4904C","rbv01_011B84DDF86961F6053ED2B20908582AF6425C6EFA13305F705F7C498093367C","1"
"record_balanced_original_rule","20260801","B348C9E6BEE2B307688E043EB498EBA86B6279660BAA6972D34F1611A092DB08","rbv01_011D932A057B34C28A553A7C900731E1D7B1E42FD9312A7495A3DF8ECA2AF3C9","3"
"record_balanced_original_rule","20260801","B3759A0C61400E55ACF97C46DD8E1338BC2E1D1BAF23760B330329772F508D56","rbv01_0A5AC21E5BA740588E2CBBCCF2F521223BEEC9FB27076F153A79601562B5DA7C","4"
"record_balanced_original_rule","20260801","B37AE0189199B24FD4C49D8EAFA64FAAC75B65B904402B44678B8D937FCE973A","rbv01_021729FAD057771AC5A3F59730477FE06019418FF0104B829F6E153E2D91134D","3"
"record_balanced_original_rule","20260801","B39F4EC3413F813DE60B2E85C96D8B1911D848DC8C7736BB3A3CB27B6F27F92E","rbv01_054201B2ED3ADADFBB0028C07B1A262219631DC717FDE4862C42583AB67D10C2","1"
"record_balanced_original_rule","20260801","B3CA2613D5C3FE50D6A832EFB117A99A0448C3350EE0535E440154F6EF143A8B","rbv01_011B84DDF86961F6053ED2B20908582AF6425C6EFA13305F705F7C498093367C","1"
"record_balanced_original_rule","20260801","B519ECCDF65739257F48A201228250169491DB87668182427D58C9969E0FF76B","rbv01_046276E5E1EC434CD47FE2E1D4137204B7C79D59E90B81B5BFE9A77BC6C0BB54","2"
"record_balanced_original_rule","20260801","B5741EADFFB6C447500186972531336C960E3B33523732AE2514BFE0FE5801DD","rbv01_011B84DDF86961F6053ED2B20908582AF6425C6EFA13305F705F7C498093367C","1"
"record_balanced_original_rule","20260801","B5C8942EDA8C11D378B5423AD08DA153434FE3FA13BD75E891D599BE6D0EE1A9","rbv01_76BCAA01B24B5B79F90CBEA55222EB028CC0DA3AC4CAD5CF5008C6EE1291E4FC","0"
"record_balanced_original_rule","20260801","B5F2C01FB2A7D3B67FE58B77FAE8319DB2F4745B234630C40F8D2807F1EA6BFD","rbv01_0C68AE2824568C19A46D2947C2D1EB95DFE6E72AF600B3275A62492DFFF69BF3","3"
"record_balanced_original_rule","20260801","B6EEDBC7569A107C2A6A8061EAB3FBDBF15FDDF94B81CE3FDF4CA5EC83431154","rbv01_011B84DDF86961F6053ED2B20908582AF6425C6EFA13305F705F7C498093367C","1"
"record_balanced_original_rule","20260801","B7EBC5F16557717928BFAA68B4AE69586AAA0B2C26F157F2614161FAAC407C7F","rbv01_2358EC0C12B602E4B7C5F9C580844910C6D49ACB512E9988307B46ECAFCD07F3","4"
"record_balanced_original_rule","20260801","B8100B810C31F4477DBAA22FF74BD4FEB089626D057AD5A5B625ADEB3FC58842","rbv01_2358EC0C12B602E4B7C5F9C580844910C6D49ACB512E9988307B46ECAFCD07F3","4"
"record_balanced_original_rule","20260801","B86659A0E2D9B5BA88BA985BE047EF9A47252D224C31573B33CF1A23BC22A03B","rbv01_08EC8F274B3390CA9A557C1810F52FE38EAF9404CF035F8A1D70A5AAAFA3EA60","2"
"record_balanced_original_rule","20260801","B868B875CC1AA88D1796EDF1F4B51F7D67F8EE095EBAE40D3AE5129225D8DFDF","rbv01_011B84DDF86961F6053ED2B20908582AF6425C6EFA13305F705F7C498093367C","1"
"record_balanced_original_rule","20260801","B8F019C4D99BE1379301DB1F13A7F76D968564E34A078592DF03119F4B70438A","rbv01_0213C5737861DD256119EF44D45CD1CECAF08BA1B29FE2AD47F7CEE0237AF618","0"
"record_balanced_original_rule","20260801","B93A04708485D4EC46BB9191716C5BC32A292BF37BA4FBB35BFB3F1AA95CFE9A","rbv01_1A2E259AFB28A34C9C6E003C355FAC70F5755F63B27530053ACE4BA8A31F3C72","4"
"record_balanced_original_rule","20260801","B94154C8899CFBEC4230E47BA20C4D8424D8473764034D77FC9D0A1EDA884548","rbv01_011B84DDF86961F6053ED2B20908582AF6425C6EFA13305F705F7C498093367C","1"
"record_balanced_original_rule","20260801","B94D8856A497C9A6DB9B4C2779EC59EB2691D760CAA26895730BE0BE602B40A8","rbv01_011B84DDF86961F6053ED2B20908582AF6425C6EFA13305F705F7C498093367C","1"
"record_balanced_original_rule","20260801","B9BD7EB4F5BD12D41795C4CE132116A980B7E7733D8B7165B7C3B2642F076E18","rbv01_0213C5737861DD256119EF44D45CD1CECAF08BA1B29FE2AD47F7CEE0237AF618","0"
"record_balanced_original_rule","20260801","B9BD9565C71BA9B0497C0941CFBC60B2B14BD87260FB308D63D43B4C0D637EDF","rbv01_011B84DDF86961F6053ED2B20908582AF6425C6EFA13305F705F7C498093367C","1"
"record_balanced_original_rule","20260801","B9D724760C86604BBB0864C4AA14987C209A32E35A60D266151B006A2E5008AE","rbv01_0E9E0FC3E20BED0F32C5DF6A0164CCE77E206A06E5378ED855756B22A2C4F6E6","3"
"record_balanced_original_rule","20260801","B9D9A2E1C4B4CD247E864EBD7E2812FDA455003AC283FE1B222F923FD58B19FC","rbv01_0213C5737861DD256119EF44D45CD1CECAF08BA1B29FE2AD47F7CEE0237AF618","0"
"record_balanced_original_rule","20260801","BA4F1B10819A8F9E97119CC5D7076594BC81BCB8B817E983D5377B0B84C40D41","rbv01_046276E5E1EC434CD47FE2E1D4137204B7C79D59E90B81B5BFE9A77BC6C0BB54","2"
"record_balanced_original_rule","20260801","BAA06761F485A4ABA9AE803C1E5945748AFA196FA102FB05F99C3BF5E2038016","rbv01_08EC8F274B3390CA9A557C1810F52FE38EAF9404CF035F8A1D70A5AAAFA3EA60","2"
"record_balanced_original_rule","20260801","BB53F7CAC1B5EFF06D4D271BEB7D4376A80ACFB147C128F3032AE94D703C27E6","rbv01_011B84DDF86961F6053ED2B20908582AF6425C6EFA13305F705F7C498093367C","1"
"record_balanced_original_rule","20260801","BB540B24F63759F19B2A8272AC569D12A6AADE54ADB3A9E9D53897FBFD4941BB","rbv01_0E9E0FC3E20BED0F32C5DF6A0164CCE77E206A06E5378ED855756B22A2C4F6E6","3"
"record_balanced_original_rule","20260801","BB79574A85B67E96D8D51BFFCE53004FC56EA9E7419BC27D155E73DB77300407","rbv01_011B84DDF86961F6053ED2B20908582AF6425C6EFA13305F705F7C498093367C","1"
"record_balanced_original_rule","20260801","BB7E305C33C5A679AB9A6E999CDB56EAC15AE4B74DC7DDD941093AE731C4592B","rbv01_011D932A057B34C28A553A7C900731E1D7B1E42FD9312A7495A3DF8ECA2AF3C9","3"
"record_balanced_original_rule","20260801","BB861A32BF81583BC93DCF9202EC1749E18A6B3F55BF3A8736329AB89A38B6E7","rbv01_011B84DDF86961F6053ED2B20908582AF6425C6EFA13305F705F7C498093367C","1"
"record_balanced_original_rule","20260801","BB9CA604639983710E38AF2634203CD47193835B57165344FC8077DDDB5D4FC5","rbv01_2358EC0C12B602E4B7C5F9C580844910C6D49ACB512E9988307B46ECAFCD07F3","4"
"record_balanced_original_rule","20260801","BBA485F1B43AE7780C35E46FC658849FC877F626FF3B0C114C5A25BD83C36800","rbv01_01C322D9FB99669376EAE9C000289E1B0BF73B04313F3AF1BFE6D03B29E89068","4"
"record_balanced_original_rule","20260801","BBB218297BA7A0CA2DCEB9981A9878288D21364396EF071F5F0938E446211BEB","rbv01_021729FAD057771AC5A3F59730477FE06019418FF0104B829F6E153E2D91134D","3"
"record_balanced_original_rule","20260801","BBF3D6E7C1884A3AE2175E051614292C2F30A4B609072AF20182038BAEC747FE","rbv01_054201B2ED3ADADFBB0028C07B1A262219631DC717FDE4862C42583AB67D10C2","1"
"record_balanced_original_rule","20260801","BC108F1A9D8E57900D11637C16F7EB73251D901E7C21452F3569F9BDB00F1D5A","rbv01_021729FAD057771AC5A3F59730477FE06019418FF0104B829F6E153E2D91134D","3"
"record_balanced_original_rule","20260801","BC17A649667C68A0D97BA413FA5CD94AADA0571F0648298DC32E2D81DF818289","rbv01_0213C5737861DD256119EF44D45CD1CECAF08BA1B29FE2AD47F7CEE0237AF618","0"
"record_balanced_original_rule","20260801","BC59AB749AF1DCD339D13991C02EA8906D3AD95744F19773A9A9F7CF9F9E1C27","rbv01_011B84DDF86961F6053ED2B20908582AF6425C6EFA13305F705F7C498093367C","1"
"record_balanced_original_rule","20260801","BCC2CD5F0D3647BBF209E6EB9A41289EEAD47E5D2823FB7348E594E67D9FDDF2","rbv01_011B84DDF86961F6053ED2B20908582AF6425C6EFA13305F705F7C498093367C","1"
"record_balanced_original_rule","20260801","BD0215C009B94F443FBB7C13314D0698576F1E924DD98C10D1BF6EA4EE2A5B27","rbv01_0213C5737861DD256119EF44D45CD1CECAF08BA1B29FE2AD47F7CEE0237AF618","0"
"record_balanced_original_rule","20260801","BDDE832A1AB36BBB98D1729FFE9D170B71D1C7855D714105EE36F49DAA5130C6","rbv01_011B84DDF86961F6053ED2B20908582AF6425C6EFA13305F705F7C498093367C","1"
"record_balanced_original_rule","20260801","BDEC379DE72E119131CCD9A28E283FF0DEB5D4EE1C8A8327467A365F1A8DC98D","rbv01_021729FAD057771AC5A3F59730477FE06019418FF0104B829F6E153E2D91134D","3"
"record_balanced_original_rule","20260801","BE1142D58C43A688F6B2D06F3F208781610B34DC0FE9EC96C2C95A721F86252D","rbv01_011B84DDF86961F6053ED2B20908582AF6425C6EFA13305F705F7C498093367C","1"
"record_balanced_original_rule","20260801","BE3CBACB270E7D8402567193A0B8DFE5B222A18115E5E051661A41E4C7224047","rbv01_011B84DDF86961F6053ED2B20908582AF6425C6EFA13305F705F7C498093367C","1"
"record_balanced_original_rule","20260801","BF13459ED4C51FC764B8D32D8DC7E945F652AB995DED7EC5BF054B273AB00E8F","rbv01_0213C5737861DD256119EF44D45CD1CECAF08BA1B29FE2AD47F7CEE0237AF618","0"
"record_balanced_original_rule","20260801","C099836BC703D927F83DDE65F456933C8F1A94EB40993699CAFA1089989225B7","rbv01_0213C5737861DD256119EF44D45CD1CECAF08BA1B29FE2AD47F7CEE0237AF618","0"
"record_balanced_original_rule","20260801","C18EA628946D04F2EC112F1CF72E8344E0DF3EB19712BA76CC7E85737851D2ED","rbv01_2358EC0C12B602E4B7C5F9C580844910C6D49ACB512E9988307B46ECAFCD07F3","4"
"record_balanced_original_rule","20260801","C1C2010C013730168967BCC65E0D421A7D28D6DC093D274B3BA75B67BB461EC4","rbv01_0213C5737861DD256119EF44D45CD1CECAF08BA1B29FE2AD47F7CEE0237AF618","0"
"record_balanced_original_rule","20260801","C1FF16F877F184D1345F0716C0D36A443D54121CA683A5AD4D7CE9A4C9C1FCEC","rbv01_0D49377FA046416BEACFBB00B72B25CF04B27FCDD1DFA22E7E8C3ECE070E08F2","0"
"record_balanced_original_rule","20260801","C2E9A284B53A07C539ABE6167C643B459414F42D225BFD9C0F63896281626D91","rbv01_011B84DDF86961F6053ED2B20908582AF6425C6EFA13305F705F7C498093367C","1"
"record_balanced_original_rule","20260801","C32126F322122558C66377512853B4D6C0B06A49B4EB41A226ECE9FE5C842AD5","rbv01_4C51CFDB4AF8C1E97EE68AD316E14EE38D69EBF9BC08EA86615CC9553C187FB5","3"
"record_balanced_original_rule","20260801","C3876C0DA76BBFAB3CA30CBF0637C93F1955CFFB510209097FF630AA52F4DC3B","rbv01_2358EC0C12B602E4B7C5F9C580844910C6D49ACB512E9988307B46ECAFCD07F3","4"
"record_balanced_original_rule","20260801","C3D2C97E3DEC0BB5D8D8B6EC626E169FF6F7DA7C040B266616CFE0B2DB64044C","rbv01_01C322D9FB99669376EAE9C000289E1B0BF73B04313F3AF1BFE6D03B29E89068","4"
"record_balanced_original_rule","20260801","C3ECC9037D31BE4431B6E41933FCC564AD88C94968C0E087B6F9B3A85284C6CD","rbv01_046276E5E1EC434CD47FE2E1D4137204B7C79D59E90B81B5BFE9A77BC6C0BB54","2"
"record_balanced_original_rule","20260801","C3F7A6E5E0532194F9147B8BF2A22ADF5B185E9769050D0E0514582D36228137","rbv01_2358EC0C12B602E4B7C5F9C580844910C6D49ACB512E9988307B46ECAFCD07F3","4"
"record_balanced_original_rule","20260801","C4213A6EAEB15B5790B4360F2B6E218D019741654D0FA832E9B6476A24B3E85E","rbv01_01C322D9FB99669376EAE9C000289E1B0BF73B04313F3AF1BFE6D03B29E89068","4"
"record_balanced_original_rule","20260801","C46B125AA6FD16BB09E22BB23A8D872A46AC0D526525EECF48BF1BE79095577C","rbv01_011B84DDF86961F6053ED2B20908582AF6425C6EFA13305F705F7C498093367C","1"
"record_balanced_original_rule","20260801","C470F8B4B10DA4148C4CED620968FE4401AEF4244CF79E0642EA2E50861D4C97","rbv01_011B84DDF86961F6053ED2B20908582AF6425C6EFA13305F705F7C498093367C","1"
"record_balanced_original_rule","20260801","C47896C9D53550EDF40D1485D2ECF809FA4C7AAF81443C7CCFCC4FF77C902BB5","rbv01_021729FAD057771AC5A3F59730477FE06019418FF0104B829F6E153E2D91134D","3"
"record_balanced_original_rule","20260801","C4FDE08E990972AB90E02DEA79BC4406F9953968511881C7BDBDD65720740145","rbv01_011B84DDF86961F6053ED2B20908582AF6425C6EFA13305F705F7C498093367C","1"
"record_balanced_original_rule","20260801","C4FE16D78D333D24B6FB9C7EB3A8D7225EC1450F10F57F828F917B0E2615AB09","rbv01_011B84DDF86961F6053ED2B20908582AF6425C6EFA13305F705F7C498093367C","1"
"record_balanced_original_rule","20260801","C5871DAE82ABAFA71A24BAF08810AD7ED5C7C3B840159CC274C83347FA18E6A3","rbv01_011B84DDF86961F6053ED2B20908582AF6425C6EFA13305F705F7C498093367C","1"
"record_balanced_original_rule","20260801","C5F4F742403A2ACBAEBC7DE5C0689EC7635EDBEEA05A3DF0A29E8C3D50B61649","rbv01_0E9E0FC3E20BED0F32C5DF6A0164CCE77E206A06E5378ED855756B22A2C4F6E6","3"
"record_balanced_original_rule","20260801","C658CE0CFA0E8FE9D350C38887123C4659BCD299DBC1AE54BA68F164D1B8565E","rbv01_011B84DDF86961F6053ED2B20908582AF6425C6EFA13305F705F7C498093367C","1"
"record_balanced_original_rule","20260801","C675997CF2F823E3D603A0B58900E01C299127F834AF36A33AEE14BA27C9BEF4","rbv01_08EC8F274B3390CA9A557C1810F52FE38EAF9404CF035F8A1D70A5AAAFA3EA60","2"
"record_balanced_original_rule","20260801","C67620705F70632039C8225E8A46C21289DA592650AE2A36F5A407BF00821BC5","rbv01_011B84DDF86961F6053ED2B20908582AF6425C6EFA13305F705F7C498093367C","1"
"record_balanced_original_rule","20260801","C69B53FF41F92A205289CD2EB49FEB1D531505793EF182D5A729A5228B96DB90","rbv01_0213C5737861DD256119EF44D45CD1CECAF08BA1B29FE2AD47F7CEE0237AF618","0"
"record_balanced_original_rule","20260801","C6E29CBAFA5E735C159B8EFDB288D586C0E356BAB7D1D065A9E2A2E813DABE6B","rbv01_0D49377FA046416BEACFBB00B72B25CF04B27FCDD1DFA22E7E8C3ECE070E08F2","0"
"record_balanced_original_rule","20260801","C77AD87E7C3B4C46DA55DB10181B23030C10090C3DE757E8D9FAA123FAA0F97F","rbv01_011D932A057B34C28A553A7C900731E1D7B1E42FD9312A7495A3DF8ECA2AF3C9","3"
"record_balanced_original_rule","20260801","C7A781BF9A1C3FE7A3DAF10DD9D274D10FB50389FA3D4EBDF39E7A1D958DF3D0","rbv01_0E9E0FC3E20BED0F32C5DF6A0164CCE77E206A06E5378ED855756B22A2C4F6E6","3"
"record_balanced_original_rule","20260801","C7B54BDF60C92518872D1C57AEF2D3C8BDCCB3F712ACB6DE17BAC8F2D99C0A47","rbv01_011B84DDF86961F6053ED2B20908582AF6425C6EFA13305F705F7C498093367C","1"
"record_balanced_original_rule","20260801","C83EC75B022C34D3F55812FD730977C1F2AE511752744CE19605D2E51B954C1B","rbv01_0213C5737861DD256119EF44D45CD1CECAF08BA1B29FE2AD47F7CEE0237AF618","0"
"record_balanced_original_rule","20260801","C8A1B03EB686F7C8CAD3B14667DB5DFC9A4AC5430412C154D0BBE7F1CE2592E8","rbv01_011B84DDF86961F6053ED2B20908582AF6425C6EFA13305F705F7C498093367C","1"
"record_balanced_original_rule","20260801","C91589BD71C2809B016880159E0213C30A24A69C983785D5D0638F17F89CB9B6","rbv01_2358EC0C12B602E4B7C5F9C580844910C6D49ACB512E9988307B46ECAFCD07F3","4"
"record_balanced_original_rule","20260801","CA11F7BF23531F30358FC7BF01CFE7D5D2D3E1DC583FBAA509D220816FD2138C","rbv01_0213C5737861DD256119EF44D45CD1CECAF08BA1B29FE2AD47F7CEE0237AF618","0"
"record_balanced_original_rule","20260801","CA26DFBEFDE496F1EA153FE5E11E545A17F7BA36189F57C309392DFFFB1A362D","rbv01_021729FAD057771AC5A3F59730477FE06019418FF0104B829F6E153E2D91134D","3"
"record_balanced_original_rule","20260801","CAC25E66C72FAE2F2EE200CAFF349DC8202EFBAA843AEAC6D57755BF8EC5C5DD","rbv01_011B84DDF86961F6053ED2B20908582AF6425C6EFA13305F705F7C498093367C","1"
"record_balanced_original_rule","20260801","CAF19075880F62FAF8048157A1028994F27E9E95B9AE0BE97F801FB910EE227E","rbv01_0213C5737861DD256119EF44D45CD1CECAF08BA1B29FE2AD47F7CEE0237AF618","0"
"record_balanced_original_rule","20260801","CB344079F12CE6E7854BEB1B12CFCFC69D87B06F60759FBB602561B0B8F2C5A8","rbv01_046276E5E1EC434CD47FE2E1D4137204B7C79D59E90B81B5BFE9A77BC6C0BB54","2"
"record_balanced_original_rule","20260801","CBB306D563AF1475DD70483341742AD46B3DC3BB5E7397FBBEE3E7AD38F09981","rbv01_0A5AC21E5BA740588E2CBBCCF2F521223BEEC9FB27076F153A79601562B5DA7C","4"
"record_balanced_original_rule","20260801","CC1FE8BECBFA48728DF9831D4A48B906A91F0CD3C655DD332A8ABACA1DD5AE91","rbv01_25A206590D1048D18147FD26B701861897281071258782AED6A00779FFF7210A","1"
"record_balanced_original_rule","20260801","CC6B6023F88A67BD99E41B1981B0AC1D92E796BCDD5AA2CF1A0B70FA4895FD44","rbv01_0213C5737861DD256119EF44D45CD1CECAF08BA1B29FE2AD47F7CEE0237AF618","0"
"record_balanced_original_rule","20260801","CC9102A2732EF11FC0913FA7085F6FAA505F4CF73C976CBA72EE8C20AB9CADE4","rbv01_011B84DDF86961F6053ED2B20908582AF6425C6EFA13305F705F7C498093367C","1"
"record_balanced_original_rule","20260801","CCE05234A4781635373B610B3FEA0BE4C5CA371189DC43BA6576E4CC4A270BC3","rbv01_0213C5737861DD256119EF44D45CD1CECAF08BA1B29FE2AD47F7CEE0237AF618","0"
"record_balanced_original_rule","20260801","CCE1CB2CFC3C13ACA42B9D516F04CFDC1B24CF2B52E868812152B2345EBE9B4F","rbv01_0213C5737861DD256119EF44D45CD1CECAF08BA1B29FE2AD47F7CEE0237AF618","0"
"record_balanced_original_rule","20260801","CD1B62181F83E387D8E24FF67CCBD8A1E11BA5AD8970337517DB9317DE2E4874","rbv01_0213C5737861DD256119EF44D45CD1CECAF08BA1B29FE2AD47F7CEE0237AF618","0"
"record_balanced_original_rule","20260801","CD1F3C4B685E71AC58B0775AC907F7CDC0AD44EE4C9534126D696279E361F90A","rbv01_011B84DDF86961F6053ED2B20908582AF6425C6EFA13305F705F7C498093367C","1"
"record_balanced_original_rule","20260801","CD7B0849E1C2E9264C494CA00C61B16DBB847BF2CBC3464624D4D11B54F94CEB","rbv01_011B84DDF86961F6053ED2B20908582AF6425C6EFA13305F705F7C498093367C","1"
"record_balanced_original_rule","20260801","CE2557F4248198F5922C14D08246E384A04862FB5CA317E6700868FC2E2537D0","rbv01_0D49377FA046416BEACFBB00B72B25CF04B27FCDD1DFA22E7E8C3ECE070E08F2","0"
"record_balanced_original_rule","20260801","CEA55450F2602D6717293450C4FB0AB0EBEFF0210F59AFAD6885903EE9A7435E","rbv01_011B84DDF86961F6053ED2B20908582AF6425C6EFA13305F705F7C498093367C","1"
"record_balanced_original_rule","20260801","CEE3D488D361FABD5E13DA86AF2CD985FD52ABB6A62DFCF520752F25F7F008C9","rbv01_054201B2ED3ADADFBB0028C07B1A262219631DC717FDE4862C42583AB67D10C2","1"
"record_balanced_original_rule","20260801","CF4F92F197F7B829D1B13CA0A83C1D47AEE882369E3021042EDB08014733FD5C","rbv01_01C322D9FB99669376EAE9C000289E1B0BF73B04313F3AF1BFE6D03B29E89068","4"
"record_balanced_original_rule","20260801","D0110E69D722C5EFB0A0F40F12E6D49EC6A0E1F8EE6390C488F17ABEC1D35C57","rbv01_0213C5737861DD256119EF44D45CD1CECAF08BA1B29FE2AD47F7CEE0237AF618","0"
"record_balanced_original_rule","20260801","D024D5C16CC82A40BF9565D31A5E5A630A32509DDDC0A0A825D16D41D02CA37F","rbv01_011B84DDF86961F6053ED2B20908582AF6425C6EFA13305F705F7C498093367C","1"
"record_balanced_original_rule","20260801","D0E71F868DED2D54488E37688EA0490F320A02635C336ED210E91ABE86AF92AE","rbv01_08EC8F274B3390CA9A557C1810F52FE38EAF9404CF035F8A1D70A5AAAFA3EA60","2"
"record_balanced_original_rule","20260801","D0F24AA6C7D25A6C15735F248E293D5000E67C9862550D33B2EDFA1FA92FDB97","rbv01_0213C5737861DD256119EF44D45CD1CECAF08BA1B29FE2AD47F7CEE0237AF618","0"
"record_balanced_original_rule","20260801","D11954EE94AD1EAA891628A01E2A50576FE4E22655EE2F3A6882EC88EB10FF00","rbv01_0213C5737861DD256119EF44D45CD1CECAF08BA1B29FE2AD47F7CEE0237AF618","0"
"record_balanced_original_rule","20260801","D13E13989D9D572066EC50B21645248CD70EAAA6E186F74861D10A25D20A42EB","rbv01_011D932A057B34C28A553A7C900731E1D7B1E42FD9312A7495A3DF8ECA2AF3C9","3"
"record_balanced_original_rule","20260801","D14F54F5B9E0A5B5051AC7757C4A76128E9D1B38536B9FD1A4503515CE2F79B1","rbv01_011B84DDF86961F6053ED2B20908582AF6425C6EFA13305F705F7C498093367C","1"
"record_balanced_original_rule","20260801","D168C7B7A6E6EC373F71A4F1F106D40E3FDBA8C5EB600636FF7735B230443759","rbv01_011D932A057B34C28A553A7C900731E1D7B1E42FD9312A7495A3DF8ECA2AF3C9","3"
"record_balanced_original_rule","20260801","D181DD2B3B5D070839CFD1D0138DAF7E441F398AAF45E287897478354BFADA2C","rbv01_011B84DDF86961F6053ED2B20908582AF6425C6EFA13305F705F7C498093367C","1"
"record_balanced_original_rule","20260801","D26A263DD301869FCB7372BB31B02E1D37D663506189161262612EF0D95476C0","rbv01_0E9E0FC3E20BED0F32C5DF6A0164CCE77E206A06E5378ED855756B22A2C4F6E6","3"
"record_balanced_original_rule","20260801","D273CBA99AF3CF030A0DC964E6B80B7372948948414C816F0BCB074D9D53AB5E","rbv01_01C322D9FB99669376EAE9C000289E1B0BF73B04313F3AF1BFE6D03B29E89068","4"
"record_balanced_original_rule","20260801","D274464C683058BF2EE2D703BF4D13DE275A630E86C5DAF6A2EE91E402982AB9","rbv01_011B84DDF86961F6053ED2B20908582AF6425C6EFA13305F705F7C498093367C","1"
"record_balanced_original_rule","20260801","D2C4965D162FAC423C91E7418E8F0B1FD9AB929C562C6AAB168762CA4B40DE35","rbv01_2358EC0C12B602E4B7C5F9C580844910C6D49ACB512E9988307B46ECAFCD07F3","4"
"record_balanced_original_rule","20260801","D2C523D15169AF68191B44D5F1216EE245DE3E82702C3CFA27CAB8F3E43771B2","rbv01_01C322D9FB99669376EAE9C000289E1B0BF73B04313F3AF1BFE6D03B29E89068","4"
"record_balanced_original_rule","20260801","D39A17E5B7FDF333F16D26D1E33355CAC56400A2EA00120507B19B9EE0D1108A","rbv01_021729FAD057771AC5A3F59730477FE06019418FF0104B829F6E153E2D91134D","3"
"record_balanced_original_rule","20260801","D3E50F0CB1BE63063A607D3C03CDC227FAB5D696E3373CEEB165A3FFF3391083","rbv01_021729FAD057771AC5A3F59730477FE06019418FF0104B829F6E153E2D91134D","3"
"record_balanced_original_rule","20260801","D42DEB898D8B5EEB119EA3C7E184A675194B9BFC68FF6714839C111E14A0C5A3","rbv01_011B84DDF86961F6053ED2B20908582AF6425C6EFA13305F705F7C498093367C","1"
"record_balanced_original_rule","20260801","D4BF6F5B5355EADE55788320E767CAF2D3F00C82DAAB6C0474C7E6BFF6E91BE6","rbv01_046276E5E1EC434CD47FE2E1D4137204B7C79D59E90B81B5BFE9A77BC6C0BB54","2"
"record_balanced_original_rule","20260801","D5856478D52086FDDC34BE189FE45DC90DF02788C7B2899AA8124E06E22949B2","rbv01_0213C5737861DD256119EF44D45CD1CECAF08BA1B29FE2AD47F7CEE0237AF618","0"
"record_balanced_original_rule","20260801","D58D8B9680E06B6A9787187D15517C4D341652FC9C1B422893906677A266C98B","rbv01_0E9E0FC3E20BED0F32C5DF6A0164CCE77E206A06E5378ED855756B22A2C4F6E6","3"
"record_balanced_original_rule","20260801","D5A9A7EACFF32F00C11CFC6EA88250E5CFBD4357E2DA02C05BDFA7C9AAC75203","rbv01_0213C5737861DD256119EF44D45CD1CECAF08BA1B29FE2AD47F7CEE0237AF618","0"
"record_balanced_original_rule","20260801","D5F0160DDF8B7E1A062DC48C97B1A64F621535F24B90F32B3FE6810D98396424","rbv01_0E9E0FC3E20BED0F32C5DF6A0164CCE77E206A06E5378ED855756B22A2C4F6E6","3"
"record_balanced_original_rule","20260801","D6D53E83661C5EE51D894096A3F6BF030633B9D90587642284A361D3145284D9","rbv01_011B84DDF86961F6053ED2B20908582AF6425C6EFA13305F705F7C498093367C","1"
"record_balanced_original_rule","20260801","D6E3F6648F41498A302BAAEA11B7A2BC6C44FC8C1A8DFE77D9602735B7D84643","rbv01_011B84DDF86961F6053ED2B20908582AF6425C6EFA13305F705F7C498093367C","1"
"record_balanced_original_rule","20260801","D756EBF38F58013435F3227F56D8314A2EB2F231E4710B689C0C1331A89392A9","rbv01_0213C5737861DD256119EF44D45CD1CECAF08BA1B29FE2AD47F7CEE0237AF618","0"
"record_balanced_original_rule","20260801","D809BA101F51162F3BAABB24C38428E67BC5802BEC2627C3E03AB55C6CD2438D","rbv01_0213C5737861DD256119EF44D45CD1CECAF08BA1B29FE2AD47F7CEE0237AF618","0"
"record_balanced_original_rule","20260801","D816DE8FCD28544DE0EBA1B895B4E45AD75BDBB87E245CA97712F9170AD8675D","rbv01_01C322D9FB99669376EAE9C000289E1B0BF73B04313F3AF1BFE6D03B29E89068","4"
"record_balanced_original_rule","20260801","D829A5E8A5761584469072433FCFF2F4EDF34A8883EA0A033682C169380F8DFC","rbv01_08EC8F274B3390CA9A557C1810F52FE38EAF9404CF035F8A1D70A5AAAFA3EA60","2"
"record_balanced_original_rule","20260801","D8309C0B23A7624AB1BA0F233B34A7591A55DFBFD071444A7D6223B72CDC514F","rbv01_046276E5E1EC434CD47FE2E1D4137204B7C79D59E90B81B5BFE9A77BC6C0BB54","2"
"record_balanced_original_rule","20260801","D8634956B97FCABE2E58A3B3EBE21AC3A6A89CBF49E1FE063079730368A680C1","rbv01_011D932A057B34C28A553A7C900731E1D7B1E42FD9312A7495A3DF8ECA2AF3C9","3"
"record_balanced_original_rule","20260801","D8AC1F08FAACB5E65C7142B0486DE27DE1AE9EF36D9B54DF3E4162E8DCF6A3E4","rbv01_011B84DDF86961F6053ED2B20908582AF6425C6EFA13305F705F7C498093367C","1"
"record_balanced_original_rule","20260801","D92E50FC1E2ADAB1E5545B26196DD3C1FB39B2CB02C5C938EEE1B8EA91EB8971","rbv01_011D932A057B34C28A553A7C900731E1D7B1E42FD9312A7495A3DF8ECA2AF3C9","3"
"record_balanced_original_rule","20260801","D964937E6BE96D9353F4DEDBDB96AA7014F842165DE5BBA754A582AA18EE9AA3","rbv01_0213C5737861DD256119EF44D45CD1CECAF08BA1B29FE2AD47F7CEE0237AF618","0"
"record_balanced_original_rule","20260801","D97FD3F690E2192D58AD9C63FB8F836769BF8D63D8E3DB5490F483A225F851E3","rbv01_147C763D2DD7A735DC5DA68C31ECD7579510C8C8494E1BBB99D46B386B713D84","4"
"record_balanced_original_rule","20260801","D9CB92E7DD2B1A28EB350206ACAFD189EFC0A24BF995072C35C7A59AD8C6D4F4","rbv01_0213C5737861DD256119EF44D45CD1CECAF08BA1B29FE2AD47F7CEE0237AF618","0"
"record_balanced_original_rule","20260801","DA28F4487632C33CB00C52E8821A93E99738BF9EF2CF5F5FD2BD5DACE2B32E75","rbv01_011B84DDF86961F6053ED2B20908582AF6425C6EFA13305F705F7C498093367C","1"
"record_balanced_original_rule","20260801","DA87D1B20C84BDAA4FEB81B8451277C6AF990112C968DC5D74C384C37336C144","rbv01_0213C5737861DD256119EF44D45CD1CECAF08BA1B29FE2AD47F7CEE0237AF618","0"
"record_balanced_original_rule","20260801","DA8C1B25FDF1EE64F11D446274300BDF5592F7B139059ACB887CB48B22085C10","rbv01_0E9E0FC3E20BED0F32C5DF6A0164CCE77E206A06E5378ED855756B22A2C4F6E6","3"
"record_balanced_original_rule","20260801","DAB191A79F3937CEF80CB10C8EDAD30AB819D7B7A1EC945ED97DEA121B2146E2","rbv01_0E9E0FC3E20BED0F32C5DF6A0164CCE77E206A06E5378ED855756B22A2C4F6E6","3"
"record_balanced_original_rule","20260801","DAC13FF5AD273AD8D227FE070BB68E34F3E91243CAA730D1F76645444FFB63BF","rbv01_0213C5737861DD256119EF44D45CD1CECAF08BA1B29FE2AD47F7CEE0237AF618","0"
"record_balanced_original_rule","20260801","DAEEACE4EBBEB18110C37FB754679517B1A7FE241F31A8E5668E2D6390379906","rbv01_011B84DDF86961F6053ED2B20908582AF6425C6EFA13305F705F7C498093367C","1"
"record_balanced_original_rule","20260801","DB0FDB40CB323EB001B1D91D69E5B617D9AE7C9214B8AC8F5351693C50C53615","rbv01_0213C5737861DD256119EF44D45CD1CECAF08BA1B29FE2AD47F7CEE0237AF618","0"
"record_balanced_original_rule","20260801","DB5CAF2F10E70591652983B0A9A674D5E1E0A6CAFCB99BAEE295AB1492D059AE","rbv01_2358EC0C12B602E4B7C5F9C580844910C6D49ACB512E9988307B46ECAFCD07F3","4"
"record_balanced_original_rule","20260801","DB6023577266D822EE30F61EBDAAE903E90873B5C7E6B878BC88B989B3743FD1","rbv01_0213C5737861DD256119EF44D45CD1CECAF08BA1B29FE2AD47F7CEE0237AF618","0"
"record_balanced_original_rule","20260801","DBA2A9C9D31BBDEE4AE615AEF05DF801FFDE8D783038511D8418A5C2E4CC3D95","rbv01_2358EC0C12B602E4B7C5F9C580844910C6D49ACB512E9988307B46ECAFCD07F3","4"
"record_balanced_original_rule","20260801","DBB57993260E834EEB15A6981BC9455910A500A218B017DC99086C49926EFC0F","rbv01_0213C5737861DD256119EF44D45CD1CECAF08BA1B29FE2AD47F7CEE0237AF618","0"
"record_balanced_original_rule","20260801","DBD36E2A9E31A331706778808DC745B01B0DBC84928ED659EB39552DB66DA217","rbv01_011B84DDF86961F6053ED2B20908582AF6425C6EFA13305F705F7C498093367C","1"
"record_balanced_original_rule","20260801","DBFD188359B33E344DD3575A7FEF9ACF1FE1390ADC5DEB18F272F2F5BDAA24ED","rbv01_0213C5737861DD256119EF44D45CD1CECAF08BA1B29FE2AD47F7CEE0237AF618","0"
"record_balanced_original_rule","20260801","DD08863B15193FDE15029C5261CACE0781A9916CCB5F23922150C5D4FE02F260","rbv01_0213C5737861DD256119EF44D45CD1CECAF08BA1B29FE2AD47F7CEE0237AF618","0"
"record_balanced_original_rule","20260801","DD237E2522897A78EE430D05C0E17F80DAB09F45409397155B2F4D6F0180BD38","rbv01_0E9E0FC3E20BED0F32C5DF6A0164CCE77E206A06E5378ED855756B22A2C4F6E6","3"
"record_balanced_original_rule","20260801","DD2B23F31F967DE66B35A226C6484F84D8C8B41422EFD1B367744CB15F6994A2","rbv01_011B84DDF86961F6053ED2B20908582AF6425C6EFA13305F705F7C498093367C","1"
"record_balanced_original_rule","20260801","DD43E02D5CA778418A9767334CB836741E66B9EDA031AABEF626981151956467","rbv01_0E9E0FC3E20BED0F32C5DF6A0164CCE77E206A06E5378ED855756B22A2C4F6E6","3"
"record_balanced_original_rule","20260801","DD77BDEE41FF5C34708DFDFC7BF2008446A368436BAE00A79365E4C128EA8115","rbv01_24E94D68923D29AEF856F56175B9FAD71A2143AB1D61B0C7F522B1582143C11A","2"
"record_balanced_original_rule","20260801","DD9C57CC0BAB03835D7B5AC7D53B279083E442C737B89715F25C16F8CF8F1062","rbv01_046276E5E1EC434CD47FE2E1D4137204B7C79D59E90B81B5BFE9A77BC6C0BB54","2"
"record_balanced_original_rule","20260801","DD9F868A6C11AA8C89B38F17D42235636C77D51D167C7E6AFA3730C56D7C3EDC","rbv01_0213C5737861DD256119EF44D45CD1CECAF08BA1B29FE2AD47F7CEE0237AF618","0"
"record_balanced_original_rule","20260801","DE1D8D245C904B68CE8DB1516D102D16665289744931A79E20BB0A19C281B686","rbv01_011B84DDF86961F6053ED2B20908582AF6425C6EFA13305F705F7C498093367C","1"
"record_balanced_original_rule","20260801","DE3FF391F564658A93C91EFAB17A175894DB6BD3F0556331B9BD27487F2182C0","rbv01_0213C5737861DD256119EF44D45CD1CECAF08BA1B29FE2AD47F7CEE0237AF618","0"
"record_balanced_original_rule","20260801","DE7E5E6899137CAE9A7B199C673ADA5A612E1CECA597A88314B667187065F2EF","rbv01_0213C5737861DD256119EF44D45CD1CECAF08BA1B29FE2AD47F7CEE0237AF618","0"
"record_balanced_original_rule","20260801","DE98A651F2CEC87FC16A85CB4A8B80AE87F912EAE31F37D6A85779DB84F16BAB","rbv01_1A2E259AFB28A34C9C6E003C355FAC70F5755F63B27530053ACE4BA8A31F3C72","4"
"record_balanced_original_rule","20260801","DF31E0615B70C788DF08D4776C884DAF966C77010327E24F6E56F6C14028749B","rbv01_046276E5E1EC434CD47FE2E1D4137204B7C79D59E90B81B5BFE9A77BC6C0BB54","2"
"record_balanced_original_rule","20260801","DF47C97CA253340A9C8F0B691ABBEB76888CAA31AC1A5B6F06316E765E8C723C","rbv01_021729FAD057771AC5A3F59730477FE06019418FF0104B829F6E153E2D91134D","3"
"record_balanced_original_rule","20260801","E05B384AA51098E63B9810C8BD7D222243A0FB3A4150AE91000A4CD1C1FCDF91","rbv01_0213C5737861DD256119EF44D45CD1CECAF08BA1B29FE2AD47F7CEE0237AF618","0"
"record_balanced_original_rule","20260801","E09E57623295975B73F78759CA10BA593AAA8CCFFF9747860916DFD6ED4EEAF1","rbv01_0C68AE2824568C19A46D2947C2D1EB95DFE6E72AF600B3275A62492DFFF69BF3","3"
"record_balanced_original_rule","20260801","E0CD3670928525AE106B3A06A885DD15FFDEEB9E442A6018F1D73685A2B3691D","rbv01_0213C5737861DD256119EF44D45CD1CECAF08BA1B29FE2AD47F7CEE0237AF618","0"
"record_balanced_original_rule","20260801","E212D9F79128ABBB96EDDFE468D758EC2D427AE831F5B6BCD7B5704593191D39","rbv01_011B84DDF86961F6053ED2B20908582AF6425C6EFA13305F705F7C498093367C","1"
"record_balanced_original_rule","20260801","E22A0AD26EC5BA655AB29225AF2AFF772CFB634720145D73A5F019FA5C631AEB","rbv01_011B84DDF86961F6053ED2B20908582AF6425C6EFA13305F705F7C498093367C","1"
"record_balanced_original_rule","20260801","E246B7CEABA27350D6B2CA1E4F0576FF64672859ECF9744F48BBD0F5BF91A1A5","rbv01_08EC8F274B3390CA9A557C1810F52FE38EAF9404CF035F8A1D70A5AAAFA3EA60","2"
"record_balanced_original_rule","20260801","E25170032897207B1D57B8514E9D800005F4BB30800E0E35C3D0215346D1A7D7","rbv01_0E9E0FC3E20BED0F32C5DF6A0164CCE77E206A06E5378ED855756B22A2C4F6E6","3"
"record_balanced_original_rule","20260801","E2CA78A0D54B2D21E7AED63C7DBB74EBA59843F56C20E28B03BBF2123A9393AA","rbv01_011B84DDF86961F6053ED2B20908582AF6425C6EFA13305F705F7C498093367C","1"
"record_balanced_original_rule","20260801","E359383FC1A17609E2FA8EE2F11DACBE69125625A6D74F830BD6719073F2B818","rbv01_3944733A0CAA861AE1BF7F69E83315DFE9AC8D1B7B910FB105834A8D8DA25040","1"
"record_balanced_original_rule","20260801","E36F6BE8491D1F802A89DD02BDFF97453211E5A8D6E05D550249FDD5C731CE4F","rbv01_011B84DDF86961F6053ED2B20908582AF6425C6EFA13305F705F7C498093367C","1"
"record_balanced_original_rule","20260801","E41FAE599EE5F8E24A25B1C83349FE69114C135F269932E570B90FCB7E0C2067","rbv01_2358EC0C12B602E4B7C5F9C580844910C6D49ACB512E9988307B46ECAFCD07F3","4"
"record_balanced_original_rule","20260801","E42CAD3DF4347CF86E39E6ACB7DB9CEA77E4BDFAF49C1929FD4E269016E868E3","rbv01_0213C5737861DD256119EF44D45CD1CECAF08BA1B29FE2AD47F7CEE0237AF618","0"
"record_balanced_original_rule","20260801","E451F3923EC19618AAF9955AA563AAB2168BD9782BB49DCF90BFB2071402A6F8","rbv01_0213C5737861DD256119EF44D45CD1CECAF08BA1B29FE2AD47F7CEE0237AF618","0"
"record_balanced_original_rule","20260801","E46DD288B55473137F64F755EC58FC90D4A061519DBBB27F6035515B542CB2D8","rbv01_0213C5737861DD256119EF44D45CD1CECAF08BA1B29FE2AD47F7CEE0237AF618","0"
"record_balanced_original_rule","20260801","E49323691B55FCB332DDAB0DA6B6E5DE29C81416064B2F0BA210067FE0BAC637","rbv01_021729FAD057771AC5A3F59730477FE06019418FF0104B829F6E153E2D91134D","3"
"record_balanced_original_rule","20260801","E4B56AC396D6047F5BBD1565C8D6818F58334D941EC5EB060A454DD96A17C4CB","rbv01_011B84DDF86961F6053ED2B20908582AF6425C6EFA13305F705F7C498093367C","1"
"record_balanced_original_rule","20260801","E4DB8A3060E5F8D3D98602DCFA684F69561C0EFA5E4A0E072DAE34184F3D35A4","rbv01_0213C5737861DD256119EF44D45CD1CECAF08BA1B29FE2AD47F7CEE0237AF618","0"
"record_balanced_original_rule","20260801","E521C231C9D763DF15BA4FEFE0A7C20B41AF6AC72FEBB9C63218D37B3E0071C0","rbv01_08EC8F274B3390CA9A557C1810F52FE38EAF9404CF035F8A1D70A5AAAFA3EA60","2"
"record_balanced_original_rule","20260801","E59F36CD18A8FDEF11D6C01D78BE7CB10B8E1495BB0D296A840FB29A8E5763A4","rbv01_0E9E0FC3E20BED0F32C5DF6A0164CCE77E206A06E5378ED855756B22A2C4F6E6","3"
"record_balanced_original_rule","20260801","E5E3891D7FB2DC9C566D9093F6E554EA58C01D97636B7CDB94AFC78C059F2032","rbv01_054201B2ED3ADADFBB0028C07B1A262219631DC717FDE4862C42583AB67D10C2","1"
"record_balanced_original_rule","20260801","E67B8C903A50C6CF124FCA8E4B7FC3CB99181BDB0B8A1E0BC550A90BE0C0C45E","rbv01_011B84DDF86961F6053ED2B20908582AF6425C6EFA13305F705F7C498093367C","1"
"record_balanced_original_rule","20260801","E67EF7B4DD462A33D35355EF7A3B8B1413801E90CF90CABEFA677A0E0630A89B","rbv01_1A2E259AFB28A34C9C6E003C355FAC70F5755F63B27530053ACE4BA8A31F3C72","4"
"record_balanced_original_rule","20260801","E69D195B4230DAB213A806B90B115D0D7B3968D14B4BAD7EB4B49FB15D950D35","rbv01_0DA9CA625518CEB3C5B20C7295004FB7CDC5BC108FF93282C63467286DA188EB","3"
"record_balanced_original_rule","20260801","E6DBF5237E90E59E4E6CD74FAB6724E4A33E94B3A100AE58EFC87F2BE93BB6E4","rbv01_2358EC0C12B602E4B7C5F9C580844910C6D49ACB512E9988307B46ECAFCD07F3","4"
"record_balanced_original_rule","20260801","E6F94AE5F02D685DECBDDC51F6B172CB4983966F7071806E9C0360047EDABB66","rbv01_08EC8F274B3390CA9A557C1810F52FE38EAF9404CF035F8A1D70A5AAAFA3EA60","2"
"record_balanced_original_rule","20260801","E729E263CDF3C7F543B6A3494DFA83EF957EC307AE57986DDA986B57DB0D91BB","rbv01_2358EC0C12B602E4B7C5F9C580844910C6D49ACB512E9988307B46ECAFCD07F3","4"
"record_balanced_original_rule","20260801","E76BF31B3CE6ED8BC178BD526D9A95DCD2CC48FCBD9ECD1D90EE39541DFF27A7","rbv01_011B84DDF86961F6053ED2B20908582AF6425C6EFA13305F705F7C498093367C","1"
"record_balanced_original_rule","20260801","E799598E768E10ADAFD31DC1D715EEF99376FECD6F35911799BD3970EF21E2A9","rbv01_0C68AE2824568C19A46D2947C2D1EB95DFE6E72AF600B3275A62492DFFF69BF3","3"
"record_balanced_original_rule","20260801","E79B26F30D235E537051B7412C1787AB5A29BC05CD4FD561E3D12C0659247041","rbv01_011B84DDF86961F6053ED2B20908582AF6425C6EFA13305F705F7C498093367C","1"
"record_balanced_original_rule","20260801","E7B8602606CC99C6CC616DB2C94A77210052458B2D91A5DC1A809DAF369F01F1","rbv01_011B84DDF86961F6053ED2B20908582AF6425C6EFA13305F705F7C498093367C","1"
"record_balanced_original_rule","20260801","E847CA3AA584CF46562C4C10D0A89CF1C89A16A42896F4FC74BA1CA1C5B78344","rbv01_011D932A057B34C28A553A7C900731E1D7B1E42FD9312A7495A3DF8ECA2AF3C9","3"
"record_balanced_original_rule","20260801","E849CE78D91B1766FEFD3FD7C6D99088CB84710ED932C712463811303A85095E","rbv01_021729FAD057771AC5A3F59730477FE06019418FF0104B829F6E153E2D91134D","3"
"record_balanced_original_rule","20260801","E8592CB96C2B3DEC8133ADD6E91CA773892E79E1DA43CE38BAD57634C99EAB5F","rbv01_011B84DDF86961F6053ED2B20908582AF6425C6EFA13305F705F7C498093367C","1"
"record_balanced_original_rule","20260801","E8F835A38BA16A59A738591A2E589BA63BFD707AD4E62E659FB82FC98E1172D3","rbv01_2358EC0C12B602E4B7C5F9C580844910C6D49ACB512E9988307B46ECAFCD07F3","4"
"record_balanced_original_rule","20260801","E907D01B340E5320A6505866BABF1382F2B0EFCEFB644780748158FF4EE73A43","rbv01_25A206590D1048D18147FD26B701861897281071258782AED6A00779FFF7210A","1"
"record_balanced_original_rule","20260801","E95AD3BB879ECB09299C1F8976ADCB63A2137E77E02FF300135252641AF0B52A","rbv01_0DA9CA625518CEB3C5B20C7295004FB7CDC5BC108FF93282C63467286DA188EB","3"
"record_balanced_original_rule","20260801","EACC6C6EFC26ADDCDB4F96FA097950C4623D9F2C764D217A0A52EB0AF77C11F6","rbv01_021729FAD057771AC5A3F59730477FE06019418FF0104B829F6E153E2D91134D","3"
"record_balanced_original_rule","20260801","EAD9C9CB1D434C72D4A78ED36BEA28F0724C014AD887E51E501DC55B5E096606","rbv01_021729FAD057771AC5A3F59730477FE06019418FF0104B829F6E153E2D91134D","3"
"record_balanced_original_rule","20260801","EAED8AB4DD40DD10F50904618EB7150748A849D2A3C166B92D3A9C25EA18E4E6","rbv01_011B84DDF86961F6053ED2B20908582AF6425C6EFA13305F705F7C498093367C","1"
"record_balanced_original_rule","20260801","EB3B7F5B9E7CC8B3E7467913F998E6CDEC3A0553C95B8A9A0D7517C7FCF2435F","rbv01_0213C5737861DD256119EF44D45CD1CECAF08BA1B29FE2AD47F7CEE0237AF618","0"
"record_balanced_original_rule","20260801","EB5E7CB4EF87D291D7C1438CAC1D5AEAE3596577CF3AD6BE61F08AC99D5C324A","rbv01_0213C5737861DD256119EF44D45CD1CECAF08BA1B29FE2AD47F7CEE0237AF618","0"
"record_balanced_original_rule","20260801","EBD1208A158A14AA0CA7A21B7118FFB8711F3F04724EBFC43831EABAD2BD13C5","rbv01_0213C5737861DD256119EF44D45CD1CECAF08BA1B29FE2AD47F7CEE0237AF618","0"
"record_balanced_original_rule","20260801","EBD5D6705380112DC6346FF9BDEDE4A025EED3D14B81AFB5EF6A2A1842B037DD","rbv01_2358EC0C12B602E4B7C5F9C580844910C6D49ACB512E9988307B46ECAFCD07F3","4"
"record_balanced_original_rule","20260801","EC79577A9CED78FB22E68C932AEF96309581B5A8E273078603682FFA65BD7145","rbv01_2358EC0C12B602E4B7C5F9C580844910C6D49ACB512E9988307B46ECAFCD07F3","4"
"record_balanced_original_rule","20260801","EC93F9802477F1BEDACB39C6F85AA5B33C4F62697E1ADEBDC3D827D38C8F7121","rbv01_0213C5737861DD256119EF44D45CD1CECAF08BA1B29FE2AD47F7CEE0237AF618","0"
"record_balanced_original_rule","20260801","ED66BFD0BB747981271D06AAE546808BE69333C8F415A36265D48FFAD84384AE","rbv01_011B84DDF86961F6053ED2B20908582AF6425C6EFA13305F705F7C498093367C","1"
"record_balanced_original_rule","20260801","EE7A338842F10D2231287B6A699031F5493F4CEB5065979861CF8ADEDD808AB0","rbv01_011B84DDF86961F6053ED2B20908582AF6425C6EFA13305F705F7C498093367C","1"
"record_balanced_original_rule","20260801","EEAB11C775E2BD0A870D095471D87325125D88852F5EC45FEE87D1A3930721D9","rbv01_0213C5737861DD256119EF44D45CD1CECAF08BA1B29FE2AD47F7CEE0237AF618","0"
"record_balanced_original_rule","20260801","EF88F779209314CEC12600A1072E25EF52D938EBEBE9EE2506B6A8D5C421FB5E","rbv01_011B84DDF86961F6053ED2B20908582AF6425C6EFA13305F705F7C498093367C","1"
"record_balanced_original_rule","20260801","F01685EE0EB19C0DD9646956D33BE38F229C81AA2E15FDBB91E8CC16F58FB720","rbv01_25865A5FDDFF4A9F27EC5C10E5442A5D79D45CFAD482750F086BB81DD1C607F9","2"
"record_balanced_original_rule","20260801","F03B193C3BE69EA6F64919BF1E7FB76EFCE302A4EB30F8C248A1832AD3B8C668","rbv01_08EC8F274B3390CA9A557C1810F52FE38EAF9404CF035F8A1D70A5AAAFA3EA60","2"
"record_balanced_original_rule","20260801","F0B2B002D6A8D0BBB0F782A25E86170FBB4170670B6C445AB43EABA2B635D550","rbv01_01C322D9FB99669376EAE9C000289E1B0BF73B04313F3AF1BFE6D03B29E89068","4"
"record_balanced_original_rule","20260801","F0CAC88291CEAE0BB01D0CF7A1DA85A0648AB4997C7B375BDE06A457EC53B2EA","rbv01_2358EC0C12B602E4B7C5F9C580844910C6D49ACB512E9988307B46ECAFCD07F3","4"
"record_balanced_original_rule","20260801","F0CAD1D19912CDF05DD3B7A440D109EFDBAB59229E8E18AB5CC3303C71A471CA","rbv01_011B84DDF86961F6053ED2B20908582AF6425C6EFA13305F705F7C498093367C","1"
"record_balanced_original_rule","20260801","F0DC85694294ACEBD7428FEA7C0261ECAA2539C511BA650A203BCDBBEF7FB4DC","rbv01_2358EC0C12B602E4B7C5F9C580844910C6D49ACB512E9988307B46ECAFCD07F3","4"
"record_balanced_original_rule","20260801","F11400F7F4FA7E0DED93B856E7450804ABBE797955B86343FA298EE405CF7204","rbv01_011D932A057B34C28A553A7C900731E1D7B1E42FD9312A7495A3DF8ECA2AF3C9","3"
"record_balanced_original_rule","20260801","F14CC222548E3305375C273EE2B72C2FCDEEA8A809C4CCEE2A399E0EB795B6EB","rbv01_011B84DDF86961F6053ED2B20908582AF6425C6EFA13305F705F7C498093367C","1"
"record_balanced_original_rule","20260801","F16C18FFAE8C822002C99716227E855DBAAD773A0A513CC851D39C5E481E473D","rbv01_2358EC0C12B602E4B7C5F9C580844910C6D49ACB512E9988307B46ECAFCD07F3","4"
"record_balanced_original_rule","20260801","F187AF7A43C17C67D1C7793135299E6DB0CDFCF1E647667C56F864D73C0BB201","rbv01_0213C5737861DD256119EF44D45CD1CECAF08BA1B29FE2AD47F7CEE0237AF618","0"
"record_balanced_original_rule","20260801","F295A4F51A74A27B6635093B8289BFF8675FE24FE25DBFA1A4A560E788F703C5","rbv01_0213C5737861DD256119EF44D45CD1CECAF08BA1B29FE2AD47F7CEE0237AF618","0"
"record_balanced_original_rule","20260801","F30EF3CB2921DBFA99702A66F2DEE1A3FA5A523754A66C3D77DD7FE92AD303B9","rbv01_011B84DDF86961F6053ED2B20908582AF6425C6EFA13305F705F7C498093367C","1"
"record_balanced_original_rule","20260801","F31311258B667003D4EDCE890972EF97DF4DFFD48319476991DE54DBB24C3ABF","rbv01_011B84DDF86961F6053ED2B20908582AF6425C6EFA13305F705F7C498093367C","1"
"record_balanced_original_rule","20260801","F377EFC88EA706578710A7532DCEEBCAD32E16B8273943E4064581AA68B3956A","rbv01_054201B2ED3ADADFBB0028C07B1A262219631DC717FDE4862C42583AB67D10C2","1"
"record_balanced_original_rule","20260801","F380C1D0F0BE41FB387A3673C899E3B17B7F7E14F60A5A00678C6D82E9890145","rbv01_2358EC0C12B602E4B7C5F9C580844910C6D49ACB512E9988307B46ECAFCD07F3","4"
"record_balanced_original_rule","20260801","F3E239B26E6C4E9B55AC237285042F1781DE27FACDFE22E9C5D457BE0ED720E1","rbv01_2358EC0C12B602E4B7C5F9C580844910C6D49ACB512E9988307B46ECAFCD07F3","4"
"record_balanced_original_rule","20260801","F430F9F661D17E82BB0DC3E1E046F632C96995394E004BC6187A2946A3CA4F65","rbv01_011B84DDF86961F6053ED2B20908582AF6425C6EFA13305F705F7C498093367C","1"
"record_balanced_original_rule","20260801","F44077F1BA2E3DEEFCB7542F47FE9A209E706C5D003B4FA060D51C7A2E6EA2A3","rbv01_021729FAD057771AC5A3F59730477FE06019418FF0104B829F6E153E2D91134D","3"
"record_balanced_original_rule","20260801","F457BAE664D63AC3B68FEC9CA67CC37D2FB49128FDA5966941E6A887C4BB41EE","rbv01_0213C5737861DD256119EF44D45CD1CECAF08BA1B29FE2AD47F7CEE0237AF618","0"
"record_balanced_original_rule","20260801","F49E9EB02EED5396F102904E0C01153B37693A90E749C404D5C9846200910D35","rbv01_021729FAD057771AC5A3F59730477FE06019418FF0104B829F6E153E2D91134D","3"
"record_balanced_original_rule","20260801","F4B0E02CEC2C0953AEF12ABC39DBBA3703D2903B55B1858787CA50AE75602F98","rbv01_0213C5737861DD256119EF44D45CD1CECAF08BA1B29FE2AD47F7CEE0237AF618","0"
"record_balanced_original_rule","20260801","F4BBD6ED0CE5EC5CEE9F8E3FEFA1D0D9FF86C85895F90BAEFD121A691F77495F","rbv01_021729FAD057771AC5A3F59730477FE06019418FF0104B829F6E153E2D91134D","3"
"record_balanced_original_rule","20260801","F4DA62C2584B1AD9DE0D1E0D6EBC0F71ABC8E47C7AB09FDC5FA4AF9E08D8B630","rbv01_011B84DDF86961F6053ED2B20908582AF6425C6EFA13305F705F7C498093367C","1"
"record_balanced_original_rule","20260801","F585779509DCFE6DBB066EE4E95A6A9E896DA92C286171D603A0ADDD6A39FAA9","rbv01_08EC8F274B3390CA9A557C1810F52FE38EAF9404CF035F8A1D70A5AAAFA3EA60","2"
"record_balanced_original_rule","20260801","F58A8AE9CB7DB7D22742C331C0FD6DA354EAD7072546F39B52C60A459CA03986","rbv01_0E9E0FC3E20BED0F32C5DF6A0164CCE77E206A06E5378ED855756B22A2C4F6E6","3"
"record_balanced_original_rule","20260801","F5A014D4F687B1729446CE99069C929ECCAFB33B445AD84188CB70E6A04E70D3","rbv01_2358EC0C12B602E4B7C5F9C580844910C6D49ACB512E9988307B46ECAFCD07F3","4"
"record_balanced_original_rule","20260801","F6F5619534ACCD143842C5D6D0954030D10BBAA372DCCDB686C1BCD6BE991AD0","rbv01_25865A5FDDFF4A9F27EC5C10E5442A5D79D45CFAD482750F086BB81DD1C607F9","2"
"record_balanced_original_rule","20260801","F709BCA568A8B479D1087066441C6C5E49BDE0FBAFAB4E4B85015284AA52F5A0","rbv01_011B84DDF86961F6053ED2B20908582AF6425C6EFA13305F705F7C498093367C","1"
"record_balanced_original_rule","20260801","F70E24E2CB23AC54AD78A5AEAE85811520F847B43A980259BF9F5ECF47CC6F1B","rbv01_2358EC0C12B602E4B7C5F9C580844910C6D49ACB512E9988307B46ECAFCD07F3","4"
"record_balanced_original_rule","20260801","F740D0B53A6EC0ABAE92AF2B982DFC66B74AE55745D1F842889E7BA0149D8456","rbv01_0213C5737861DD256119EF44D45CD1CECAF08BA1B29FE2AD47F7CEE0237AF618","0"
"record_balanced_original_rule","20260801","F74B8BBB48804FE6A03FDB4A8565A5D73A3E2F636CEB8BC92988F3BEE90FEFE5","rbv01_046276E5E1EC434CD47FE2E1D4137204B7C79D59E90B81B5BFE9A77BC6C0BB54","2"
"record_balanced_original_rule","20260801","F78D4892F33EA3D77BF3C44AE98AB5A6B46F842FF55F130B07FE40788BBC7FC8","rbv01_0213C5737861DD256119EF44D45CD1CECAF08BA1B29FE2AD47F7CEE0237AF618","0"
"record_balanced_original_rule","20260801","F7B5DA08731CF10F7D2792354A55B0DE6F6A339192ADFC0A154C3B2956391A55","rbv01_054201B2ED3ADADFBB0028C07B1A262219631DC717FDE4862C42583AB67D10C2","1"
"record_balanced_original_rule","20260801","F84EEB82887882FC4BA964AEEAC0BACFDD8513433A8B7A7299E24ED61C232891","rbv01_2358EC0C12B602E4B7C5F9C580844910C6D49ACB512E9988307B46ECAFCD07F3","4"
"record_balanced_original_rule","20260801","F88640F5DCBD5D3A26A26BF6EEC6585F9D3A1993E4930A0DB40108959A0C82A2","rbv01_011B84DDF86961F6053ED2B20908582AF6425C6EFA13305F705F7C498093367C","1"
"record_balanced_original_rule","20260801","F8FAEB030F071884D0A649C8B108B8D3A23562183B65542520CFBA7AF197ACAC","rbv01_0E9E0FC3E20BED0F32C5DF6A0164CCE77E206A06E5378ED855756B22A2C4F6E6","3"
"record_balanced_original_rule","20260801","F9167BA4685385948265C3731DF67DF9467583BB00A7CE933D762D797333E176","rbv01_046276E5E1EC434CD47FE2E1D4137204B7C79D59E90B81B5BFE9A77BC6C0BB54","2"
"record_balanced_original_rule","20260801","F91EF2F1BD8F6CDAD0CF2E8D9DB599DBE47CE4BEB456463390D50C3A4FBD0B4B","rbv01_021729FAD057771AC5A3F59730477FE06019418FF0104B829F6E153E2D91134D","3"
"record_balanced_original_rule","20260801","F97E52A1E4556D07496985B3751E448187EEFD8F0453F65F30D7FAABEE2BAC3F","rbv01_011B84DDF86961F6053ED2B20908582AF6425C6EFA13305F705F7C498093367C","1"
"record_balanced_original_rule","20260801","F9C035AA109B2016912A10547344C6DFD1DC126587947383C4DA9DC73869B667","rbv01_0213C5737861DD256119EF44D45CD1CECAF08BA1B29FE2AD47F7CEE0237AF618","0"
"record_balanced_original_rule","20260801","FA1CC46F67C819BE723E7F223F7690E4209B11AFCD15729CDC71001ADE61CF33","rbv01_011B84DDF86961F6053ED2B20908582AF6425C6EFA13305F705F7C498093367C","1"
"record_balanced_original_rule","20260801","FB6339F8EA2586473CC51D79E47812F268DF7A1AC07C811FB102F341C8B8D43F","rbv01_0213C5737861DD256119EF44D45CD1CECAF08BA1B29FE2AD47F7CEE0237AF618","0"
"record_balanced_original_rule","20260801","FBF06F11A5D12FFD9C385CE277EAB6552559F0601AAA95FC5FD32F236FE74AB1","rbv01_0213C5737861DD256119EF44D45CD1CECAF08BA1B29FE2AD47F7CEE0237AF618","0"
"record_balanced_original_rule","20260801","FC3F636B8D198EA4C66A891839DED57390277B3F380DDFB5EA77560EFBB1BD12","rbv01_011B84DDF86961F6053ED2B20908582AF6425C6EFA13305F705F7C498093367C","1"
"record_balanced_original_rule","20260801","FCA6CA0763A713AEAA8D64BD0FDF68D64278BE9768B70DDD85DEA98CB882DA3A","rbv01_011B84DDF86961F6053ED2B20908582AF6425C6EFA13305F705F7C498093367C","1"
"record_balanced_original_rule","20260801","FD02C6E1A151E899A82BD383E68F0C57535147BBAD1BD003B076FC91C6DE2F1D","rbv01_0213C5737861DD256119EF44D45CD1CECAF08BA1B29FE2AD47F7CEE0237AF618","0"
"record_balanced_original_rule","20260801","FD2A67DB5DBFCE1119ED6DA8AAA7080AEC87BA71DD667D34900C9EA1F8717A94","rbv01_011B84DDF86961F6053ED2B20908582AF6425C6EFA13305F705F7C498093367C","1"
"record_balanced_original_rule","20260801","FDC4A1724EF8C8310B38F1DDEA1830C32D52BBDCA16ED19B3DFD7B886D426393","rbv01_011B84DDF86961F6053ED2B20908582AF6425C6EFA13305F705F7C498093367C","1"
"record_balanced_original_rule","20260801","FE7E457D1FA1B92F5EB71CE3093E1AFEB7F05966F0A10FC4A6117935D0D38277","rbv01_2358EC0C12B602E4B7C5F9C580844910C6D49ACB512E9988307B46ECAFCD07F3","4"
"record_balanced_original_rule","20260801","FF46ACB35DE2EBD6070C33FD19C74B0C1C7DFCE72F99C941F8CBA4014383507C","rbv01_2358EC0C12B602E4B7C5F9C580844910C6D49ACB512E9988307B46ECAFCD07F3","4"
"record_balanced_original_rule","20260801","FF7F0D5F0DF2E16DD4F9E8664948BC0DAB0D56755C6CFEC5B9E8ADC917E519EC","rbv01_0213C5737861DD256119EF44D45CD1CECAF08BA1B29FE2AD47F7CEE0237AF618","0"
"record_balanced_original_rule","20260801","FF9369ACF81A4151507DE6E6C19F1FFBAE2DD4A1B7E4814C1510605772392A03","rbv01_0213C5737861DD256119EF44D45CD1CECAF08BA1B29FE2AD47F7CEE0237AF618","0"
"record_balanced_original_rule","20260801","FFCBAA39118035145336D605EDCD6D8C0473CF8322314073B3C1237AC0DBC040","rbv01_054201B2ED3ADADFBB0028C07B1A262219631DC717FDE4862C42583AB67D10C2","1"
"record_balanced_original_rule","20260801","FFE63753BF3015A508A3F98FBE19E5EB31E85A995E234A9C4E4F36D7C522CA6F","rbv01_011B84DDF86961F6053ED2B20908582AF6425C6EFA13305F705F7C498093367C","1"
